name,bigquery_type,description,description_pt,description_en,description_es,temporal_coverage,covered_by_dictionary,directory_column,measurement_unit,has_sensitive_data,observations,observations_pt,observations_en,observations_es,original_name
ano,INT64,Año de relevamiento,Ano do levantamento,Survey year,Año de relevamiento,,no,br_bd_diretorios_data_tempo.ano:ano,year,no,Columna de particion. Nombre en la fuente: ANO4,Coluna de particao. Nome na fonte: ANO4,Partition column. Name in the source: ANO4,Columna de particion. Nombre en la fuente: ANO4,ANO4
trimestre,INT64,Número de trimestre,Numero do trimestre,Quarter number,Número de trimestre,,no,br_bd_diretorios_data_tempo.trimestre:trimestre,quarter,no,Columna de particion,Coluna de particao,Partition column,Columna de particion,TRIMESTRE
id_vivienda,STRING,Código para distinguir viviendas,Codigo para distinguir moradias,Code distinguishing dwellings,Código para distinguir viviendas,,no,,,no,"Identificador de vivienda. Cambia de formato en 2016: hasta 2015 Q2 es un numero de 6 digitos y desde 2016 Q2 una cadena alfanumerica de 29 caracteres, por lo que no permite seguir una vivienda a traves de ese corte. Nombre en la fuente: CODUSU","Identificador de domicilio. Muda de formato em 2016: ate 2015 T2 e um numero de 6 digitos e desde 2016 T2 uma cadeia alfanumerica de 29 caracteres, por isso nao permite seguir um domicilio atraves desse corte. Nome na fonte: CODUSU","Dwelling identifier. It changes format in 2016: up to 2015 Q2 it is a 6-digit number and from 2016 Q2 a 29-character alphanumeric string, so it cannot follow a dwelling across that break. Name in the source: CODUSU","Identificador de vivienda. Cambia de formato en 2016: hasta 2015 Q2 es un numero de 6 digitos y desde 2016 Q2 una cadena alfanumerica de 29 caracteres, por lo que no permite seguir una vivienda a traves de ese corte. Nombre en la fuente: CODUSU",CODUSU
nro_hogar,STRING,Código para distinguir hogares,Codigo para distinguir domicilios,Code distinguishing households,Código para distinguir hogares,,no,,,no,,,,,NRO_HOGAR
componente,STRING,Número de componente,Numero do componente,Member number,Número de componente,,yes,,,no,,,,,COMPONENTE
id_region,STRING,Código de Región,Codigo de regiao,Region code,Código de Región,,yes,,,no,Nombre en la fuente: REGION,Nome na fonte: REGION,Name in the source: REGION,Nombre en la fuente: REGION,REGION
id_aglomerado,STRING,Aglomerado,Aglomerado urbano,Urban agglomerate,Aglomerado,,yes,,,no,Nombre en la fuente: AGLOMERADO,Nome na fonte: AGLOMERADO,Name in the source: AGLOMERADO,Nombre en la fuente: AGLOMERADO,AGLOMERADO
mas_500,STRING,Aglomerados según tamaño,Aglomerados por tamanho,Agglomerates by size,Aglomerados según tamaño,,yes,,,no,"La fuente usa 'S' y, segun la onda, 'N' o 'NO' para el mismo valor negativo; se preservan los codigos originales","A fonte usa 'S' e, conforme a onda, 'N' ou 'NO' para o mesmo valor negativo; os codigos originais sao preservados","The source uses 'S' and, depending on the wave, either 'N' or 'NO' for the same negative value; the original codes are preserved","La fuente usa 'S' y, segun la onda, 'N' o 'NO' para el mismo valor negativo; se preservan los codigos originales",MAS_500
pondera,INT64,Ponderación,Ponderacao,Sampling weight,Ponderación,,no,,,no,"Ponderador muestral adimensional, por lo que no lleva unidad de medida. Debe usarse en todo calculo de agregados poblacionales","Ponderador amostral adimensional, por isso nao leva unidade de medida. Deve ser usado em todo calculo de agregados populacionais","Dimensionless sampling weight, which is why it carries no measurement unit. It must be used in any population aggregate","Ponderador muestral adimensional, por lo que no lleva unidad de medida. Debe usarse en todo calculo de agregados poblacionales",PONDERA
pondiio,INT64,Ponderador del ingreso de la ocupación principal (ver Anexo I),Ponderador do rendimento da ocupacao principal (ver Anexo I),Weight for main-occupation income (see Annex I),Ponderador del ingreso de la ocupación principal (ver Anexo I),2016-02(3)2026-01,no,,,no,"Ponderador muestral adimensional, por lo que no lleva unidad de medida. Debe usarse en todo calculo de agregados poblacionales. Presente en 40 de 87 ondas (2016Q2 a 2026Q1). Descripcion tomada del diseno de registros de INDEC; las bases TXT no traen etiquetas de variable","Ponderador amostral adimensional, por isso nao leva unidade de medida. Deve ser usado em todo calculo de agregados populacionais. Presente em 40 de 87 ondas (2016Q2 a 2026Q1). Descricao tomada do desenho de registros do INDEC; as bases TXT nao trazem etiquetas de variavel","Dimensionless sampling weight, which is why it carries no measurement unit. It must be used in any population aggregate. Present in 40 of 87 waves (2016Q2 to 2026Q1). Description taken from INDEC's record layout; the TXT releases carry no variable labels","Ponderador muestral adimensional, por lo que no lleva unidad de medida. Debe usarse en todo calculo de agregados poblacionales. Presente en 40 de 87 ondas (2016Q2 a 2026Q1). Descripcion tomada del diseno de registros de INDEC; las bases TXT no traen etiquetas de variable",PONDIIO
pondii,INT64,Ponderador para ingreso total individual (ver Anexo I),Ponderador para o rendimento total individual (ver Anexo I),Weight for total individual income (see Annex I),Ponderador para ingreso total individual (ver Anexo I),2016-02(3)2026-01,no,,,no,"Ponderador muestral adimensional, por lo que no lleva unidad de medida. Debe usarse en todo calculo de agregados poblacionales. Presente en 40 de 87 ondas (2016Q2 a 2026Q1). Descripcion tomada del diseno de registros de INDEC; las bases TXT no traen etiquetas de variable","Ponderador amostral adimensional, por isso nao leva unidade de medida. Deve ser usado em todo calculo de agregados populacionais. Presente em 40 de 87 ondas (2016Q2 a 2026Q1). Descricao tomada do desenho de registros do INDEC; as bases TXT nao trazem etiquetas de variavel","Dimensionless sampling weight, which is why it carries no measurement unit. It must be used in any population aggregate. Present in 40 of 87 waves (2016Q2 to 2026Q1). Description taken from INDEC's record layout; the TXT releases carry no variable labels","Ponderador muestral adimensional, por lo que no lleva unidad de medida. Debe usarse en todo calculo de agregados poblacionales. Presente en 40 de 87 ondas (2016Q2 a 2026Q1). Descripcion tomada del diseno de registros de INDEC; las bases TXT no traen etiquetas de variable",PONDII
pondih,INT64,"Ponderador del ingreso total familiar y del ingreso per cápita familiar, para hogares (ver Anexo I)","Ponderador do rendimento total familiar e do rendimento per capita familiar, para domicilios (ver Anexo I)","Weight for total family income and per capita family income, for households (see Annex I)","Ponderador del ingreso total familiar y del ingreso per cápita familiar, para hogares (ver Anexo I)",2016-02(3)2026-01,no,,,no,"Ponderador muestral adimensional, por lo que no lleva unidad de medida. Debe usarse en todo calculo de agregados poblacionales. Presente en 40 de 87 ondas (2016Q2 a 2026Q1). Descripcion tomada del diseno de registros de INDEC; las bases TXT no traen etiquetas de variable","Ponderador amostral adimensional, por isso nao leva unidade de medida. Deve ser usado em todo calculo de agregados populacionais. Presente em 40 de 87 ondas (2016Q2 a 2026Q1). Descricao tomada do desenho de registros do INDEC; as bases TXT nao trazem etiquetas de variavel","Dimensionless sampling weight, which is why it carries no measurement unit. It must be used in any population aggregate. Present in 40 of 87 waves (2016Q2 to 2026Q1). Description taken from INDEC's record layout; the TXT releases carry no variable labels","Ponderador muestral adimensional, por lo que no lleva unidad de medida. Debe usarse en todo calculo de agregados poblacionales. Presente en 40 de 87 ondas (2016Q2 a 2026Q1). Descripcion tomada del diseno de registros de INDEC; las bases TXT no traen etiquetas de variable",PONDIH
h15,STRING,Entrevista individual realizada,Entrevista individual realizada,Individual interview completed,Entrevista individual realizada,,yes,,,no,,,,,H15
ch03,STRING,Relación de parentesco,Relacao de parentesco,Relationship to the household head,Relación de parentesco,,yes,,,no,,,,,CH03
ch04,STRING,Sexo,Sexo,Sex,Sexo,,yes,,,no,,,,,CH04
ch06,INT64,Edad en años cumplidos,Idade em anos completos,Age in completed years,Edad en años cumplidos,,no,,year,no,El valor -1 identifica a las personas menores de un anio; el 99 corresponde a Ns./Nr.,O valor -1 identifica as pessoas menores de um ano; o 99 corresponde a Ns./Nr.,The value -1 marks people under one year old; 99 means no answer,El valor -1 identifica a las personas menores de un anio; el 99 corresponde a Ns./Nr.,CH06
ch07,STRING,Situación conyugal,Situacao conjugal,Marital status,Situación conyugal,,yes,,,no,,,,,CH07
ch08,STRING,Tipo de cobertura médica,Tipo de cobertura medica,Type of health coverage,Tipo de cobertura médica,,yes,,,no,,,,,CH08
ch09,STRING,¿Sabe leer y escribir?,Sabe ler e escrever?,Can they read and write?,¿Sabe leer y escribir?,,yes,,,no,,,,,CH09
ch10,STRING,¿Asiste o asistió a algún establecimiento educativo?,Frequenta ou frequentou algum estabelecimento de ensino?,"Do they attend, or did they attend, an educational establishment?",¿Asiste o asistió a algún establecimiento educativo?,,yes,,,no,,,,,CH10
ch11,STRING,Ese establecimiento es,Esse estabelecimento e,That establishment is,Ese establecimiento es,,yes,,,no,,,,,CH11
ch12,STRING,¿Cuál es el nivel más alto que cursa o cursó?,Qual e o nivel mais alto que cursa ou cursou?,What is the highest level they are attending or attended?,¿Cuál es el nivel más alto que cursa o cursó?,,yes,,,no,,,,,CH12
ch13,STRING,¿Finalizó ese nivel?,Concluiu esse nivel?,Did they complete that level?,¿Finalizó ese nivel?,,yes,,,no,,,,,CH13
ch14,STRING,¿Cuál fue el último año que aprobó?,Qual foi o ultimo ano que concluiu?,What was the last year they passed?,¿Cuál fue el último año que aprobó?,,yes,,,no,,,,,CH14
ch15,STRING,¿Dónde nació?,Onde nasceu?,Where were they born?,¿Dónde nació?,,yes,,,no,,,,,CH15
ch15_cod,STRING,Lugar de nacimiento. Código,Local de nascimento. Codigo,Place of birth. Code,Lugar de nacimiento. Código,,no,,,no,"Codigo que se resuelve contra el codigo de lugar de nacimiento (provincia o pais) de INDEC, no contra la tabla dicionario de este conjunto. Atencion: la codificacion cambia entre ondas. Las tres ondas de 2016 (2016 Q2 a 2016 Q4) usan abreviaturas de tres letras, con mayusculas y minusculas mezcladas, mientras que el resto de la serie usa los codigos numericos de provincia y pais de INDEC. Se preservan los valores originales, por lo que comparar esas tres ondas con el resto exige una tabla de equivalencias","Codigo que se resolve contra o codigo de local de nascimento (provincia ou pais) do INDEC, nao contra a tabela dicionario deste conjunto. Atencao: a codificacao muda entre ondas. As tres ondas de 2016 (2016 T2 a 2016 T4) usam abreviaturas de tres letras, com maiusculas e minusculas misturadas, enquanto o resto da serie usa os codigos numericos de provincia e pais do INDEC. Os valores originais sao preservados, portanto comparar essas tres ondas com o resto exige uma tabela de equivalencias","A code resolved against INDEC's place-of-birth code (province or country), not against this dataset's dicionario table. Note that the encoding changes across waves. The three 2016 waves (2016 Q2 to 2016 Q4) use three-letter abbreviations in mixed case, while the rest of the series uses INDEC's numeric province and country codes. The original values are preserved, so comparing those three waves with the rest requires a crosswalk","Codigo que se resuelve contra el codigo de lugar de nacimiento (provincia o pais) de INDEC, no contra la tabla dicionario de este conjunto. Atencion: la codificacion cambia entre ondas. Las tres ondas de 2016 (2016 Q2 a 2016 Q4) usan abreviaturas de tres letras, con mayusculas y minusculas mezcladas, mientras que el resto de la serie usa los codigos numericos de provincia y pais de INDEC. Se preservan los valores originales, por lo que comparar esas tres ondas con el resto exige una tabla de equivalencias",CH15_COD
ch16,STRING,¿Dónde vivía hace 5 años?,Onde morava ha 5 anos?,Where were they living 5 years ago?,¿Dónde vivía hace 5 años?,,yes,,,no,,,,,CH16
ch16_cod,STRING,Residencia anterior. Código,Residencia anterior. Codigo,Previous residence. Code,Residencia anterior. Código,,no,,,no,"Codigo que se resuelve contra el codigo de residencia anterior (provincia o pais) de INDEC, no contra la tabla dicionario de este conjunto. Atencion: la codificacion cambia entre ondas. Las tres ondas de 2016 (2016 Q2 a 2016 Q4) usan abreviaturas de tres letras, con mayusculas y minusculas mezcladas, mientras que el resto de la serie usa los codigos numericos de provincia y pais de INDEC. Se preservan los valores originales, por lo que comparar esas tres ondas con el resto exige una tabla de equivalencias","Codigo que se resolve contra o codigo de residencia anterior (provincia ou pais) do INDEC, nao contra a tabela dicionario deste conjunto. Atencao: a codificacao muda entre ondas. As tres ondas de 2016 (2016 T2 a 2016 T4) usam abreviaturas de tres letras, com maiusculas e minusculas misturadas, enquanto o resto da serie usa os codigos numericos de provincia e pais do INDEC. Os valores originais sao preservados, portanto comparar essas tres ondas com o resto exige uma tabela de equivalencias","A code resolved against INDEC's previous-residence code (province or country), not against this dataset's dicionario table. Note that the encoding changes across waves. The three 2016 waves (2016 Q2 to 2016 Q4) use three-letter abbreviations in mixed case, while the rest of the series uses INDEC's numeric province and country codes. The original values are preserved, so comparing those three waves with the rest requires a crosswalk","Codigo que se resuelve contra el codigo de residencia anterior (provincia o pais) de INDEC, no contra la tabla dicionario de este conjunto. Atencion: la codificacion cambia entre ondas. Las tres ondas de 2016 (2016 Q2 a 2016 Q4) usan abreviaturas de tres letras, con mayusculas y minusculas mezcladas, mientras que el resto de la serie usa los codigos numericos de provincia y pais de INDEC. Se preservan los valores originales, por lo que comparar esas tres ondas con el resto exige una tabla de equivalencias",CH16_COD
nivel_ed,STRING,Nivel educativo,Nivel educacional,Education level,Nivel educativo,,yes,,,no,,,,,NIVEL_ED
estado,STRING,Condición de actividad,Condicao de atividade,Labour force status,Condición de actividad,,yes,,,no,,,,,ESTADO
cat_ocup,STRING,Categoría ocupacional (para ocupados y desocupados con ocupación anterior),Categoria ocupacional (para ocupados e desocupados com ocupacao anterior),Occupational category (for the employed and for the unemployed with a previous job),Categoría ocupacional (para ocupados y desocupados con ocupación anterior),,yes,,,no,,,,,CAT_OCUP
cat_inac,STRING,Categoría de inactividad,Categoria de inatividade,Category of inactivity,Categoría de inactividad,2003-03(3)2025-04,yes,,,no,Presente en 86 de 87 ondas (2003Q3 a 2025Q4),Presente em 86 de 87 ondas (2003Q3 a 2025Q4),Present in 86 of 87 waves (2003Q3 to 2025Q4),Presente en 86 de 87 ondas (2003Q3 a 2025Q4),CAT_INAC
pp02c1,STRING,"¿De qué manera estuvo buscando trabajo? Hizo contactos, entrevistas","De que maneira procurou trabalho? Fez contatos, entrevistas","How were they looking for work? Made contacts, had interviews","¿De qué manera estuvo buscando trabajo? Hizo contactos, entrevistas",,yes,,,no,,,,,PP02C1
pp02c2,STRING,"Mandó currículum, puso o contestó avisos (diarios, internet)","Enviou curriculo, publicou ou respondeu anuncios (jornais, internet)","Sent a CV, placed or answered advertisements (newspapers, internet)","Mandó currículum, puso o contestó avisos (diarios, internet)",,yes,,,no,,,,,PP02C2
pp02c3,STRING,Se presentó en establecimientos,Apresentou-se em estabelecimentos,Applied in person at establishments,Se presentó en establecimientos,,yes,,,no,,,,,PP02C3
pp02c4,STRING,Hizo algo para ponerse por su cuenta,Fez algo para trabalhar por conta propria,Took steps to become self-employed,Hizo algo para ponerse por su cuenta,,yes,,,no,,,,,PP02C4
pp02c5,STRING,"Puso carteles en negocios, preguntó en el barrio","Colocou cartazes em comercios, perguntou no bairro","Put up notices in shops, asked around the neighbourhood","Puso carteles en negocios, preguntó en el barrio",,yes,,,no,,,,,PP02C5
pp02c6,STRING,"Consultó a parientes, amigos",Consultou parentes ou amigos,Asked relatives or friends,"Consultó a parientes, amigos",,yes,,,no,,,,,PP02C6
pp02c7,STRING,"Se anotó en bolsas, listas, planes de empleo, agencias, contratistas, o alguien","Inscreveu-se em bolsas de emprego, listas, programas de emprego, agencias, empreiteiras, ou alguem","Registered with job pools, lists, employment programmes, agencies, contractors, or someone","Se anotó en bolsas, listas, planes de empleo, agencias, contratistas, o alguien",,yes,,,no,,,,,PP02C7
pp02c8,STRING,Buscó trabajo de otra forma forma activa,Procurou trabalho de outra forma ativa,Looked for work in some other active way,Buscó trabajo de otra forma forma activa,,yes,,,no,,,,,PP02C8
pp02e,STRING,"Durante esos 30 días, no buscó trabajo porque","Durante esses 30 dias, nao procurou trabalho porque",During those 30 days they did not look for work because,"Durante esos 30 días, no buscó trabajo porque",,yes,,,no,,,,,PP02E
pp02h,STRING,En los últimos 12 meses ¿buscó trabajo en algún momento?,Nos ultimos 12 meses procurou trabalho em algum momento?,"In the last 12 months, did they look for work at any point?",En los últimos 12 meses ¿buscó trabajo en algún momento?,,yes,,,no,,,,,PP02H
pp02i,STRING,En los últimos 12 meses ¿trabajó en algún momento?,Nos ultimos 12 meses trabalhou em algum momento?,"In the last 12 months, did they work at any point?",En los últimos 12 meses ¿trabajó en algún momento?,,yes,,,no,,,,,PP02I
pp03c,STRING,"La semana pasada, ¿tenía","Na semana passada, tinha","Last week, did they have","La semana pasada, ¿tenía",,yes,,,no,,,,,PP03C
pp03d,INT64,Cantidad de ocupaciones,Quantidade de ocupacoes,Number of occupations,Cantidad de ocupaciones,,no,,,no,"Cantidad de ocupaciones. El vocabulario de unidades de medida del backend no tiene un slug equivalente, por lo que la columna queda sin unidad","Quantidade de ocupacoes. O vocabulario de unidades de medida do backend nao tem um slug equivalente, por isso a coluna fica sem unidade","Number of occupations. The backend's measurement-unit vocabulary has no matching slug, so the column is left without a unit","Cantidad de ocupaciones. El vocabulario de unidades de medida del backend no tiene un slug equivalente, por lo que la columna queda sin unidad",PP03D
pp3e_tot,INT64,Total de horas que trabajó en la semana en la ocupación principal,Total de horas trabalhadas na semana na ocupacao principal,Total hours worked in the week in the main occupation,Total de horas que trabajó en la semana en la ocupación principal,,no,,hour,no,,,,,PP3E_TOT
pp3f_tot,INT64,Total de horas que trabajó en la semana en otras ocupaciones,Total de horas trabalhadas na semana em outras ocupacoes,Total hours worked in the week in other occupations,Total de horas que trabajó en la semana en otras ocupaciones,,no,,hour,no,,,,,PP3F_TOT
pp03g,STRING,"La semana pasada, ¿quería trabajar más horas?","Na semana passada, queria trabalhar mais horas?","Last week, did they want to work more hours?","La semana pasada, ¿quería trabajar más horas?",,yes,,,no,,,,,PP03G
pp03h,STRING,Si hubiera conseguido más horas,Se tivesse conseguido mais horas,Had they obtained more hours,Si hubiera conseguido más horas,,yes,,,no,,,,,PP03H
pp03i,STRING,"En los últimos 30 días, ¿buscó trabajar más horas?",Nos ultimos 30 dias procurou trabalhar mais horas?,"In the last 30 days, did they look for more hours of work?","En los últimos 30 días, ¿buscó trabajar más horas?",,yes,,,no,,,,,PP03I
pp03j,STRING,"Aparte de este/os trabajo/s, ¿estuvo buscando algún empleo/ocupación/actividad?","Alem deste ou destes trabalhos, procurou algum emprego, ocupacao ou atividade?","Besides this job or jobs, were they looking for any employment, occupation or activity?","Aparte de este/os trabajo/s, ¿estuvo buscando algún empleo/ocupación/actividad?",,yes,,,no,,,,,PP03J
intensi,STRING,"Intensidad de la ocupación: clasifica a los ocupados en subocupados, ocupados plenos y sobreocupados según las horas trabajadas y su disposición a trabajar más","Intensidade da ocupacao: classifica os ocupados em subocupados, plenamente ocupados e sobreocupados conforme as horas trabalhadas e sua disposicao para trabalhar mais","Intensity of employment: classifies the employed as underemployed, fully employed or overemployed according to hours worked and willingness to work more","Intensidad de la ocupación: clasifica a los ocupados en subocupados, ocupados plenos y sobreocupados según las horas trabajadas y su disposición a trabajar más",,yes,,,no,"La etiqueta de variable de Stata es literalmente ""Intensi"", una repetición del nombre de la columna sin contenido, y el diseño de registros no describe la variable.","A etiqueta de variavel do Stata e literalmente ""Intensi"", uma repeticao do nome da coluna sem conteudo, e o desenho de registros nao descreve a variavel.","The Stata variable label is literally ""Intensi"", a content-free repetition of the column name, and the record layout does not describe the variable.","La etiqueta de variable de Stata es literalmente ""Intensi"", una repetición del nombre de la columna sin contenido, y el diseño de registros no describe la variable.",INTENSI
pp04a,STRING,El negocio/empresa/institución/actividad en la que trabaja es (se refiere al que,"O negocio, empresa, instituicao ou atividade em que trabalha e (refere-se ao que","The business, institution or activity they work in is (referring to the one that",El negocio/empresa/institución/actividad en la que trabaja es (se refiere al que,,yes,,,no,,,,,PP04A
pp04b_cod,STRING,Código de Actividad para ocupados,Codigo de atividade para ocupados,Activity code for the employed,Código de Actividad para ocupados,2003-03(3)2026-01,no,,,no,"Codigo que se resuelve contra el clasificador de actividad (CAES/CLANAE) de INDEC, no contra la tabla dicionario de este conjunto. Presente en 73 de 87 ondas (2003Q3 a 2026Q1)","Codigo que se resolve contra o classificador de atividade (CAES/CLANAE) do INDEC, nao contra a tabela dicionario deste conjunto. Presente em 73 de 87 ondas (2003Q3 a 2026Q1)","A code resolved against INDEC's activity classifier (CAES/CLANAE), not against this dataset's dicionario table. Present in 73 of 87 waves (2003Q3 to 2026Q1)","Codigo que se resuelve contra el clasificador de actividad (CAES/CLANAE) de INDEC, no contra la tabla dicionario de este conjunto. Presente en 73 de 87 ondas (2003Q3 a 2026Q1)",PP04B_COD
pp04b1,STRING,Si presta servicio doméstico en hogares particulares,Se presta servico domestico em domicilios particulares,If they do domestic work in private households,Si presta servicio doméstico en hogares particulares,,yes,,,no,,,,,PP04B1
pp04b2,INT64,¿En cuántas casas trabaja? (cantidad),Em quantas casas trabalha? (quantidade),In how many homes do they work? (count),¿En cuántas casas trabaja? (cantidad),,no,,household,no,,,,,PP04B2
pp04b3_mes,INT64,Antigüedad en meses,Tempo de servico em meses,Tenure in months,Antigüedad en meses,,no,,month,no,,,,,PP04B3_MES
pp04b3_ano,INT64,Antigüedad en años,Tempo de servico em anos,Tenure in years,Antigüedad en años,,no,,year,no,,,,,PP04B3_ANO
pp04b3_dia,INT64,Antigüedad en días,Tempo de servico em dias,Tenure in days,Antigüedad en días,,no,,day,no,,,,,PP04B3_DIA
pp04c,STRING,"¿Cuántas personas, incluido...trabajan allí en total?","Quantas pessoas, incluindo..., trabalham ali no total?","How many people, including..., work there in total?","¿Cuántas personas, incluido...trabajan allí en total?",,yes,,,no,,,,,PP04C
pp04c99,STRING,Tamaño del establecimiento,Tamanho do estabelecimento,Establishment size,Tamaño del establecimiento,,yes,,,no,,,,,PP04C99
pp04d_cod,STRING,Código de Ocupación para ocupados,Codigo de ocupacao para ocupados,Occupation code for the employed,Código de Ocupación para ocupados,,no,,,no,"Codigo que se resuelve contra el Clasificador Nacional de Ocupaciones (CNO) de INDEC, no contra la tabla dicionario de este conjunto","Codigo que se resolve contra o Classificador Nacional de Ocupacoes (CNO) do INDEC, nao contra a tabela dicionario deste conjunto","A code resolved against INDEC's Clasificador Nacional de Ocupaciones (CNO), not against this dataset's dicionario table","Codigo que se resuelve contra el Clasificador Nacional de Ocupaciones (CNO) de INDEC, no contra la tabla dicionario de este conjunto",PP04D_COD
pp04g,STRING,¿Dónde realiza principalmente sus tareas?,Onde realiza principalmente suas tarefas?,Where do they mainly carry out their work?,¿Dónde realiza principalmente sus tareas?,,yes,,,no,,,,,PP04G
pp05b2_mes,INT64,Antigüedad en meses,Tempo de servico em meses,Tenure in months,Antigüedad en meses,,no,,month,no,,,,,PP05B2_MES
pp05b2_ano,INT64,Antigüedad en años,Tempo de servico em anos,Tenure in years,Antigüedad en años,,no,,year,no,,,,,PP05B2_ANO
pp05b2_dia,INT64,Antigüedad en días,Tempo de servico em dias,Tenure in days,Antigüedad en días,,no,,day,no,,,,,PP05B2_DIA
pp05c_1,STRING,"¿En ese negocio/empresa/actividad, tiene maquinarias/equipos?","Nesse negocio, empresa ou atividade tem maquinas ou equipamentos?","In that business or activity, do they have machinery or equipment?","¿En ese negocio/empresa/actividad, tiene maquinarias/equipos?",,yes,,,no,,,,,PP05C_1
pp05c_2,STRING,"¿En ese negocio/empresa/actividad, tiene local (incluye kiosco/puesto fijo)?","Nesse negocio, empresa ou atividade tem local (inclui quiosque ou ponto fixo)?","In that business or activity, do they have premises (including a kiosk or fixed stall)?","¿En ese negocio/empresa/actividad, tiene local (incluye kiosco/puesto fijo)?",,yes,,,no,,,,,PP05C_2
pp05c_3,STRING,"¿En ese negocio/empresa/actividad, tiene vehículo?","Nesse negocio, empresa ou atividade tem veiculo?","In that business or activity, do they have a vehicle?","¿En ese negocio/empresa/actividad, tiene vehículo?",,yes,,,no,,,,,PP05C_3
pp05e,STRING,"¿Para la actividad del negocio, en los últimos 3 meses, tuvo que gastar en la co","Para a atividade do negocio, nos ultimos 3 meses, teve que gastar na co","For the business activity, in the last 3 months, did they have to spend on the pu","¿Para la actividad del negocio, en los últimos 3 meses, tuvo que gastar en la co",,yes,,,no,,,,,PP05E
pp05f,STRING,"Ese negocio/empresas/actividad, trabaja habitualmente para","Esse negocio, empresa ou atividade trabalha habitualmente para",That business or activity habitually works for,"Ese negocio/empresas/actividad, trabaja habitualmente para",,yes,,,no,,,,,PP05F
pp05h,STRING,¿Durante cuánto tiempo ha estado trabajando en ese empleo de forma continua?,Durante quanto tempo esteve trabalhando nesse emprego de forma continua?,For how long have they been working continuously in that job?,¿Durante cuánto tiempo ha estado trabajando en ese empleo de forma continua?,,yes,,,no,,,,,PP05H
pp06a,STRING,¿En ese negocio/empresa/actividad ¿tiene socios o familiares asociados?,"Nesse negocio, empresa ou atividade tem socios ou familiares associados?","In that business or activity, do they have partners or family members as associates?",¿En ese negocio/empresa/actividad ¿tiene socios o familiares asociados?,,yes,,,no,,,,,PP06A
pp06c,FLOAT64,Monto de patrones y cuenta propia sin socios percibido en ese mes,Valor recebido naquele mes por empregadores e autonomos sem socios,Amount received that month by employers and own-account workers without partners,Monto de patrones y cuenta propia sin socios percibido en ese mes,,no,,ars,no,El valor -9 indica Ns./Nr. y no un monto negativo; debe excluirse antes de cualquier calculo,O valor -9 indica Ns./Nr. e nao um montante negativo; deve ser excluido antes de qualquer calculo,"The value -9 means no answer, not a negative amount; it must be excluded before any calculation",El valor -9 indica Ns./Nr. y no un monto negativo; debe excluirse antes de cualquier calculo,PP06C
pp06d,FLOAT64,Monto de patrones y cuenta propia con socios percibido en ese mes,Valor recebido naquele mes por empregadores e autonomos com socios,Amount received that month by employers and own-account workers with partners,Monto de patrones y cuenta propia con socios percibido en ese mes,,no,,ars,no,El valor -9 indica Ns./Nr. y no un monto negativo; debe excluirse antes de cualquier calculo,O valor -9 indica Ns./Nr. e nao um montante negativo; deve ser excluido antes de qualquer calculo,"The value -9 means no answer, not a negative amount; it must be excluded before any calculation",El valor -9 indica Ns./Nr. y no un monto negativo; debe excluirse antes de cualquier calculo,PP06D
pp06e,STRING,¿Ese negocio/empresa/actividad,"Esse negocio, empresa ou atividade",That business or activity,¿Ese negocio/empresa/actividad,,yes,,,no,,,,,PP06E
pp06h,STRING,¿Es una actividad familiar? (solo códigos 2 y 3 de pp06e),E uma atividade familiar? (apenas codigos 2 e 3 de pp06e),Is it a family activity? (only codes 2 and 3 of pp06e),¿Es una actividad familiar? (solo códigos 2 y 3 de pp06e),,yes,,,no,,,,,PP06H
pp07a,STRING,¿Cuánto tiempo hace que está trabajando en ese empleo en forma continua?,Ha quanto tempo esta trabalhando nesse emprego de forma continua?,How long have they been working continuously in that job?,¿Cuánto tiempo hace que está trabajando en ese empleo en forma continua?,,yes,,,no,,,,,PP07A
pp07c,STRING,¿Ese empleo tiene tiempo de finalización?,Esse emprego tem prazo de termino?,Does that job have an end date?,¿Ese empleo tiene tiempo de finalización?,,yes,,,no,,,,,PP07C
pp07d,STRING,¿Por cuánto tiempo es ese trabajo? (para los que tienen en pp07c=1),Por quanto tempo e esse trabalho? (para os que tem pp07c=1),For how long is that job? (for those with pp07c=1),¿Por cuánto tiempo es ese trabajo? (para los que tienen en pp07c=1),,yes,,,no,,,,,PP07D
pp07e,STRING,¿Ese trabajo es,Esse trabalho e,That job is,¿Ese trabajo es,,yes,,,no,,,,,PP07E
pp07f1,STRING,¿En este trabajo le dan de comer gratis en el lugar de trabajo?,Neste trabalho recebe alimentacao gratuita no local de trabalho?,In this job are they given free meals at the workplace?,¿En este trabajo le dan de comer gratis en el lugar de trabajo?,,yes,,,no,,,,,PP07F1
pp07f2,STRING,¿En este trabajo le dan vivienda?,Neste trabalho recebe moradia?,In this job are they given housing?,¿En este trabajo le dan vivienda?,,yes,,,no,,,,,PP07F2
pp07f3,STRING,¿En este trabajo le dan algún producto o mercadería?,Neste trabalho recebe algum produto ou mercadoria?,In this job do they receive any goods or produce?,¿En este trabajo le dan algún producto o mercadería?,,yes,,,no,,,,,PP07F3
pp07f4,STRING,"¿En este trabajo le dan algún otro beneficio? (automóvil, teléfono celular, pasa","Neste trabalho recebe algum outro beneficio? (automovel, telefone celular, passa","In this job do they receive any other benefit? (car, mobile phone, trave","¿En este trabajo le dan algún otro beneficio? (automóvil, teléfono celular, pasa",,yes,,,no,,,,,PP07F4
pp07f5,STRING,No recibe ninguno,Nao recebe nenhum,Receives none,No recibe ninguno,,yes,,,no,,,,,PP07F5
pp07g1,STRING,¿En este trabajo tiene vacaciones pagas?,Neste trabalho tem ferias remuneradas?,In this job do they get paid holidays?,¿En este trabajo tiene vacaciones pagas?,,yes,,,no,,,,,PP07G1
pp07g2,STRING,¿En este trabajo tiene aguinaldo?,Neste trabalho tem decimo terceiro?,In this job do they get an annual bonus?,¿En este trabajo tiene aguinaldo?,,yes,,,no,,,,,PP07G2
pp07g3,STRING,¿En este trabajo tiene días pagos por enfermedad?,Neste trabalho tem dias pagos por doenca?,In this job do they get paid sick days?,¿En este trabajo tiene días pagos por enfermedad?,,yes,,,no,,,,,PP07G3
pp07g4,STRING,¿En este trabajo tiene obra social?,Neste trabalho tem plano de saude sindical?,In this job do they have union health coverage?,¿En este trabajo tiene obra social?,,yes,,,no,,,,,PP07G4
pp07g_59,STRING,No tiene ninguno,Nao tem nenhum,Has none,No tiene ninguno,,yes,,,no,,,,,PP07G_59
pp07h,STRING,¿Por ese trabajo tiene descuento jubilatorio?,Por esse trabalho tem desconto previdenciario?,"For that job, are pension contributions withheld?",¿Por ese trabajo tiene descuento jubilatorio?,,yes,,,no,,,,,PP07H
pp07i,STRING,¿Aporta por sí mismo a algún sistema jubilatorio?,Contribui por conta propria para algum sistema previdenciario?,Do they contribute to a pension scheme on their own behalf?,¿Aporta por sí mismo a algún sistema jubilatorio?,,yes,,,no,,,,,PP07I
pp07j,STRING,¿El turno habitual de trabajo es,O turno habitual de trabalho e,Their usual work shift is,¿El turno habitual de trabajo es,,yes,,,no,,,,,PP07J
pp07k,STRING,¿Cuando cobra,Quando recebe,When they are paid,¿Cuando cobra,,yes,,,no,,,,,PP07K
pp08d1,FLOAT64,"Monto por sueldos/jornales, salario familiar, horas extras, otras bonificaciones","Valor de salarios ou dianas, salario familia, horas extras e outras gratificacoes","Wages or daily pay, family allowance, overtime and other bonuses","Monto por sueldos/jornales, salario familiar, horas extras, otras bonificaciones",,no,,ars,no,El valor -9 indica Ns./Nr. y no un monto negativo; debe excluirse antes de cualquier calculo,O valor -9 indica Ns./Nr. e nao um montante negativo; deve ser excluido antes de qualquer calculo,"The value -9 means no answer, not a negative amount; it must be excluded before any calculation",El valor -9 indica Ns./Nr. y no un monto negativo; debe excluirse antes de cualquier calculo,PP08D1
pp08d4,FLOAT64,Monto en tickets percibido en ese mes,Valor em tiquetes recebido naquele mes,Amount in vouchers received that month,Monto en tickets percibido en ese mes,,no,,ars,no,El valor -9 indica Ns./Nr. y no un monto negativo; debe excluirse antes de cualquier calculo,O valor -9 indica Ns./Nr. e nao um montante negativo; deve ser excluido antes de qualquer calculo,"The value -9 means no answer, not a negative amount; it must be excluded before any calculation",El valor -9 indica Ns./Nr. y no un monto negativo; debe excluirse antes de cualquier calculo,PP08D4
pp08f1,FLOAT64,Monto en pesos por comisión por venta/producción percibido en ese mes,Valor em pesos por comissao de venda ou producao recebido naquele mes,Amount in pesos from sales or production commission received that month,Monto en pesos por comisión por venta/producción percibido en ese mes,,no,,ars,no,El valor -9 indica Ns./Nr. y no un monto negativo; debe excluirse antes de cualquier calculo,O valor -9 indica Ns./Nr. e nao um montante negativo; deve ser excluido antes de qualquer calculo,"The value -9 means no answer, not a negative amount; it must be excluded before any calculation",El valor -9 indica Ns./Nr. y no un monto negativo; debe excluirse antes de cualquier calculo,PP08F1
pp08f2,FLOAT64,Monto en pesos por propinas percibido en ese mes,Valor em pesos por gorjetas recebido naquele mes,Amount in pesos from tips received that month,Monto en pesos por propinas percibido en ese mes,,no,,ars,no,El valor -9 indica Ns./Nr. y no un monto negativo; debe excluirse antes de cualquier calculo,O valor -9 indica Ns./Nr. e nao um montante negativo; deve ser excluido antes de qualquer calculo,"The value -9 means no answer, not a negative amount; it must be excluded before any calculation",El valor -9 indica Ns./Nr. y no un monto negativo; debe excluirse antes de cualquier calculo,PP08F2
pp08j1,FLOAT64,Monto por aguinaldo percibido en ese mes,Valor do decimo terceiro recebido naquele mes,Annual bonus received that month,Monto por aguinaldo percibido en ese mes,,no,,ars,no,El valor -9 indica Ns./Nr. y no un monto negativo; debe excluirse antes de cualquier calculo,O valor -9 indica Ns./Nr. e nao um montante negativo; deve ser excluido antes de qualquer calculo,"The value -9 means no answer, not a negative amount; it must be excluded before any calculation",El valor -9 indica Ns./Nr. y no un monto negativo; debe excluirse antes de cualquier calculo,PP08J1
pp08j2,FLOAT64,Monto por otras bonificaciones no habituales percibido en ese mes,Valor de outras gratificacoes nao habituais recebido naquele mes,Other non-recurring bonuses received that month,Monto por otras bonificaciones no habituales percibido en ese mes,,no,,ars,no,El valor -9 indica Ns./Nr. y no un monto negativo; debe excluirse antes de cualquier calculo,O valor -9 indica Ns./Nr. e nao um montante negativo; deve ser excluido antes de qualquer calculo,"The value -9 means no answer, not a negative amount; it must be excluded before any calculation",El valor -9 indica Ns./Nr. y no un monto negativo; debe excluirse antes de cualquier calculo,PP08J2
pp08j3,FLOAT64,Monto por retroactivos percibido en ese mes,Valor de retroativos recebido naquele mes,Back payments received that month,Monto por retroactivos percibido en ese mes,,no,,ars,no,El valor -9 indica Ns./Nr. y no un monto negativo; debe excluirse antes de cualquier calculo,O valor -9 indica Ns./Nr. e nao um montante negativo; deve ser excluido antes de qualquer calculo,"The value -9 means no answer, not a negative amount; it must be excluded before any calculation",El valor -9 indica Ns./Nr. y no un monto negativo; debe excluirse antes de cualquier calculo,PP08J3
pp09a,STRING,"Sólo ocupados de: Ciudad de Buenos Aires - Partidos del GBA, en su ocupación (o","Apenas ocupados da Cidade de Buenos Aires e municipios da Grande Buenos Aires, em sua ocupacao (o","Only people employed in the City of Buenos Aires and Greater Buenos Aires districts, in their occupation (o","Sólo ocupados de: Ciudad de Buenos Aires - Partidos del GBA, en su ocupación (o",,yes,,,no,,,,,PP09A
pp09a_esp,STRING,Especificar: contiene la descripción de otro lugar,Especificar: contem a descricao de outro local,Specify: holds the description of another location,Especificar: contiene la descripción de otro lugar,,no,,,no,,,,,PP09A_ESP
pp09b,STRING,"¿Trabaja en esta ciudad?-Sólo ocupados de: Posadas, Formosa, Corrientes, Resiste","Trabalha nesta cidade? Apenas ocupados de Posadas, Formosa, Corrientes, Resiste","Do they work in this city? Only people employed in Posadas, Formosa, Corrientes, Resiste","¿Trabaja en esta ciudad?-Sólo ocupados de: Posadas, Formosa, Corrientes, Resiste",,yes,,,no,,,,,PP09B
pp09c,STRING,¿Dónde trabaja?,Onde trabalha?,Where do they work?,¿Dónde trabaja?,,yes,,,no,,,,,PP09C
pp09c_esp,STRING,Descripción de otro lugar (según pregunta pp09c),Descricao de outro local (conforme a pergunta pp09c),Description of another location (per question pp09c),Descripción de otro lugar (según pregunta pp09c),,no,,,no,,,,,PP09C_ESP
pp10a,STRING,¿Cuánto hace que está buscando trabajo,Ha quanto tempo esta procurando trabalho,How long have they been looking for work,¿Cuánto hace que está buscando trabajo,,yes,,,no,,,,,PP10A
pp10c,STRING,¿Durante ese tiempo hizo algún trabajo/changa?,Durante esse tempo fez algum trabalho ou bico?,During that time did they do any job or casual work?,¿Durante ese tiempo hizo algún trabajo/changa?,,yes,,,no,,,,,PP10C
pp10d,STRING,¿Ha trabajado alguna vez?,Ja trabalhou alguma vez?,Have they ever worked?,¿Ha trabajado alguna vez?,,yes,,,no,,,,,PP10D
pp10e,STRING,¿Cuánto tiempo hace que terminó su último trabajo/changa,Ha quanto tempo terminou seu ultimo trabalho ou bico,How long ago did their last job or casual work end,¿Cuánto tiempo hace que terminó su último trabajo/changa,,yes,,,no,,,,,PP10E
pp11a,STRING,¿El negocio/empresa/institucion/actividad en la que trabajaba era,"O negocio, empresa, instituicao ou atividade em que trabalhava era","The business, institution or activity they worked in was",¿El negocio/empresa/institucion/actividad en la que trabajaba era,,yes,,,no,,,,,PP11A
pp11b_cod,STRING,Código de Actividad para desocupados con ocupación anterior,Codigo de atividade para desocupados com ocupacao anterior,Activity code for the unemployed with a previous job,Código de Actividad para desocupados con ocupación anterior,2003-03(3)2026-01,no,,,no,"Codigo que se resuelve contra el clasificador de actividad (CAES/CLANAE) de INDEC, no contra la tabla dicionario de este conjunto. Presente en 73 de 87 ondas (2003Q3 a 2026Q1)","Codigo que se resolve contra o classificador de atividade (CAES/CLANAE) do INDEC, nao contra a tabela dicionario deste conjunto. Presente em 73 de 87 ondas (2003Q3 a 2026Q1)","A code resolved against INDEC's activity classifier (CAES/CLANAE), not against this dataset's dicionario table. Present in 73 of 87 waves (2003Q3 to 2026Q1)","Codigo que se resuelve contra el clasificador de actividad (CAES/CLANAE) de INDEC, no contra la tabla dicionario de este conjunto. Presente en 73 de 87 ondas (2003Q3 a 2026Q1)",PP11B_COD
pp11b1,STRING,Si prestaba servicios doméstico en hogares particulares,Se prestava servico domestico em domicilios particulares,If they did domestic work in private households,Si prestaba servicios doméstico en hogares particulares,,yes,,,no,,,,,PP11B1
pp11b2_mes,INT64,Antigüedad en meses,Tempo de servico em meses,Tenure in months,Antigüedad en meses,,no,,month,no,,,,,PP11B2_MES
pp11b2_ano,INT64,Antigüedad en  años,Tempo de servico em anos,Tenure in years,Antigüedad en  años,,no,,year,no,,,,,PP11B2_ANO
pp11b2_dia,INT64,Antigüedad en días,Tempo de servico em dias,Tenure in days,Antigüedad en días,,no,,day,no,,,,,PP11B2_DIA
pp11c,STRING,"¿Cuántas personas, incluido... trabajaban allí en total?","Quantas pessoas, incluindo..., trabalhavam ali no total?","How many people, including..., worked there in total?","¿Cuántas personas, incluido... trabajaban allí en total?",,yes,,,no,,,,,PP11C
pp11c99,STRING,Tamaño del establecimiento,Tamanho do estabelecimento,Establishment size,Tamaño del establecimiento,,yes,,,no,,,,,PP11C99
pp11d_cod,STRING,Código de la Ocupación anterior de los desocupados,Codigo da ocupacao anterior dos desocupados,Code of the unemployed person's previous occupation,Código de la Ocupación anterior de los desocupados,,no,,,no,"Codigo que se resuelve contra el Clasificador Nacional de Ocupaciones (CNO) de INDEC, no contra la tabla dicionario de este conjunto","Codigo que se resolve contra o Classificador Nacional de Ocupacoes (CNO) do INDEC, nao contra a tabela dicionario deste conjunto","A code resolved against INDEC's Clasificador Nacional de Ocupaciones (CNO), not against this dataset's dicionario table","Codigo que se resuelve contra el Clasificador Nacional de Ocupaciones (CNO) de INDEC, no contra la tabla dicionario de este conjunto",PP11D_COD
pp11g_ano,INT64,Antigüedad en años,Tempo de servico em anos,Tenure in years,Antigüedad en años,,no,,year,no,,,,,PP11G_ANO
pp11g_mes,INT64,Antigüedad en meses,Tempo de servico em meses,Tenure in months,Antigüedad en meses,,no,,month,no,,,,,PP11G_MES
pp11g_dia,INT64,Antigüedad en días,Tempo de servico em dias,Tenure in days,Antigüedad en días,,no,,day,no,,,,,PP11G_DIA
pp11l,STRING,¿Cuál fue la razón principal por la que dejó esa actividad?,Qual foi a razao principal para deixar essa atividade?,What was the main reason they left that activity?,¿Cuál fue la razón principal por la que dejó esa actividad?,,yes,,,no,,,,,PP11L
pp11l1,STRING,¿Ese trabajo era,Esse trabalho era,That job was,¿Ese trabajo era,,yes,,,no,,,,,PP11L1
pp11m,STRING,¿Ese trabajo era,Esse trabalho era,That job was,¿Ese trabajo era,,yes,,,no,,,,,PP11M
pp11n,STRING,¿En ese trabajo le hacían descuento jubilatorio?,Nesse trabalho faziam o desconto previdenciario?,"In that job, were pension contributions withheld?",¿En ese trabajo le hacían descuento jubilatorio?,,yes,,,no,,,,,PP11N
pp11o,STRING,¿Cuál fue la razón principal por la que dejó ese trabajo?,Qual foi a razao principal para deixar esse trabalho?,What was the main reason they left that job?,¿Cuál fue la razón principal por la que dejó ese trabajo?,,yes,,,no,,,,,PP11O
pp11p,STRING,¿Cerró la empresa?(para quienes responden en pp11o=1),A empresa fechou? (para quem responde pp11o=1),Did the firm close? (for those answering pp11o=1),¿Cerró la empresa?(para quienes responden en pp11o=1),,yes,,,no,,,,,PP11P
pp11q,STRING,¿Fue la única persona que quedó sin trabajo?,Foi a unica pessoa que ficou sem trabalho?,Were they the only person who lost their job?,¿Fue la única persona que quedó sin trabajo?,,yes,,,no,,,,,PP11Q
pp11r,STRING,¿Le enviaron telegrama?,Enviaram-lhe telegrama de demissao?,Were they sent a dismissal telegram?,¿Le enviaron telegrama?,,yes,,,no,,,,,PP11R
pp11s,STRING,¿Le pagaron indemnización?,Pagaram-lhe indenizacao?,Were they paid severance?,¿Le pagaron indemnización?,,yes,,,no,,,,,PP11S
pp11t,STRING,¿Está cobrando seguro de desempleo?,Esta recebendo seguro-desemprego?,Are they receiving unemployment insurance?,¿Está cobrando seguro de desempleo?,,yes,,,no,,,,,PP11T
p21,FLOAT64,Monto de ingreso de la ocupación principal percibido en ese mes,Valor do rendimento da ocupacao principal recebido naquele mes,Income from the main occupation received that month,Monto de ingreso de la ocupación principal percibido en ese mes,,no,,ars,no,El valor -9 indica Ns./Nr. y no un monto negativo; debe excluirse antes de cualquier calculo,O valor -9 indica Ns./Nr. e nao um montante negativo; deve ser excluido antes de qualquer calculo,"The value -9 means no answer, not a negative amount; it must be excluded before any calculation",El valor -9 indica Ns./Nr. y no un monto negativo; debe excluirse antes de cualquier calculo,P21
decocur,STRING,Grupo decílico de P21 del TOTAL EPH,Grupo decilico de P21 do TOTAL EPH,Decile group of main-occupation income across the EPH TOTAL,Grupo decílico de P21 del TOTAL EPH,,no,,,no,"Numero de grupo decilico, no una cantidad: se preserva como cadena con el cero a la izquierda tal como lo publica la fuente. Se observan valores fuera del rango 1 a 10 (0 y 12); su tratamiento se describe en el Anexo I del diseno de registros del INDEC","Numero de grupo decilico, nao uma quantidade: preservado como cadeia com o zero a esquerda tal como a fonte publica. Observam-se valores fora do intervalo 1 a 10 (0 e 12); seu tratamento e descrito no Anexo I do desenho de registros do INDEC","A decile group number, not a quantity: kept as a string with its leading zero as the source publishes it. Values outside 1 to 10 occur (0 and 12); INDEC describes their treatment in Annex I of the record layout","Numero de grupo decilico, no una cantidad: se preserva como cadena con el cero a la izquierda tal como lo publica la fuente. Se observan valores fuera del rango 1 a 10 (0 y 12); su tratamiento se describe en el Anexo I del diseno de registros del INDEC",DECOCUR
idecocur,STRING,Grupo decílico de P21 del INTERIOR EPH,Grupo decilico de P21 do INTERIOR EPH,Decile group of main-occupation income in the EPH INTERIOR,Grupo decílico de P21 del INTERIOR EPH,,no,,,no,"Numero de grupo decilico, no una cantidad: se preserva como cadena con el cero a la izquierda tal como lo publica la fuente. Se observan valores fuera del rango 1 a 10 (0 y 12); su tratamiento se describe en el Anexo I del diseno de registros del INDEC","Numero de grupo decilico, nao uma quantidade: preservado como cadeia com o zero a esquerda tal como a fonte publica. Observam-se valores fora do intervalo 1 a 10 (0 e 12); seu tratamento e descrito no Anexo I do desenho de registros do INDEC","A decile group number, not a quantity: kept as a string with its leading zero as the source publishes it. Values outside 1 to 10 occur (0 and 12); INDEC describes their treatment in Annex I of the record layout","Numero de grupo decilico, no una cantidad: se preserva como cadena con el cero a la izquierda tal como lo publica la fuente. Se observan valores fuera del rango 1 a 10 (0 y 12); su tratamiento se describe en el Anexo I del diseno de registros del INDEC",IDECOCUR
rdecocur,STRING,Grupo decílico de P21 de la REGION,Grupo decilico de P21 da REGIAO,Decile group of main-occupation income within the REGION,Grupo decílico de P21 de la REGION,,no,,,no,"Numero de grupo decilico, no una cantidad: se preserva como cadena con el cero a la izquierda tal como lo publica la fuente. Se observan valores fuera del rango 1 a 10 (0 y 12); su tratamiento se describe en el Anexo I del diseno de registros del INDEC","Numero de grupo decilico, nao uma quantidade: preservado como cadeia com o zero a esquerda tal como a fonte publica. Observam-se valores fora do intervalo 1 a 10 (0 e 12); seu tratamento e descrito no Anexo I do desenho de registros do INDEC","A decile group number, not a quantity: kept as a string with its leading zero as the source publishes it. Values outside 1 to 10 occur (0 and 12); INDEC describes their treatment in Annex I of the record layout","Numero de grupo decilico, no una cantidad: se preserva como cadena con el cero a la izquierda tal como lo publica la fuente. Se observan valores fuera del rango 1 a 10 (0 y 12); su tratamiento se describe en el Anexo I del diseno de registros del INDEC",RDECOCUR
gdecocur,STRING,Grupo decílico de P21 del CONJUNTO DE AGLOMERADOS DE 500 MIL Y MAS HABITANTES,Grupo decilico de P21 do CONJUNTO DE AGLOMERADOS DE 500 MIL OU MAIS HABITANTES,"Decile group of main-occupation income across AGGLOMERATES OF 500,000 OR MORE INHABITANTS",Grupo decílico de P21 del CONJUNTO DE AGLOMERADOS DE 500 MIL Y MAS HABITANTES,,no,,,no,"Numero de grupo decilico, no una cantidad: se preserva como cadena con el cero a la izquierda tal como lo publica la fuente. Se observan valores fuera del rango 1 a 10 (0 y 12); su tratamiento se describe en el Anexo I del diseno de registros del INDEC","Numero de grupo decilico, nao uma quantidade: preservado como cadeia com o zero a esquerda tal como a fonte publica. Observam-se valores fora do intervalo 1 a 10 (0 e 12); seu tratamento e descrito no Anexo I do desenho de registros do INDEC","A decile group number, not a quantity: kept as a string with its leading zero as the source publishes it. Values outside 1 to 10 occur (0 and 12); INDEC describes their treatment in Annex I of the record layout","Numero de grupo decilico, no una cantidad: se preserva como cadena con el cero a la izquierda tal como lo publica la fuente. Se observan valores fuera del rango 1 a 10 (0 y 12); su tratamiento se describe en el Anexo I del diseno de registros del INDEC",GDECOCUR
pdecocur,STRING,Grupo decílico de P21 del CONJUNTO DE AGLOMERADOS DE MENOS DE 500 MIL HABITANTES,Grupo decilico de P21 do CONJUNTO DE AGLOMERADOS DE MENOS DE 500 MIL HABITANTES,"Decile group of main-occupation income across AGGLOMERATES OF UNDER 500,000 INHABITANTS",Grupo decílico de P21 del CONJUNTO DE AGLOMERADOS DE MENOS DE 500 MIL HABITANTES,,no,,,no,"Numero de grupo decilico, no una cantidad: se preserva como cadena con el cero a la izquierda tal como lo publica la fuente. Se observan valores fuera del rango 1 a 10 (0 y 12); su tratamiento se describe en el Anexo I del diseno de registros del INDEC","Numero de grupo decilico, nao uma quantidade: preservado como cadeia com o zero a esquerda tal como a fonte publica. Observam-se valores fora do intervalo 1 a 10 (0 e 12); seu tratamento e descrito no Anexo I do desenho de registros do INDEC","A decile group number, not a quantity: kept as a string with its leading zero as the source publishes it. Values outside 1 to 10 occur (0 and 12); INDEC describes their treatment in Annex I of the record layout","Numero de grupo decilico, no una cantidad: se preserva como cadena con el cero a la izquierda tal como lo publica la fuente. Se observan valores fuera del rango 1 a 10 (0 y 12); su tratamiento se describe en el Anexo I del diseno de registros del INDEC",PDECOCUR
adecocur,STRING,Grupo decílico de P21 del AGLOMERADO,Grupo decilico de P21 do AGLOMERADO,Decile group of main-occupation income within the AGGLOMERATE,Grupo decílico de P21 del AGLOMERADO,,no,,,no,"Numero de grupo decilico, no una cantidad: se preserva como cadena con el cero a la izquierda tal como lo publica la fuente. Se observan valores fuera del rango 1 a 10 (0 y 12); su tratamiento se describe en el Anexo I del diseno de registros del INDEC","Numero de grupo decilico, nao uma quantidade: preservado como cadeia com o zero a esquerda tal como a fonte publica. Observam-se valores fora do intervalo 1 a 10 (0 e 12); seu tratamento e descrito no Anexo I do desenho de registros do INDEC","A decile group number, not a quantity: kept as a string with its leading zero as the source publishes it. Values outside 1 to 10 occur (0 and 12); INDEC describes their treatment in Annex I of the record layout","Numero de grupo decilico, no una cantidad: se preserva como cadena con el cero a la izquierda tal como lo publica la fuente. Se observan valores fuera del rango 1 a 10 (0 y 12); su tratamiento se describe en el Anexo I del diseno de registros del INDEC",ADECOCUR
tot_p12,FLOAT64,Monto total de ingreso por otras ocupaciones percibido en ese mes,Valor total do rendimento de outras ocupacoes recebido naquele mes,Total income from other occupations received that month,Monto total de ingreso por otras ocupaciones percibido en ese mes,,no,,ars,no,El valor -9 indica Ns./Nr. y no un monto negativo; debe excluirse antes de cualquier calculo,O valor -9 indica Ns./Nr. e nao um montante negativo; deve ser excluido antes de qualquer calculo,"The value -9 means no answer, not a negative amount; it must be excluded before any calculation",El valor -9 indica Ns./Nr. y no un monto negativo; debe excluirse antes de cualquier calculo,TOT_P12
p47t,FLOAT64,Monto total de ingreso individual percibido en ese mes (sumatoria ingresos labor,Valor total do rendimento individual recebido naquele mes (soma dos rendimentos do trabalho,Total individual income received that month (sum of labour income,Monto total de ingreso individual percibido en ese mes (sumatoria ingresos labor,,no,,ars,no,El valor -9 indica Ns./Nr. y no un monto negativo; debe excluirse antes de cualquier calculo,O valor -9 indica Ns./Nr. e nao um montante negativo; deve ser excluido antes de qualquer calculo,"The value -9 means no answer, not a negative amount; it must be excluded before any calculation",El valor -9 indica Ns./Nr. y no un monto negativo; debe excluirse antes de cualquier calculo,P47T
decindr,STRING,Grupo decílico de P47T del TOTAL EPH,Grupo decilico de P47T do TOTAL EPH,Decile group of total individual income across the EPH TOTAL,Grupo decílico de P47T del TOTAL EPH,,no,,,no,"Numero de grupo decilico, no una cantidad: se preserva como cadena con el cero a la izquierda tal como lo publica la fuente. Se observan valores fuera del rango 1 a 10 (0 y 12); su tratamiento se describe en el Anexo I del diseno de registros del INDEC","Numero de grupo decilico, nao uma quantidade: preservado como cadeia com o zero a esquerda tal como a fonte publica. Observam-se valores fora do intervalo 1 a 10 (0 e 12); seu tratamento e descrito no Anexo I do desenho de registros do INDEC","A decile group number, not a quantity: kept as a string with its leading zero as the source publishes it. Values outside 1 to 10 occur (0 and 12); INDEC describes their treatment in Annex I of the record layout","Numero de grupo decilico, no una cantidad: se preserva como cadena con el cero a la izquierda tal como lo publica la fuente. Se observan valores fuera del rango 1 a 10 (0 y 12); su tratamiento se describe en el Anexo I del diseno de registros del INDEC",DECINDR
idecindr,STRING,Grupo decílico de P47T del INTERIOR EPH,Grupo decilico de P47T do INTERIOR EPH,Decile group of total individual income in the EPH INTERIOR,Grupo decílico de P47T del INTERIOR EPH,,no,,,no,"Numero de grupo decilico, no una cantidad: se preserva como cadena con el cero a la izquierda tal como lo publica la fuente. Se observan valores fuera del rango 1 a 10 (0 y 12); su tratamiento se describe en el Anexo I del diseno de registros del INDEC","Numero de grupo decilico, nao uma quantidade: preservado como cadeia com o zero a esquerda tal como a fonte publica. Observam-se valores fora do intervalo 1 a 10 (0 e 12); seu tratamento e descrito no Anexo I do desenho de registros do INDEC","A decile group number, not a quantity: kept as a string with its leading zero as the source publishes it. Values outside 1 to 10 occur (0 and 12); INDEC describes their treatment in Annex I of the record layout","Numero de grupo decilico, no una cantidad: se preserva como cadena con el cero a la izquierda tal como lo publica la fuente. Se observan valores fuera del rango 1 a 10 (0 y 12); su tratamiento se describe en el Anexo I del diseno de registros del INDEC",IDECINDR
rdecindr,STRING,Grupo decílico de P47T de la REGION,Grupo decilico de P47T da REGIAO,Decile group of total individual income within the REGION,Grupo decílico de P47T de la REGION,,no,,,no,"Numero de grupo decilico, no una cantidad: se preserva como cadena con el cero a la izquierda tal como lo publica la fuente. Se observan valores fuera del rango 1 a 10 (0 y 12); su tratamiento se describe en el Anexo I del diseno de registros del INDEC","Numero de grupo decilico, nao uma quantidade: preservado como cadeia com o zero a esquerda tal como a fonte publica. Observam-se valores fora do intervalo 1 a 10 (0 e 12); seu tratamento e descrito no Anexo I do desenho de registros do INDEC","A decile group number, not a quantity: kept as a string with its leading zero as the source publishes it. Values outside 1 to 10 occur (0 and 12); INDEC describes their treatment in Annex I of the record layout","Numero de grupo decilico, no una cantidad: se preserva como cadena con el cero a la izquierda tal como lo publica la fuente. Se observan valores fuera del rango 1 a 10 (0 y 12); su tratamiento se describe en el Anexo I del diseno de registros del INDEC",RDECINDR
gdecindr,STRING,Grupo decílico de P47T del CONJUNTO DE AGLOMERADOS DE 500 MIL Y MAS HABITANTES,Grupo decilico de P47T do CONJUNTO DE AGLOMERADOS DE 500 MIL OU MAIS HABITANTES,"Decile group of total individual income across AGGLOMERATES OF 500,000 OR MORE INHABITANTS",Grupo decílico de P47T del CONJUNTO DE AGLOMERADOS DE 500 MIL Y MAS HABITANTES,,no,,,no,"Numero de grupo decilico, no una cantidad: se preserva como cadena con el cero a la izquierda tal como lo publica la fuente. Se observan valores fuera del rango 1 a 10 (0 y 12); su tratamiento se describe en el Anexo I del diseno de registros del INDEC","Numero de grupo decilico, nao uma quantidade: preservado como cadeia com o zero a esquerda tal como a fonte publica. Observam-se valores fora do intervalo 1 a 10 (0 e 12); seu tratamento e descrito no Anexo I do desenho de registros do INDEC","A decile group number, not a quantity: kept as a string with its leading zero as the source publishes it. Values outside 1 to 10 occur (0 and 12); INDEC describes their treatment in Annex I of the record layout","Numero de grupo decilico, no una cantidad: se preserva como cadena con el cero a la izquierda tal como lo publica la fuente. Se observan valores fuera del rango 1 a 10 (0 y 12); su tratamiento se describe en el Anexo I del diseno de registros del INDEC",GDECINDR
pdecindr,STRING,Grupo decílico de P47T del CONJUNTO DE AGLOMERADOS DE MENOS DE 500 MIL HABITANTE,Grupo decilico de P47T do CONJUNTO DE AGLOMERADOS DE MENOS DE 500 MIL HABITANTES,"Decile group of total individual income across AGGLOMERATES OF UNDER 500,000 INHABITANTS",Grupo decílico de P47T del CONJUNTO DE AGLOMERADOS DE MENOS DE 500 MIL HABITANTE,,no,,,no,"Numero de grupo decilico, no una cantidad: se preserva como cadena con el cero a la izquierda tal como lo publica la fuente. Se observan valores fuera del rango 1 a 10 (0 y 12); su tratamiento se describe en el Anexo I del diseno de registros del INDEC","Numero de grupo decilico, nao uma quantidade: preservado como cadeia com o zero a esquerda tal como a fonte publica. Observam-se valores fora do intervalo 1 a 10 (0 e 12); seu tratamento e descrito no Anexo I do desenho de registros do INDEC","A decile group number, not a quantity: kept as a string with its leading zero as the source publishes it. Values outside 1 to 10 occur (0 and 12); INDEC describes their treatment in Annex I of the record layout","Numero de grupo decilico, no una cantidad: se preserva como cadena con el cero a la izquierda tal como lo publica la fuente. Se observan valores fuera del rango 1 a 10 (0 y 12); su tratamiento se describe en el Anexo I del diseno de registros del INDEC",PDECINDR
adecindr,STRING,Grupo decílico de P47T del AGLOMERADO,Grupo decilico de P47T do AGLOMERADO,Decile group of total individual income within the AGGLOMERATE,Grupo decílico de P47T del AGLOMERADO,,no,,,no,"Numero de grupo decilico, no una cantidad: se preserva como cadena con el cero a la izquierda tal como lo publica la fuente. Se observan valores fuera del rango 1 a 10 (0 y 12); su tratamiento se describe en el Anexo I del diseno de registros del INDEC","Numero de grupo decilico, nao uma quantidade: preservado como cadeia com o zero a esquerda tal como a fonte publica. Observam-se valores fora do intervalo 1 a 10 (0 e 12); seu tratamento e descrito no Anexo I do desenho de registros do INDEC","A decile group number, not a quantity: kept as a string with its leading zero as the source publishes it. Values outside 1 to 10 occur (0 and 12); INDEC describes their treatment in Annex I of the record layout","Numero de grupo decilico, no una cantidad: se preserva como cadena con el cero a la izquierda tal como lo publica la fuente. Se observan valores fuera del rango 1 a 10 (0 y 12); su tratamiento se describe en el Anexo I del diseno de registros del INDEC",ADECINDR
v2_m,FLOAT64,Monto por jubilación o pensión percibido en ese mes,Valor de aposentadoria ou pensao recebido naquele mes,Pension received that month,Monto por jubilación o pensión percibido en ese mes,2003-03(3)2023-03,no,,ars,no,El valor -9 indica Ns./Nr. y no un monto negativo; debe excluirse antes de cualquier calculo. Presente en 77 de 87 ondas (2003Q3 a 2023Q3),O valor -9 indica Ns./Nr. e nao um montante negativo; deve ser excluido antes de qualquer calculo. Presente em 77 de 87 ondas (2003Q3 a 2023Q3),"The value -9 means no answer, not a negative amount; it must be excluded before any calculation. Present in 77 of 87 waves (2003Q3 to 2023Q3)",El valor -9 indica Ns./Nr. y no un monto negativo; debe excluirse antes de cualquier calculo. Presente en 77 de 87 ondas (2003Q3 a 2023Q3),V2_M
v3_m,FLOAT64,Monto por indemnización o despido percibido en ese mes,Valor de indenizacao ou demissao recebido naquele mes,Severance or redundancy pay received that month,Monto por indemnización o despido percibido en ese mes,,no,,ars,no,El valor -9 indica Ns./Nr. y no un monto negativo; debe excluirse antes de cualquier calculo,O valor -9 indica Ns./Nr. e nao um montante negativo; deve ser excluido antes de qualquer calculo,"The value -9 means no answer, not a negative amount; it must be excluded before any calculation",El valor -9 indica Ns./Nr. y no un monto negativo; debe excluirse antes de cualquier calculo,V3_M
v4_m,FLOAT64,Monto por seguro de desempleo percibido en ese mes,Valor do seguro-desemprego recebido naquele mes,Unemployment insurance received that month,Monto por seguro de desempleo percibido en ese mes,,no,,ars,no,El valor -9 indica Ns./Nr. y no un monto negativo; debe excluirse antes de cualquier calculo,O valor -9 indica Ns./Nr. e nao um montante negativo; deve ser excluido antes de qualquer calculo,"The value -9 means no answer, not a negative amount; it must be excluded before any calculation",El valor -9 indica Ns./Nr. y no un monto negativo; debe excluirse antes de cualquier calculo,V4_M
v5_m,FLOAT64,Monto por subsidio o ayuda social (en dinero) percibido en ese mes,Valor de auxilio ou ajuda social em dinheiro recebido naquele mes,Cash benefit or social assistance received that month,Monto por subsidio o ayuda social (en dinero) percibido en ese mes,2003-03(3)2023-03,no,,ars,no,El valor -9 indica Ns./Nr. y no un monto negativo; debe excluirse antes de cualquier calculo. Presente en 77 de 87 ondas (2003Q3 a 2023Q3),O valor -9 indica Ns./Nr. e nao um montante negativo; deve ser excluido antes de qualquer calculo. Presente em 77 de 87 ondas (2003Q3 a 2023Q3),"The value -9 means no answer, not a negative amount; it must be excluded before any calculation. Present in 77 of 87 waves (2003Q3 to 2023Q3)",El valor -9 indica Ns./Nr. y no un monto negativo; debe excluirse antes de cualquier calculo. Presente en 77 de 87 ondas (2003Q3 a 2023Q3),V5_M
v8_m,FLOAT64,Monto por alquiler de su propiedad percibido en ese mes,Valor do aluguel de sua propriedade recebido naquele mes,Rent from their property received that month,Monto por alquiler de su propiedad percibido en ese mes,,no,,ars,no,El valor -9 indica Ns./Nr. y no un monto negativo; debe excluirse antes de cualquier calculo,O valor -9 indica Ns./Nr. e nao um montante negativo; deve ser excluido antes de qualquer calculo,"The value -9 means no answer, not a negative amount; it must be excluded before any calculation",El valor -9 indica Ns./Nr. y no un monto negativo; debe excluirse antes de cualquier calculo,V8_M
v9_m,FLOAT64,Monto por ganancias de algún negocio en el que no trabajó percibido en ese mes,Valor de lucros de algum negocio no qual nao trabalhou recebido naquele mes,"Profits from a business they did not work in, received that month",Monto por ganancias de algún negocio en el que no trabajó percibido en ese mes,,no,,ars,no,El valor -9 indica Ns./Nr. y no un monto negativo; debe excluirse antes de cualquier calculo,O valor -9 indica Ns./Nr. e nao um montante negativo; deve ser excluido antes de qualquer calculo,"The value -9 means no answer, not a negative amount; it must be excluded before any calculation",El valor -9 indica Ns./Nr. y no un monto negativo; debe excluirse antes de cualquier calculo,V9_M
v10_m,FLOAT64,Monto por intereses o rentas por plazos fijos/inversiones percibido en ese mes,Valor de juros ou rendimentos de aplicacoes e investimentos recebido naquele mes,Interest or income from term deposits and investments received that month,Monto por intereses o rentas por plazos fijos/inversiones percibido en ese mes,,no,,ars,no,El valor -9 indica Ns./Nr. y no un monto negativo; debe excluirse antes de cualquier calculo,O valor -9 indica Ns./Nr. e nao um montante negativo; deve ser excluido antes de qualquer calculo,"The value -9 means no answer, not a negative amount; it must be excluded before any calculation",El valor -9 indica Ns./Nr. y no un monto negativo; debe excluirse antes de cualquier calculo,V10_M
v11_m,FLOAT64,Monto por beca de estudio percibido en ese mes,Valor da bolsa de estudo recebido naquele mes,Study scholarship received that month,Monto por beca de estudio percibido en ese mes,2003-03(3)2023-03,no,,ars,no,El valor -9 indica Ns./Nr. y no un monto negativo; debe excluirse antes de cualquier calculo. Presente en 77 de 87 ondas (2003Q3 a 2023Q3),O valor -9 indica Ns./Nr. e nao um montante negativo; deve ser excluido antes de qualquer calculo. Presente em 77 de 87 ondas (2003Q3 a 2023Q3),"The value -9 means no answer, not a negative amount; it must be excluded before any calculation. Present in 77 of 87 waves (2003Q3 to 2023Q3)",El valor -9 indica Ns./Nr. y no un monto negativo; debe excluirse antes de cualquier calculo. Presente en 77 de 87 ondas (2003Q3 a 2023Q3),V11_M
v12_m,FLOAT64,Monto por cuota de alimentos/ayuda (en dinero) de personas que no viven en el ho,Valor de pensao alimenticia ou ajuda em dinheiro de pessoas que nao moram no domicilio,Maintenance payments or cash help from people who do not live in the household,Monto por cuota de alimentos/ayuda (en dinero) de personas que no viven en el ho,,no,,ars,no,El valor -9 indica Ns./Nr. y no un monto negativo; debe excluirse antes de cualquier calculo,O valor -9 indica Ns./Nr. e nao um montante negativo; deve ser excluido antes de qualquer calculo,"The value -9 means no answer, not a negative amount; it must be excluded before any calculation",El valor -9 indica Ns./Nr. y no un monto negativo; debe excluirse antes de cualquier calculo,V12_M
v18_m,FLOAT64,Monto por otros ingresos en efectivo percibido en ese mes,Valor de outros rendimentos em dinheiro recebido naquele mes,Other cash income received that month,Monto por otros ingresos en efectivo percibido en ese mes,,no,,ars,no,El valor -9 indica Ns./Nr. y no un monto negativo; debe excluirse antes de cualquier calculo,O valor -9 indica Ns./Nr. e nao um montante negativo; deve ser excluido antes de qualquer calculo,"The value -9 means no answer, not a negative amount; it must be excluded before any calculation",El valor -9 indica Ns./Nr. y no un monto negativo; debe excluirse antes de cualquier calculo,V18_M
v19_am,FLOAT64,Monto por trabajo de menores de 10 años percibido en ese mes,Valor do trabalho de menores de 10 anos recebido naquele mes,"Earnings from the work of children under 10, received that month",Monto por trabajo de menores de 10 años percibido en ese mes,,no,,ars,no,El valor -9 indica Ns./Nr. y no un monto negativo; debe excluirse antes de cualquier calculo,O valor -9 indica Ns./Nr. e nao um montante negativo; deve ser excluido antes de qualquer calculo,"The value -9 means no answer, not a negative amount; it must be excluded before any calculation",El valor -9 indica Ns./Nr. y no un monto negativo; debe excluirse antes de cualquier calculo,V19_AM
v21_m,FLOAT64,Monto por aguinaldo de la jubilación percibido en ese mes,Valor do decimo terceiro da aposentadoria recebido naquele mes,Pension annual bonus received that month,Monto por aguinaldo de la jubilación percibido en ese mes,2003-03(3)2023-03,no,,ars,no,El valor -9 indica Ns./Nr. y no un monto negativo; debe excluirse antes de cualquier calculo. Presente en 77 de 87 ondas (2003Q3 a 2023Q3),O valor -9 indica Ns./Nr. e nao um montante negativo; deve ser excluido antes de qualquer calculo. Presente em 77 de 87 ondas (2003Q3 a 2023Q3),"The value -9 means no answer, not a negative amount; it must be excluded before any calculation. Present in 77 of 87 waves (2003Q3 to 2023Q3)",El valor -9 indica Ns./Nr. y no un monto negativo; debe excluirse antes de cualquier calculo. Presente en 77 de 87 ondas (2003Q3 a 2023Q3),V21_M
t_vi,FLOAT64,Monto total de ingreso no laboral percibido en ese mes,Valor total do rendimento nao proveniente do trabalho recebido naquele mes,Total non-labour income received that month,Monto total de ingreso no laboral percibido en ese mes,,no,,ars,no,El valor -9 indica Ns./Nr. y no un monto negativo; debe excluirse antes de cualquier calculo,O valor -9 indica Ns./Nr. e nao um montante negativo; deve ser excluido antes de qualquer calculo,"The value -9 means no answer, not a negative amount; it must be excluded before any calculation",El valor -9 indica Ns./Nr. y no un monto negativo; debe excluirse antes de cualquier calculo,T_VI
itf,FLOAT64,Monto total de ingreso familiar percibido en ese mes,Valor total do rendimento familiar recebido naquele mes,Total family income received that month,Monto total de ingreso familiar percibido en ese mes,,no,,ars,no,,,,,ITF
decifr,STRING,Grupo decílico de ITF del TOTAL EPH,Grupo decilico do ITF do TOTAL EPH,Decile group of total family income across the EPH TOTAL,Grupo decílico de ITF del TOTAL EPH,,no,,,no,"Numero de grupo decilico, no una cantidad: se preserva como cadena con el cero a la izquierda tal como lo publica la fuente. Se observan valores fuera del rango 1 a 10 (0 y 12); su tratamiento se describe en el Anexo I del diseno de registros del INDEC","Numero de grupo decilico, nao uma quantidade: preservado como cadeia com o zero a esquerda tal como a fonte publica. Observam-se valores fora do intervalo 1 a 10 (0 e 12); seu tratamento e descrito no Anexo I do desenho de registros do INDEC","A decile group number, not a quantity: kept as a string with its leading zero as the source publishes it. Values outside 1 to 10 occur (0 and 12); INDEC describes their treatment in Annex I of the record layout","Numero de grupo decilico, no una cantidad: se preserva como cadena con el cero a la izquierda tal como lo publica la fuente. Se observan valores fuera del rango 1 a 10 (0 y 12); su tratamiento se describe en el Anexo I del diseno de registros del INDEC",DECIFR
idecifr,STRING,Grupo decílico de ITF del INTERIOR EPH,Grupo decilico do ITF do INTERIOR EPH,Decile group of total family income in the EPH INTERIOR,Grupo decílico de ITF del INTERIOR EPH,,no,,,no,"Numero de grupo decilico, no una cantidad: se preserva como cadena con el cero a la izquierda tal como lo publica la fuente. Se observan valores fuera del rango 1 a 10 (0 y 12); su tratamiento se describe en el Anexo I del diseno de registros del INDEC","Numero de grupo decilico, nao uma quantidade: preservado como cadeia com o zero a esquerda tal como a fonte publica. Observam-se valores fora do intervalo 1 a 10 (0 e 12); seu tratamento e descrito no Anexo I do desenho de registros do INDEC","A decile group number, not a quantity: kept as a string with its leading zero as the source publishes it. Values outside 1 to 10 occur (0 and 12); INDEC describes their treatment in Annex I of the record layout","Numero de grupo decilico, no una cantidad: se preserva como cadena con el cero a la izquierda tal como lo publica la fuente. Se observan valores fuera del rango 1 a 10 (0 y 12); su tratamiento se describe en el Anexo I del diseno de registros del INDEC",IDECIFR
rdecifr,STRING,Grupo decílico de ITF de la REGION,Grupo decilico do ITF da REGIAO,Decile group of total family income within the REGION,Grupo decílico de ITF de la REGION,,no,,,no,"Numero de grupo decilico, no una cantidad: se preserva como cadena con el cero a la izquierda tal como lo publica la fuente. Se observan valores fuera del rango 1 a 10 (0 y 12); su tratamiento se describe en el Anexo I del diseno de registros del INDEC","Numero de grupo decilico, nao uma quantidade: preservado como cadeia com o zero a esquerda tal como a fonte publica. Observam-se valores fora do intervalo 1 a 10 (0 e 12); seu tratamento e descrito no Anexo I do desenho de registros do INDEC","A decile group number, not a quantity: kept as a string with its leading zero as the source publishes it. Values outside 1 to 10 occur (0 and 12); INDEC describes their treatment in Annex I of the record layout","Numero de grupo decilico, no una cantidad: se preserva como cadena con el cero a la izquierda tal como lo publica la fuente. Se observan valores fuera del rango 1 a 10 (0 y 12); su tratamiento se describe en el Anexo I del diseno de registros del INDEC",RDECIFR
gdecifr,STRING,Grupo decílico de ITF del CONJUNTO DE AGLOMERADOS DE 500 MIL Y MAS HABITANTES,Grupo decilico do ITF do CONJUNTO DE AGLOMERADOS DE 500 MIL OU MAIS HABITANTES,"Decile group of total family income across AGGLOMERATES OF 500,000 OR MORE INHABITANTS",Grupo decílico de ITF del CONJUNTO DE AGLOMERADOS DE 500 MIL Y MAS HABITANTES,,no,,,no,"Numero de grupo decilico, no una cantidad: se preserva como cadena con el cero a la izquierda tal como lo publica la fuente. Se observan valores fuera del rango 1 a 10 (0 y 12); su tratamiento se describe en el Anexo I del diseno de registros del INDEC","Numero de grupo decilico, nao uma quantidade: preservado como cadeia com o zero a esquerda tal como a fonte publica. Observam-se valores fora do intervalo 1 a 10 (0 e 12); seu tratamento e descrito no Anexo I do desenho de registros do INDEC","A decile group number, not a quantity: kept as a string with its leading zero as the source publishes it. Values outside 1 to 10 occur (0 and 12); INDEC describes their treatment in Annex I of the record layout","Numero de grupo decilico, no una cantidad: se preserva como cadena con el cero a la izquierda tal como lo publica la fuente. Se observan valores fuera del rango 1 a 10 (0 y 12); su tratamiento se describe en el Anexo I del diseno de registros del INDEC",GDECIFR
pdecifr,STRING,Grupo decílico de ITF del CONJUNTO DE AGLOMERADOS DE MENOS DE 500 MIL HABITANTES,Grupo decilico do ITF do CONJUNTO DE AGLOMERADOS DE MENOS DE 500 MIL HABITANTES,"Decile group of total family income across AGGLOMERATES OF UNDER 500,000 INHABITANTS",Grupo decílico de ITF del CONJUNTO DE AGLOMERADOS DE MENOS DE 500 MIL HABITANTES,,no,,,no,"Numero de grupo decilico, no una cantidad: se preserva como cadena con el cero a la izquierda tal como lo publica la fuente. Se observan valores fuera del rango 1 a 10 (0 y 12); su tratamiento se describe en el Anexo I del diseno de registros del INDEC","Numero de grupo decilico, nao uma quantidade: preservado como cadeia com o zero a esquerda tal como a fonte publica. Observam-se valores fora do intervalo 1 a 10 (0 e 12); seu tratamento e descrito no Anexo I do desenho de registros do INDEC","A decile group number, not a quantity: kept as a string with its leading zero as the source publishes it. Values outside 1 to 10 occur (0 and 12); INDEC describes their treatment in Annex I of the record layout","Numero de grupo decilico, no una cantidad: se preserva como cadena con el cero a la izquierda tal como lo publica la fuente. Se observan valores fuera del rango 1 a 10 (0 y 12); su tratamiento se describe en el Anexo I del diseno de registros del INDEC",PDECIFR
adecifr,STRING,Grupo decílico de ITF del AGLOMERADO,Grupo decilico do ITF do AGLOMERADO,Decile group of total family income within the AGGLOMERATE,Grupo decílico de ITF del AGLOMERADO,,no,,,no,"Numero de grupo decilico, no una cantidad: se preserva como cadena con el cero a la izquierda tal como lo publica la fuente. Se observan valores fuera del rango 1 a 10 (0 y 12); su tratamiento se describe en el Anexo I del diseno de registros del INDEC","Numero de grupo decilico, nao uma quantidade: preservado como cadeia com o zero a esquerda tal como a fonte publica. Observam-se valores fora do intervalo 1 a 10 (0 e 12); seu tratamento e descrito no Anexo I do desenho de registros do INDEC","A decile group number, not a quantity: kept as a string with its leading zero as the source publishes it. Values outside 1 to 10 occur (0 and 12); INDEC describes their treatment in Annex I of the record layout","Numero de grupo decilico, no una cantidad: se preserva como cadena con el cero a la izquierda tal como lo publica la fuente. Se observan valores fuera del rango 1 a 10 (0 y 12); su tratamiento se describe en el Anexo I del diseno de registros del INDEC",ADECIFR
ipcf,FLOAT64,Monto de ingreso per cápita familiar percibido en ese mes,Valor do rendimento per capita familiar recebido naquele mes,Per capita family income received that month,Monto de ingreso per cápita familiar percibido en ese mes,,no,,ars,no,,,,,IPCF
deccfr,STRING,Grupo decílico de IPCF del TOTAL EPH,Grupo decilico do IPCF do TOTAL EPH,Decile group of per capita family income across the EPH TOTAL,Grupo decílico de IPCF del TOTAL EPH,,no,,,no,"Numero de grupo decilico, no una cantidad: se preserva como cadena con el cero a la izquierda tal como lo publica la fuente. Se observan valores fuera del rango 1 a 10 (0 y 12); su tratamiento se describe en el Anexo I del diseno de registros del INDEC","Numero de grupo decilico, nao uma quantidade: preservado como cadeia com o zero a esquerda tal como a fonte publica. Observam-se valores fora do intervalo 1 a 10 (0 e 12); seu tratamento e descrito no Anexo I do desenho de registros do INDEC","A decile group number, not a quantity: kept as a string with its leading zero as the source publishes it. Values outside 1 to 10 occur (0 and 12); INDEC describes their treatment in Annex I of the record layout","Numero de grupo decilico, no una cantidad: se preserva como cadena con el cero a la izquierda tal como lo publica la fuente. Se observan valores fuera del rango 1 a 10 (0 y 12); su tratamiento se describe en el Anexo I del diseno de registros del INDEC",DECCFR
ideccfr,STRING,Grupo decílico de IPCF del INTERIOR EPH,Grupo decilico do IPCF do INTERIOR EPH,Decile group of per capita family income in the EPH INTERIOR,Grupo decílico de IPCF del INTERIOR EPH,,no,,,no,"Numero de grupo decilico, no una cantidad: se preserva como cadena con el cero a la izquierda tal como lo publica la fuente. Se observan valores fuera del rango 1 a 10 (0 y 12); su tratamiento se describe en el Anexo I del diseno de registros del INDEC","Numero de grupo decilico, nao uma quantidade: preservado como cadeia com o zero a esquerda tal como a fonte publica. Observam-se valores fora do intervalo 1 a 10 (0 e 12); seu tratamento e descrito no Anexo I do desenho de registros do INDEC","A decile group number, not a quantity: kept as a string with its leading zero as the source publishes it. Values outside 1 to 10 occur (0 and 12); INDEC describes their treatment in Annex I of the record layout","Numero de grupo decilico, no una cantidad: se preserva como cadena con el cero a la izquierda tal como lo publica la fuente. Se observan valores fuera del rango 1 a 10 (0 y 12); su tratamiento se describe en el Anexo I del diseno de registros del INDEC",IDECCFR
rdeccfr,STRING,Grupo decílico de IPCF de la REGION,Grupo decilico do IPCF da REGIAO,Decile group of per capita family income within the REGION,Grupo decílico de IPCF de la REGION,,no,,,no,"Numero de grupo decilico, no una cantidad: se preserva como cadena con el cero a la izquierda tal como lo publica la fuente. Se observan valores fuera del rango 1 a 10 (0 y 12); su tratamiento se describe en el Anexo I del diseno de registros del INDEC","Numero de grupo decilico, nao uma quantidade: preservado como cadeia com o zero a esquerda tal como a fonte publica. Observam-se valores fora do intervalo 1 a 10 (0 e 12); seu tratamento e descrito no Anexo I do desenho de registros do INDEC","A decile group number, not a quantity: kept as a string with its leading zero as the source publishes it. Values outside 1 to 10 occur (0 and 12); INDEC describes their treatment in Annex I of the record layout","Numero de grupo decilico, no una cantidad: se preserva como cadena con el cero a la izquierda tal como lo publica la fuente. Se observan valores fuera del rango 1 a 10 (0 y 12); su tratamiento se describe en el Anexo I del diseno de registros del INDEC",RDECCFR
gdeccfr,STRING,Grupo decílico de IPCF del CONJUNTO DE AGLOMERADOS DE 500 MIL Y MAS HABITANTES,Grupo decilico do IPCF do CONJUNTO DE AGLOMERADOS DE 500 MIL OU MAIS HABITANTES,"Decile group of per capita family income across AGGLOMERATES OF 500,000 OR MORE INHABITANTS",Grupo decílico de IPCF del CONJUNTO DE AGLOMERADOS DE 500 MIL Y MAS HABITANTES,,no,,,no,"Numero de grupo decilico, no una cantidad: se preserva como cadena con el cero a la izquierda tal como lo publica la fuente. Se observan valores fuera del rango 1 a 10 (0 y 12); su tratamiento se describe en el Anexo I del diseno de registros del INDEC","Numero de grupo decilico, nao uma quantidade: preservado como cadeia com o zero a esquerda tal como a fonte publica. Observam-se valores fora do intervalo 1 a 10 (0 e 12); seu tratamento e descrito no Anexo I do desenho de registros do INDEC","A decile group number, not a quantity: kept as a string with its leading zero as the source publishes it. Values outside 1 to 10 occur (0 and 12); INDEC describes their treatment in Annex I of the record layout","Numero de grupo decilico, no una cantidad: se preserva como cadena con el cero a la izquierda tal como lo publica la fuente. Se observan valores fuera del rango 1 a 10 (0 y 12); su tratamiento se describe en el Anexo I del diseno de registros del INDEC",GDECCFR
pdeccfr,STRING,Grupo decílico de IPCF del CONJUNTO DE AGLOMERADOS DE MENOS DE 500 MIL HABITANTE,Grupo decilico do IPCF do CONJUNTO DE AGLOMERADOS DE MENOS DE 500 MIL HABITANTES,"Decile group of per capita family income across AGGLOMERATES OF UNDER 500,000 INHABITANTS",Grupo decílico de IPCF del CONJUNTO DE AGLOMERADOS DE MENOS DE 500 MIL HABITANTE,,no,,,no,"Numero de grupo decilico, no una cantidad: se preserva como cadena con el cero a la izquierda tal como lo publica la fuente. Se observan valores fuera del rango 1 a 10 (0 y 12); su tratamiento se describe en el Anexo I del diseno de registros del INDEC","Numero de grupo decilico, nao uma quantidade: preservado como cadeia com o zero a esquerda tal como a fonte publica. Observam-se valores fora do intervalo 1 a 10 (0 e 12); seu tratamento e descrito no Anexo I do desenho de registros do INDEC","A decile group number, not a quantity: kept as a string with its leading zero as the source publishes it. Values outside 1 to 10 occur (0 and 12); INDEC describes their treatment in Annex I of the record layout","Numero de grupo decilico, no una cantidad: se preserva como cadena con el cero a la izquierda tal como lo publica la fuente. Se observan valores fuera del rango 1 a 10 (0 y 12); su tratamiento se describe en el Anexo I del diseno de registros del INDEC",PDECCFR
adeccfr,STRING,Grupo decílico de IPCF del AGLOMERADO,Grupo decilico do IPCF do AGLOMERADO,Decile group of per capita family income within the AGGLOMERATE,Grupo decílico de IPCF del AGLOMERADO,,no,,,no,"Numero de grupo decilico, no una cantidad: se preserva como cadena con el cero a la izquierda tal como lo publica la fuente. Se observan valores fuera del rango 1 a 10 (0 y 12); su tratamiento se describe en el Anexo I del diseno de registros del INDEC","Numero de grupo decilico, nao uma quantidade: preservado como cadeia com o zero a esquerda tal como a fonte publica. Observam-se valores fora do intervalo 1 a 10 (0 e 12); seu tratamento e descrito no Anexo I do desenho de registros do INDEC","A decile group number, not a quantity: kept as a string with its leading zero as the source publishes it. Values outside 1 to 10 occur (0 and 12); INDEC describes their treatment in Annex I of the record layout","Numero de grupo decilico, no una cantidad: se preserva como cadena con el cero a la izquierda tal como lo publica la fuente. Se observan valores fuera del rango 1 a 10 (0 y 12); su tratamiento se describe en el Anexo I del diseno de registros del INDEC",ADECCFR
pj1_1,STRING,Ocupados con plan jefas jefes de hogar en su ocupación principal,Ocupados com o plano Jefas y Jefes de Hogar em sua ocupacao principal,People employed on the Jefas y Jefes de Hogar programme in their main occupation,Ocupados con plan jefas jefes de hogar en su ocupación principal,2003-03(3)2010-04,yes,,,no,Presente en 29 de 87 ondas (2003Q3 a 2010Q4),Presente em 29 de 87 ondas (2003Q3 a 2010Q4),Present in 29 of 87 waves (2003Q3 to 2010Q4),Presente en 29 de 87 ondas (2003Q3 a 2010Q4),PJ1_1
pj2_1,STRING,Resto de ocupados con plan jefas jefes de hogar,Demais ocupados com o plano Jefas y Jefes de Hogar,Other employed people on the Jefas y Jefes de Hogar programme,Resto de ocupados con plan jefas jefes de hogar,2003-03(3)2010-04,yes,,,no,Presente en 29 de 87 ondas (2003Q3 a 2010Q4),Presente em 29 de 87 ondas (2003Q3 a 2010Q4),Present in 29 of 87 waves (2003Q3 to 2010Q4),Presente en 29 de 87 ondas (2003Q3 a 2010Q4),PJ2_1
pj3_1,STRING,Desocupados e inactivos con plan jefas jefes de hogar,Desocupados e inativos com o plano Jefas y Jefes de Hogar,Unemployed and inactive people on the Jefas y Jefes de Hogar programme,Desocupados e inactivos con plan jefas jefes de hogar,2003-03(3)2010-04,yes,,,no,Presente en 29 de 87 ondas (2003Q3 a 2010Q4),Presente em 29 de 87 ondas (2003Q3 a 2010Q4),Present in 29 of 87 waves (2003Q3 to 2010Q4),Presente en 29 de 87 ondas (2003Q3 a 2010Q4),PJ3_1
idimpp,STRING,Identificador de casos imputados en monto de ingreso,Identificador de casos imputados no valor do rendimento,Flag for cases whose income amount was imputed,Identificador de casos imputados en monto de ingreso,2003-03(3)2015-02,no,,,no,Presente en 47 de 87 ondas (2003Q3 a 2015Q2),Presente em 47 de 87 ondas (2003Q3 a 2015Q2),Present in 47 of 87 waves (2003Q3 to 2015Q2),Presente en 47 de 87 ondas (2003Q3 a 2015Q2),IDIMPP
pp04b_caes,STRING,Código de Actividad para ocupados (CAES-1.0),Codigo de atividade para ocupados (CAES-1.0),Activity code for the employed (CAES-1.0),Código de Actividad para ocupados (CAES-1.0),2011-01(3)2015-02,no,,,no,"Codigo que se resuelve contra el clasificador de actividad CAES-1.0 de INDEC, no contra la tabla dicionario de este conjunto. Presente en 18 de 87 ondas (2011Q1 a 2015Q2)","Codigo que se resolve contra o classificador de atividade CAES-1.0 do INDEC, nao contra a tabela dicionario deste conjunto. Presente em 18 de 87 ondas (2011Q1 a 2015Q2)","A code resolved against INDEC's CAES-1.0 activity classifier, not against this dataset's dicionario table. Present in 18 of 87 waves (2011Q1 to 2015Q2)","Codigo que se resuelve contra el clasificador de actividad CAES-1.0 de INDEC, no contra la tabla dicionario de este conjunto. Presente en 18 de 87 ondas (2011Q1 a 2015Q2)",PP04B_CAES
pp11b_caes,STRING,Código de Actividad para desocupados con ocupación anterior (CAES-1.0),Codigo de atividade para desocupados com ocupacao anterior (CAES-1.0),Activity code for the unemployed with a previous job (CAES-1.0),Código de Actividad para desocupados con ocupación anterior (CAES-1.0),2011-01(3)2015-02,no,,,no,"Codigo que se resuelve contra el clasificador de actividad CAES-1.0 de INDEC, no contra la tabla dicionario de este conjunto. Presente en 18 de 87 ondas (2011Q1 a 2015Q2)","Codigo que se resolve contra o classificador de atividade CAES-1.0 do INDEC, nao contra a tabela dicionario deste conjunto. Presente em 18 de 87 ondas (2011Q1 a 2015Q2)","A code resolved against INDEC's CAES-1.0 activity classifier, not against this dataset's dicionario table. Present in 18 of 87 waves (2011Q1 to 2015Q2)","Codigo que se resuelve contra el clasificador de actividad CAES-1.0 de INDEC, no contra la tabla dicionario de este conjunto. Presente en 18 de 87 ondas (2011Q1 a 2015Q2)",PP11B_CAES
ch05,STRING,"Fecha de nacimiento (día, mes y año)","Data de nascimento (dia, mes e ano)","Date of birth (day, month and year)","Fecha de nacimiento (día, mes y año)",2016-02(3)2026-01,no,,,no,Fecha de nacimiento en formato DD/MM/AAAA tal como la publica la fuente; se preserva como cadena para no perder los valores que no son fechas validas. Presente en 40 de 87 ondas (2016Q2 a 2026Q1). Descripcion tomada del diseno de registros de INDEC; las bases TXT no traen etiquetas de variable,Data de nascimento no formato DD/MM/AAAA tal como a fonte publica; preservada como cadeia para nao perder os valores que nao sao datas validas. Presente em 40 de 87 ondas (2016Q2 a 2026Q1). Descricao tomada do desenho de registros do INDEC; as bases TXT nao trazem etiquetas de variavel,Date of birth in DD/MM/YYYY form as the source publishes it; kept as a string so the values that are not valid dates are not lost. Present in 40 of 87 waves (2016Q2 to 2026Q1). Description taken from INDEC's record layout; the TXT releases carry no variable labels,Fecha de nacimiento en formato DD/MM/AAAA tal como la publica la fuente; se preserva como cadena para no perder los valores que no son fechas validas. Presente en 40 de 87 ondas (2016Q2 a 2026Q1). Descripcion tomada del diseno de registros de INDEC; las bases TXT no traen etiquetas de variable,CH05
imputa,STRING,Indica los casos que han sido imputados,Indica os casos que foram imputados,Marks the cases that were imputed,Indica los casos que han sido imputados,2016-02(3)2026-01,no,,,no,Presente en 40 de 87 ondas (2016Q2 a 2026Q1). Descripcion tomada del diseno de registros de INDEC; las bases TXT no traen etiquetas de variable,Presente em 40 de 87 ondas (2016Q2 a 2026Q1). Descricao tomada do desenho de registros do INDEC; as bases TXT nao trazem etiquetas de variavel,Present in 40 of 87 waves (2016Q2 to 2026Q1). Description taken from INDEC's record layout; the TXT releases carry no variable labels,Presente en 40 de 87 ondas (2016Q2 a 2026Q1). Descripcion tomada del diseno de registros de INDEC; las bases TXT no traen etiquetas de variable,IMPUTA
v2_02_m,FLOAT64,"Monto del ingreso por jubilación o pensión de ""ama de casa"" o por moratoria previsional","Valor do rendimento por aposentadoria ou pensao de ""dona de casa"" ou por moratoria previdenciaria","Income from a ""homemaker"" pension or one granted under a pension moratorium","Monto del ingreso por jubilación o pensión de ""ama de casa"" o por moratoria previsional",2023-04(3)2026-01,no,,ars,no,El valor -9 indica Ns./Nr. y no un monto negativo; debe excluirse antes de cualquier calculo. Presente en 10 de 87 ondas (2023Q4 a 2026Q1). Descripcion tomada del diseno de registros de INDEC; las bases TXT no traen etiquetas de variable,O valor -9 indica Ns./Nr. e nao um montante negativo; deve ser excluido antes de qualquer calculo. Presente em 10 de 87 ondas (2023Q4 a 2026Q1). Descricao tomada do desenho de registros do INDEC; as bases TXT nao trazem etiquetas de variavel,"The value -9 means no answer, not a negative amount; it must be excluded before any calculation. Present in 10 of 87 waves (2023Q4 to 2026Q1). Description taken from INDEC's record layout; the TXT releases carry no variable labels",El valor -9 indica Ns./Nr. y no un monto negativo; debe excluirse antes de cualquier calculo. Presente en 10 de 87 ondas (2023Q4 a 2026Q1). Descripcion tomada del diseno de registros de INDEC; las bases TXT no traen etiquetas de variable,V2_02_M
v2_03_m,FLOAT64,"Monto del ingreso por otras pensiones, como por ejemplo discapacidad, Madre de 7 hijos, PUAM, vejez, etc","Valor do rendimento por outras pensoes, como deficiencia, Mae de 7 filhos, PUAM, velhice, etc.","Income from other pensions, such as disability, Mother of 7 children, PUAM or old age","Monto del ingreso por otras pensiones, como por ejemplo discapacidad, Madre de 7 hijos, PUAM, vejez, etc",2023-04(3)2026-01,no,,ars,no,El valor -9 indica Ns./Nr. y no un monto negativo; debe excluirse antes de cualquier calculo. Presente en 10 de 87 ondas (2023Q4 a 2026Q1). Descripcion tomada del diseno de registros de INDEC; las bases TXT no traen etiquetas de variable,O valor -9 indica Ns./Nr. e nao um montante negativo; deve ser excluido antes de qualquer calculo. Presente em 10 de 87 ondas (2023Q4 a 2026Q1). Descricao tomada do desenho de registros do INDEC; as bases TXT nao trazem etiquetas de variavel,"The value -9 means no answer, not a negative amount; it must be excluded before any calculation. Present in 10 of 87 waves (2023Q4 to 2026Q1). Description taken from INDEC's record layout; the TXT releases carry no variable labels",El valor -9 indica Ns./Nr. y no un monto negativo; debe excluirse antes de cualquier calculo. Presente en 10 de 87 ondas (2023Q4 a 2026Q1). Descripcion tomada del diseno de registros de INDEC; las bases TXT no traen etiquetas de variable,V2_03_M
v5_03_m,FLOAT64,"Monto del ingreso por ayuda en dinero a través de iglesias, parroquias, organizaciones no gubernamentales","Valor do rendimento por ajuda em dinheiro de igrejas, paroquias ou organizacoes nao governamentais","Income from cash help through churches, parishes or non-governmental organisations","Monto del ingreso por ayuda en dinero a través de iglesias, parroquias, organizaciones no gubernamentales",2023-04(3)2026-01,no,,ars,no,El valor -9 indica Ns./Nr. y no un monto negativo; debe excluirse antes de cualquier calculo. Presente en 10 de 87 ondas (2023Q4 a 2026Q1). Descripcion tomada del diseno de registros de INDEC; las bases TXT no traen etiquetas de variable,O valor -9 indica Ns./Nr. e nao um montante negativo; deve ser excluido antes de qualquer calculo. Presente em 10 de 87 ondas (2023Q4 a 2026Q1). Descricao tomada do desenho de registros do INDEC; as bases TXT nao trazem etiquetas de variavel,"The value -9 means no answer, not a negative amount; it must be excluded before any calculation. Present in 10 of 87 waves (2023Q4 to 2026Q1). Description taken from INDEC's record layout; the TXT releases carry no variable labels",El valor -9 indica Ns./Nr. y no un monto negativo; debe excluirse antes de cualquier calculo. Presente en 10 de 87 ondas (2023Q4 a 2026Q1). Descripcion tomada del diseno de registros de INDEC; las bases TXT no traen etiquetas de variable,V5_03_M
v11_02_m,FLOAT64,Monto del ingreso por otra beca de estudio (en dinero) de instituciones no gubernamentales,Valor do rendimento por outra bolsa de estudo em dinheiro de instituicoes nao governamentais,Income from another cash study scholarship from non-governmental institutions,Monto del ingreso por otra beca de estudio (en dinero) de instituciones no gubernamentales,2023-04(3)2026-01,no,,ars,no,El valor -9 indica Ns./Nr. y no un monto negativo; debe excluirse antes de cualquier calculo. Presente en 10 de 87 ondas (2023Q4 a 2026Q1). Descripcion tomada del diseno de registros de INDEC; las bases TXT no traen etiquetas de variable,O valor -9 indica Ns./Nr. e nao um montante negativo; deve ser excluido antes de qualquer calculo. Presente em 10 de 87 ondas (2023Q4 a 2026Q1). Descricao tomada do desenho de registros do INDEC; as bases TXT nao trazem etiquetas de variavel,"The value -9 means no answer, not a negative amount; it must be excluded before any calculation. Present in 10 of 87 waves (2023Q4 to 2026Q1). Description taken from INDEC's record layout; the TXT releases carry no variable labels",El valor -9 indica Ns./Nr. y no un monto negativo; debe excluirse antes de cualquier calculo. Presente en 10 de 87 ondas (2023Q4 a 2026Q1). Descripcion tomada del diseno de registros de INDEC; las bases TXT no traen etiquetas de variable,V11_02_M
pp07b1_01,STRING,"Por este trabajo, ¿cobra algún plan? (como el Potenciar u otro similar)","Por este trabalho, recebe algum programa? (como o Potenciar ou similar)","For this job, do they receive any programme payment? (such as Potenciar or similar)","Por este trabajo, ¿cobra algún plan? (como el Potenciar u otro similar)",2023-04(3)2026-01,yes,,,no,Presente en 10 de 87 ondas (2023Q4 a 2026Q1). Descripcion tomada del diseno de registros de INDEC; las bases TXT no traen etiquetas de variable,Presente em 10 de 87 ondas (2023Q4 a 2026Q1). Descricao tomada do desenho de registros do INDEC; as bases TXT nao trazem etiquetas de variavel,Present in 10 of 87 waves (2023Q4 to 2026Q1). Description taken from INDEC's record layout; the TXT releases carry no variable labels,Presente en 10 de 87 ondas (2023Q4 a 2026Q1). Descripcion tomada del diseno de registros de INDEC; las bases TXT no traen etiquetas de variable,PP07B1_01
empleo,STRING,Condición de formalidad del empleo en la ocupación principal,Condicao de formalidade do emprego na ocupacao principal,Formality of employment in the main occupation,Condición de formalidad del empleo en la ocupación principal,2023-04(3)2026-01,yes,,,no,"Presente en 10 de 87 ondas (2023Q4 a 2026Q1). El diseño de registros de INDEC lista solamente los códigos (1 = Formal, 2 = Informal, 9 = Ns/Nr) sin un rótulo para la variable.","Presente em 10 de 87 ondas (2023Q4 a 2026Q1). O desenho de registros do INDEC lista apenas os codigos (1 = Formal, 2 = Informal, 9 = Ns/Nr) sem um rotulo para a variavel.","Present in 10 of 87 waves (2023Q4 to 2026Q1). INDEC's record layout lists only the codes (1 = Formal, 2 = Informal, 9 = no answer) with no label for the variable.","Presente en 10 de 87 ondas (2023Q4 a 2026Q1). El diseño de registros de INDEC lista solamente los códigos (1 = Formal, 2 = Informal, 9 = Ns/Nr) sin un rótulo para la variable.",EMPLEO
sector,STRING,Sector de la ocupación principal según formalidad,Setor da ocupacao principal conforme a formalidade,Sector of the main occupation by formality,Sector de la ocupación principal según formalidad,2023-04(3)2026-01,yes,,,no,"Presente en 10 de 87 ondas (2023Q4 a 2026Q1). El diseño de registros de INDEC lista solamente los códigos (1 = Formal, 2 = Informal, 3 = Hogares, 9 = Ns/Nr) sin un rótulo para la variable.","Presente em 10 de 87 ondas (2023Q4 a 2026Q1). O desenho de registros do INDEC lista apenas os codigos (1 = Formal, 2 = Informal, 3 = Domicilios, 9 = Ns/Nr) sem um rotulo para a variavel.","Present in 10 of 87 waves (2023Q4 to 2026Q1). INDEC's record layout lists only the codes (1 = Formal, 2 = Informal, 3 = Households, 9 = no answer) with no label for the variable.","Presente en 10 de 87 ondas (2023Q4 a 2026Q1). El diseño de registros de INDEC lista solamente los códigos (1 = Formal, 2 = Informal, 3 = Hogares, 9 = Ns/Nr) sin un rótulo para la variable.",SECTOR
pp02a,STRING,"Si la semana pasada conseguía un trabajo, ¿podía empezar a trabajar ya? (o a más tardar en dos semanas)","Se na semana passada conseguisse um trabalho, poderia comecar a trabalhar imediatamente? (ou no maximo em duas semanas)","If they had found a job last week, could they have started right away? (or within two weeks at the latest)","Si la semana pasada conseguía un trabajo, ¿podía empezar a trabajar ya? (o a más tardar en dos semanas)",2023-04(3)2026-01,yes,,,no,Presente en 10 de 87 ondas (2023Q4 a 2026Q1). Descripcion tomada del diseno de registros de INDEC; las bases TXT no traen etiquetas de variable,Presente em 10 de 87 ondas (2023Q4 a 2026Q1). Descricao tomada do desenho de registros do INDEC; as bases TXT nao trazem etiquetas de variavel,Present in 10 of 87 waves (2023Q4 to 2026Q1). Description taken from INDEC's record layout; the TXT releases carry no variable labels,Presente en 10 de 87 ondas (2023Q4 a 2026Q1). Descripcion tomada del diseno de registros de INDEC; las bases TXT no traen etiquetas de variable,PP02A
pp02b,STRING,"¿Durante los últimos 30 días, estuvo buscando trabajo de alguna manera?","Durante os ultimos 30 dias, procurou trabalho de alguma maneira?","During the last 30 days, were they looking for work in any way?","¿Durante los últimos 30 días, estuvo buscando trabajo de alguna manera?",2023-04(3)2026-01,yes,,,no,Presente en 10 de 87 ondas (2023Q4 a 2026Q1). Descripcion tomada del diseno de registros de INDEC; las bases TXT no traen etiquetas de variable,Presente em 10 de 87 ondas (2023Q4 a 2026Q1). Descricao tomada do desenho de registros do INDEC; as bases TXT nao trazem etiquetas de variavel,Present in 10 of 87 waves (2023Q4 to 2026Q1). Description taken from INDEC's record layout; the TXT releases carry no variable labels,Presente en 10 de 87 ondas (2023Q4 a 2026Q1). Descripcion tomada del diseno de registros de INDEC; las bases TXT no traen etiquetas de variable,PP02B
pp02d,STRING,"¿Durante esos 30 días, consultó amigos/parientes, puso carteles, hizo algo para ponerse por su cuenta?","Durante esses 30 dias, consultou amigos ou parentes, colocou cartazes, fez algo para trabalhar por conta propria?","During those 30 days, did they ask friends or relatives, put up notices, or take steps to become self-employed?","¿Durante esos 30 días, consultó amigos/parientes, puso carteles, hizo algo para ponerse por su cuenta?",2023-04(3)2026-01,yes,,,no,Presente en 10 de 87 ondas (2023Q4 a 2026Q1). Descripcion tomada del diseno de registros de INDEC; las bases TXT no traen etiquetas de variable,Presente em 10 de 87 ondas (2023Q4 a 2026Q1). Descricao tomada do desenho de registros do INDEC; as bases TXT nao trazem etiquetas de variavel,Present in 10 of 87 waves (2023Q4 to 2026Q1). Description taken from INDEC's record layout; the TXT releases carry no variable labels,Presente en 10 de 87 ondas (2023Q4 a 2026Q1). Descripcion tomada del diseno de registros de INDEC; las bases TXT no traen etiquetas de variable,PP02D
pp02f,STRING,"¿Durante los últimos 30 días, estuvo buscando trabajo de alguna manera?","Durante os ultimos 30 dias, procurou trabalho de alguma maneira?","During the last 30 days, were they looking for work in any way?","¿Durante los últimos 30 días, estuvo buscando trabajo de alguna manera?",2023-04(3)2026-01,yes,,,no,Presente en 10 de 87 ondas (2023Q4 a 2026Q1). Descripcion tomada del diseno de registros de INDEC; las bases TXT no traen etiquetas de variable,Presente em 10 de 87 ondas (2023Q4 a 2026Q1). Descricao tomada do desenho de registros do INDEC; as bases TXT nao trazem etiquetas de variavel,Present in 10 of 87 waves (2023Q4 to 2026Q1). Description taken from INDEC's record layout; the TXT releases carry no variable labels,Presente en 10 de 87 ondas (2023Q4 a 2026Q1). Descripcion tomada del diseno de registros de INDEC; las bases TXT no traen etiquetas de variable,PP02F
pp02g,STRING,¿Puede ................... empezar a trabajar ya? (o a más tardar en dos semanas),Pode ................... comecar a trabalhar imediatamente? (ou no maximo em duas semanas),Could ................... start working right away? (or within two weeks at the latest),¿Puede ................... empezar a trabajar ya? (o a más tardar en dos semanas),2023-04(3)2026-01,yes,,,no,Presente en 10 de 87 ondas (2023Q4 a 2026Q1). Descripcion tomada del diseno de registros de INDEC; las bases TXT no traen etiquetas de variable,Presente em 10 de 87 ondas (2023Q4 a 2026Q1). Descricao tomada do desenho de registros do INDEC; as bases TXT nao trazem etiquetas de variavel,Present in 10 of 87 waves (2023Q4 to 2026Q1). Description taken from INDEC's record layout; the TXT releases carry no variable labels,Presente en 10 de 87 ondas (2023Q4 a 2026Q1). Descripcion tomada del diseno de registros de INDEC; las bases TXT no traen etiquetas de variable,PP02G
pp03k,STRING,¿Estuvo buscando porque,Estava procurando porque,They were looking because,¿Estuvo buscando porque,2023-04(3)2026-01,yes,,,no,Presente en 10 de 87 ondas (2023Q4 a 2026Q1). Descripcion tomada del diseno de registros de INDEC; las bases TXT no traen etiquetas de variable,Presente em 10 de 87 ondas (2023Q4 a 2026Q1). Descricao tomada do desenho de registros do INDEC; as bases TXT nao trazem etiquetas de variavel,Present in 10 of 87 waves (2023Q4 to 2026Q1). Description taken from INDEC's record layout; the TXT releases carry no variable labels,Presente en 10 de 87 ondas (2023Q4 a 2026Q1). Descripcion tomada del diseno de registros de INDEC; las bases TXT no traen etiquetas de variable,PP03K
pp04a1,STRING,¿Es de nivel…,E de nivel...,Is it at the level of...,¿Es de nivel…,2023-04(3)2026-01,yes,,,no,Presente en 10 de 87 ondas (2023Q4 a 2026Q1). Descripcion tomada del diseno de registros de INDEC; las bases TXT no traen etiquetas de variable,Presente em 10 de 87 ondas (2023Q4 a 2026Q1). Descricao tomada do desenho de registros do INDEC; as bases TXT nao trazem etiquetas de variavel,Present in 10 of 87 waves (2023Q4 to 2026Q1). Description taken from INDEC's record layout; the TXT releases carry no variable labels,Presente en 10 de 87 ondas (2023Q4 a 2026Q1). Descripcion tomada del diseno de registros de INDEC; las bases TXT no traen etiquetas de variable,PP04A1
pp05b3,STRING,"¿El negocio/empresa/actividad donde trabaja o ayuda, puede emitir facturas?","O negocio, empresa ou atividade onde trabalha ou ajuda pode emitir notas fiscais?",Can the business or activity where they work or help issue invoices?,"¿El negocio/empresa/actividad donde trabaja o ayuda, puede emitir facturas?",2023-04(3)2026-01,yes,,,no,Presente en 10 de 87 ondas (2023Q4 a 2026Q1). Descripcion tomada del diseno de registros de INDEC; las bases TXT no traen etiquetas de variable,Presente em 10 de 87 ondas (2023Q4 a 2026Q1). Descricao tomada do desenho de registros do INDEC; as bases TXT nao trazem etiquetas de variavel,Present in 10 of 87 waves (2023Q4 to 2026Q1). Description taken from INDEC's record layout; the TXT releases carry no variable labels,Presente en 10 de 87 ondas (2023Q4 a 2026Q1). Descripcion tomada del diseno de registros de INDEC; las bases TXT no traen etiquetas de variable,PP05B3
pp05i,STRING,"En los últimos 3 meses, por este trabajo, ¿realizó aportes como…","Nos ultimos 3 meses, por este trabalho, fez contribuicoes como...","In the last 3 months, for this job, did they contribute as...","En los últimos 3 meses, por este trabajo, ¿realizó aportes como…",2023-04(3)2026-01,yes,,,no,Presente en 10 de 87 ondas (2023Q4 a 2026Q1). Descripcion tomada del diseno de registros de INDEC; las bases TXT no traen etiquetas de variable,Presente em 10 de 87 ondas (2023Q4 a 2026Q1). Descricao tomada do desenho de registros do INDEC; as bases TXT nao trazem etiquetas de variavel,Present in 10 of 87 waves (2023Q4 to 2026Q1). Description taken from INDEC's record layout; the TXT releases carry no variable labels,Presente en 10 de 87 ondas (2023Q4 a 2026Q1). Descripcion tomada del diseno de registros de INDEC; las bases TXT no traen etiquetas de variable,PP05I
pp05j,STRING,¿No los realizó porque…,Nao os realizou porque...,They did not make them because...,¿No los realizó porque…,2023-04(3)2026-01,yes,,,no,Presente en 10 de 87 ondas (2023Q4 a 2026Q1). Descripcion tomada del diseno de registros de INDEC; las bases TXT no traen etiquetas de variable,Presente em 10 de 87 ondas (2023Q4 a 2026Q1). Descricao tomada do desenho de registros do INDEC; as bases TXT nao trazem etiquetas de variavel,Present in 10 of 87 waves (2023Q4 to 2026Q1). Description taken from INDEC's record layout; the TXT releases carry no variable labels,Presente en 10 de 87 ondas (2023Q4 a 2026Q1). Descripcion tomada del diseno de registros de INDEC; las bases TXT no traen etiquetas de variable,PP05J
pp05k,STRING,"Este negocio/empresa/actividad, ¿puede emitir facturas?","Este negocio, empresa ou atividade pode emitir notas fiscais?",Can this business or activity issue invoices?,"Este negocio/empresa/actividad, ¿puede emitir facturas?",2023-04(3)2026-01,yes,,,no,Presente en 10 de 87 ondas (2023Q4 a 2026Q1). Descripcion tomada del diseno de registros de INDEC; las bases TXT no traen etiquetas de variable,Presente em 10 de 87 ondas (2023Q4 a 2026Q1). Descricao tomada do desenho de registros do INDEC; as bases TXT nao trazem etiquetas de variavel,Present in 10 of 87 waves (2023Q4 to 2026Q1). Description taken from INDEC's record layout; the TXT releases carry no variable labels,Presente en 10 de 87 ondas (2023Q4 a 2026Q1). Descripcion tomada del diseno de registros de INDEC; las bases TXT no traen etiquetas de variable,PP05K
pp06e1,STRING,"Este negocio/empresa/actividad, ¿recurre a los servicios de un contador/tiene oficina contable?","Este negocio, empresa ou atividade recorre aos servicos de um contador ou tem escritorio contabil?",Does this business or activity use an accountant or have an accounting office?,"Este negocio/empresa/actividad, ¿recurre a los servicios de un contador/tiene oficina contable?",2023-04(3)2026-01,yes,,,no,Presente en 10 de 87 ondas (2023Q4 a 2026Q1). Descripcion tomada del diseno de registros de INDEC; las bases TXT no traen etiquetas de variable,Presente em 10 de 87 ondas (2023Q4 a 2026Q1). Descricao tomada do desenho de registros do INDEC; as bases TXT nao trazem etiquetas de variavel,Present in 10 of 87 waves (2023Q4 to 2026Q1). Description taken from INDEC's record layout; the TXT releases carry no variable labels,Presente en 10 de 87 ondas (2023Q4 a 2026Q1). Descripcion tomada del diseno de registros de INDEC; las bases TXT no traen etiquetas de variable,PP06E1
pp06k,STRING,Lo ganado corresponde a su trabajo de…,O que ganhou corresponde ao seu trabalho de...,What they earned corresponds to their work of...,Lo ganado corresponde a su trabajo de…,2023-04(3)2026-01,yes,,,no,Presente en 10 de 87 ondas (2023Q4 a 2026Q1). Descripcion tomada del diseno de registros de INDEC; las bases TXT no traen etiquetas de variable,Presente em 10 de 87 ondas (2023Q4 a 2026Q1). Descricao tomada do desenho de registros do INDEC; as bases TXT nao trazem etiquetas de variavel,Present in 10 of 87 waves (2023Q4 to 2026Q1). Description taken from INDEC's record layout; the TXT releases carry no variable labels,Presente en 10 de 87 ondas (2023Q4 a 2026Q1). Descripcion tomada del diseno de registros de INDEC; las bases TXT no traen etiquetas de variable,PP06K
pp06k_sem,INT64,¿Cuántos días por semana?,Quantos dias por semana?,How many days per week?,¿Cuántos días por semana?,2023-04(3)2026-01,no,,day,no,Presente en 10 de 87 ondas (2023Q4 a 2026Q1). Descripcion tomada del diseno de registros de INDEC; las bases TXT no traen etiquetas de variable,Presente em 10 de 87 ondas (2023Q4 a 2026Q1). Descricao tomada do desenho de registros do INDEC; as bases TXT nao trazem etiquetas de variavel,Present in 10 of 87 waves (2023Q4 to 2026Q1). Description taken from INDEC's record layout; the TXT releases carry no variable labels,Presente en 10 de 87 ondas (2023Q4 a 2026Q1). Descripcion tomada del diseno de registros de INDEC; las bases TXT no traen etiquetas de variable,PP06K_SEM
pp06k_mes,INT64,¿Cuántos días en el mes?,Quantos dias no mes?,How many days in the month?,¿Cuántos días en el mes?,2023-04(3)2026-01,no,,day,no,Presente en 10 de 87 ondas (2023Q4 a 2026Q1). Descripcion tomada del diseno de registros de INDEC; las bases TXT no traen etiquetas de variable,Presente em 10 de 87 ondas (2023Q4 a 2026Q1). Descricao tomada do desenho de registros do INDEC; as bases TXT nao trazem etiquetas de variavel,Present in 10 of 87 waves (2023Q4 to 2026Q1). Description taken from INDEC's record layout; the TXT releases carry no variable labels,Presente en 10 de 87 ondas (2023Q4 a 2026Q1). Descripcion tomada del diseno de registros de INDEC; las bases TXT no traen etiquetas de variable,PP06K_MES
pp06l,INT64,¿A cuántas horas por día corresponde? (en un día promedio),A quantas horas por dia corresponde? (em um dia medio),How many hours a day does that correspond to? (on an average day),¿A cuántas horas por día corresponde? (en un día promedio),2023-04(3)2026-01,no,,hour,no,Presente en 10 de 87 ondas (2023Q4 a 2026Q1). Descripcion tomada del diseno de registros de INDEC; las bases TXT no traen etiquetas de variable,Presente em 10 de 87 ondas (2023Q4 a 2026Q1). Descricao tomada do desenho de registros do INDEC; as bases TXT nao trazem etiquetas de variavel,Present in 10 of 87 waves (2023Q4 to 2026Q1). Description taken from INDEC's record layout; the TXT releases carry no variable labels,Presente en 10 de 87 ondas (2023Q4 a 2026Q1). Descripcion tomada del diseno de registros de INDEC; las bases TXT no traen etiquetas de variable,PP06L
pp07f1_1,STRING,¿Para realizar su trabajo tiene que utilizar… …sus propias maquinarias/equipos?,Para realizar seu trabalho tem que utilizar... suas proprias maquinas ou equipamentos?,To do their work must they use... their own machinery or equipment?,¿Para realizar su trabajo tiene que utilizar… …sus propias maquinarias/equipos?,2023-04(3)2026-01,yes,,,no,Presente en 10 de 87 ondas (2023Q4 a 2026Q1). Descripcion tomada del diseno de registros de INDEC; las bases TXT no traen etiquetas de variable,Presente em 10 de 87 ondas (2023Q4 a 2026Q1). Descricao tomada do desenho de registros do INDEC; as bases TXT nao trazem etiquetas de variavel,Present in 10 of 87 waves (2023Q4 to 2026Q1). Description taken from INDEC's record layout; the TXT releases carry no variable labels,Presente en 10 de 87 ondas (2023Q4 a 2026Q1). Descripcion tomada del diseno de registros de INDEC; las bases TXT no traen etiquetas de variable,PP07F1_1
pp07f1_2,STRING,…local propio?,...local proprio?,...their own premises?,…local propio?,2023-04(3)2026-01,yes,,,no,Presente en 10 de 87 ondas (2023Q4 a 2026Q1). Descripcion tomada del diseno de registros de INDEC; las bases TXT no traen etiquetas de variable,Presente em 10 de 87 ondas (2023Q4 a 2026Q1). Descricao tomada do desenho de registros do INDEC; as bases TXT nao trazem etiquetas de variavel,Present in 10 of 87 waves (2023Q4 to 2026Q1). Description taken from INDEC's record layout; the TXT releases carry no variable labels,Presente en 10 de 87 ondas (2023Q4 a 2026Q1). Descripcion tomada del diseno de registros de INDEC; las bases TXT no traen etiquetas de variable,PP07F1_2
pp07f1_3,STRING,…vehículo propio?,...veiculo proprio?,...their own vehicle?,…vehículo propio?,2023-04(3)2026-01,yes,,,no,Presente en 10 de 87 ondas (2023Q4 a 2026Q1). Descripcion tomada del diseno de registros de INDEC; las bases TXT no traen etiquetas de variable,Presente em 10 de 87 ondas (2023Q4 a 2026Q1). Descricao tomada do desenho de registros do INDEC; as bases TXT nao trazem etiquetas de variavel,Present in 10 of 87 waves (2023Q4 to 2026Q1). Description taken from INDEC's record layout; the TXT releases carry no variable labels,Presente en 10 de 87 ondas (2023Q4 a 2026Q1). Descripcion tomada del diseno de registros de INDEC; las bases TXT no traen etiquetas de variable,PP07F1_3
pp07i2,STRING,"El negocio/empresa/institución que le paga, ¿le hace el descuento jubilatorio a alguno de sus empleados?","O negocio, empresa ou instituicao que lhe paga faz o desconto previdenciario de algum de seus empregados?",Does the business or institution that pays them withhold pension contributions for any of its employees?,"El negocio/empresa/institución que le paga, ¿le hace el descuento jubilatorio a alguno de sus empleados?",2023-04(3)2026-01,yes,,,no,Presente en 10 de 87 ondas (2023Q4 a 2026Q1). Descripcion tomada del diseno de registros de INDEC; las bases TXT no traen etiquetas de variable,Presente em 10 de 87 ondas (2023Q4 a 2026Q1). Descricao tomada do desenho de registros do INDEC; as bases TXT nao trazem etiquetas de variavel,Present in 10 of 87 waves (2023Q4 to 2026Q1). Description taken from INDEC's record layout; the TXT releases carry no variable labels,Presente en 10 de 87 ondas (2023Q4 a 2026Q1). Descripcion tomada del diseno de registros de INDEC; las bases TXT no traen etiquetas de variable,PP07I2
pp07i3,STRING,"El negocio/empresa/institución que le paga, ¿emite facturas?","O negocio, empresa ou instituicao que lhe paga emite notas fiscais?",Does the business or institution that pays them issue invoices?,"El negocio/empresa/institución que le paga, ¿emite facturas?",2023-04(3)2026-01,yes,,,no,Presente en 10 de 87 ondas (2023Q4 a 2026Q1). Descripcion tomada del diseno de registros de INDEC; las bases TXT no traen etiquetas de variable,Presente em 10 de 87 ondas (2023Q4 a 2026Q1). Descricao tomada do desenho de registros do INDEC; as bases TXT nao trazem etiquetas de variavel,Present in 10 of 87 waves (2023Q4 to 2026Q1). Description taken from INDEC's record layout; the TXT releases carry no variable labels,Presente en 10 de 87 ondas (2023Q4 a 2026Q1). Descripcion tomada del diseno de registros de INDEC; las bases TXT no traen etiquetas de variable,PP07I3
pp07i4,STRING,"El negocio/empresa/institución que le paga, ¿cuenta con los servicios de un contador/oficina contable?","O negocio, empresa ou instituicao que lhe paga conta com os servicos de um contador ou escritorio contabil?",Does the business or institution that pays them use an accountant or accounting office?,"El negocio/empresa/institución que le paga, ¿cuenta con los servicios de un contador/oficina contable?",2023-04(3)2026-01,yes,,,no,Presente en 10 de 87 ondas (2023Q4 a 2026Q1). Descripcion tomada del diseno de registros de INDEC; las bases TXT no traen etiquetas de variable,Presente em 10 de 87 ondas (2023Q4 a 2026Q1). Descricao tomada do desenho de registros do INDEC; as bases TXT nao trazem etiquetas de variavel,Present in 10 of 87 waves (2023Q4 to 2026Q1). Description taken from INDEC's record layout; the TXT releases carry no variable labels,Presente en 10 de 87 ondas (2023Q4 a 2026Q1). Descripcion tomada del diseno de registros de INDEC; las bases TXT no traen etiquetas de variable,PP07I4
pp07l,STRING,El recibo abarca…,O recibo abrange...,The payslip covers...,El recibo abarca…,2023-04(3)2026-01,yes,,,no,Presente en 10 de 87 ondas (2023Q4 a 2026Q1). Descripcion tomada del diseno de registros de INDEC; las bases TXT no traen etiquetas de variable,Presente em 10 de 87 ondas (2023Q4 a 2026Q1). Descricao tomada do desenho de registros do INDEC; as bases TXT nao trazem etiquetas de variavel,Present in 10 of 87 waves (2023Q4 to 2026Q1). Description taken from INDEC's record layout; the TXT releases carry no variable labels,Presente en 10 de 87 ondas (2023Q4 a 2026Q1). Descripcion tomada del diseno de registros de INDEC; las bases TXT no traen etiquetas de variable,PP07L
pp07m,STRING,"Aproximadamente, ¿qué parte de su sueldo no está en el recibo?","Aproximadamente, que parte do seu salario nao consta no recibo?",Roughly what share of their pay is not on the payslip?,"Aproximadamente, ¿qué parte de su sueldo no está en el recibo?",2023-04(3)2026-01,yes,,,no,Presente en 10 de 87 ondas (2023Q4 a 2026Q1). Descripcion tomada del diseno de registros de INDEC; las bases TXT no traen etiquetas de variable,Presente em 10 de 87 ondas (2023Q4 a 2026Q1). Descricao tomada do desenho de registros do INDEC; as bases TXT nao trazem etiquetas de variavel,Present in 10 of 87 waves (2023Q4 to 2026Q1). Description taken from INDEC's record layout; the TXT releases carry no variable labels,Presente en 10 de 87 ondas (2023Q4 a 2026Q1). Descripcion tomada del diseno de registros de INDEC; las bases TXT no traen etiquetas de variable,PP07M
pp08g,STRING,Ese cobro (o arreglo) corresponde a su trabajo de…,Esse recebimento (ou acordo) corresponde ao seu trabalho de...,That payment (or arrangement) corresponds to their work of...,Ese cobro (o arreglo) corresponde a su trabajo de…,2023-04(3)2026-01,yes,,,no,Presente en 10 de 87 ondas (2023Q4 a 2026Q1). Descripcion tomada del diseno de registros de INDEC; las bases TXT no traen etiquetas de variable,Presente em 10 de 87 ondas (2023Q4 a 2026Q1). Descricao tomada do desenho de registros do INDEC; as bases TXT nao trazem etiquetas de variavel,Present in 10 of 87 waves (2023Q4 to 2026Q1). Description taken from INDEC's record layout; the TXT releases carry no variable labels,Presente en 10 de 87 ondas (2023Q4 a 2026Q1). Descripcion tomada del diseno de registros de INDEC; las bases TXT no traen etiquetas de variable,PP08G
pp08g_dsem,INT64,¿Cuántos días por semana?,Quantos dias por semana?,How many days per week?,¿Cuántos días por semana?,2023-04(3)2026-01,no,,day,no,Presente en 10 de 87 ondas (2023Q4 a 2026Q1). Descripcion tomada del diseno de registros de INDEC; las bases TXT no traen etiquetas de variable,Presente em 10 de 87 ondas (2023Q4 a 2026Q1). Descricao tomada do desenho de registros do INDEC; as bases TXT nao trazem etiquetas de variavel,Present in 10 of 87 waves (2023Q4 to 2026Q1). Description taken from INDEC's record layout; the TXT releases carry no variable labels,Presente en 10 de 87 ondas (2023Q4 a 2026Q1). Descripcion tomada del diseno de registros de INDEC; las bases TXT no traen etiquetas de variable,PP08G_DSEM
pp08g_dmes,INT64,¿Cuántos días en el mes?,Quantos dias no mes?,How many days in the month?,¿Cuántos días en el mes?,2023-04(3)2026-01,no,,day,no,Presente en 10 de 87 ondas (2023Q4 a 2026Q1). Descripcion tomada del diseno de registros de INDEC; las bases TXT no traen etiquetas de variable,Presente em 10 de 87 ondas (2023Q4 a 2026Q1). Descricao tomada do desenho de registros do INDEC; as bases TXT nao trazem etiquetas de variavel,Present in 10 of 87 waves (2023Q4 to 2026Q1). Description taken from INDEC's record layout; the TXT releases carry no variable labels,Presente en 10 de 87 ondas (2023Q4 a 2026Q1). Descripcion tomada del diseno de registros de INDEC; las bases TXT no traen etiquetas de variable,PP08G_DMES
pp08h,INT64,¿A cuántas horas por día corresponde? (en un día promedio),A quantas horas por dia corresponde? (em um dia medio),How many hours a day does that correspond to? (on an average day),¿A cuántas horas por día corresponde? (en un día promedio),2023-04(3)2026-01,no,,hour,no,Presente en 10 de 87 ondas (2023Q4 a 2026Q1). Descripcion tomada del diseno de registros de INDEC; las bases TXT no traen etiquetas de variable,Presente em 10 de 87 ondas (2023Q4 a 2026Q1). Descricao tomada do desenho de registros do INDEC; as bases TXT nao trazem etiquetas de variavel,Present in 10 of 87 waves (2023Q4 to 2026Q1). Description taken from INDEC's record layout; the TXT releases carry no variable labels,Presente en 10 de 87 ondas (2023Q4 a 2026Q1). Descripcion tomada del diseno de registros de INDEC; las bases TXT no traen etiquetas de variable,PP08H
pp10b1,STRING,¿Por qué razones no encuentra? Recién empezó a buscar,Por que razoes nao encontra? Comecou a procurar recentemente,Why can they not find work? They only just started looking,¿Por qué razones no encuentra? Recién empezó a buscar,2023-04(3)2026-01,yes,,,no,Presente en 10 de 87 ondas (2023Q4 a 2026Q1). Descripcion tomada del diseno de registros de INDEC; las bases TXT no traen etiquetas de variable,Presente em 10 de 87 ondas (2023Q4 a 2026Q1). Descricao tomada do desenho de registros do INDEC; as bases TXT nao trazem etiquetas de variavel,Present in 10 of 87 waves (2023Q4 to 2026Q1). Description taken from INDEC's record layout; the TXT releases carry no variable labels,Presente en 10 de 87 ondas (2023Q4 a 2026Q1). Descripcion tomada del diseno de registros de INDEC; las bases TXT no traen etiquetas de variable,PP10B1
pp10b2,STRING,Por la edad,Pela idade,Because of their age,Por la edad,2023-04(3)2026-01,yes,,,no,Presente en 10 de 87 ondas (2023Q4 a 2026Q1). Descripcion tomada del diseno de registros de INDEC; las bases TXT no traen etiquetas de variable,Presente em 10 de 87 ondas (2023Q4 a 2026Q1). Descricao tomada do desenho de registros do INDEC; as bases TXT nao trazem etiquetas de variavel,Present in 10 of 87 waves (2023Q4 to 2026Q1). Description taken from INDEC's record layout; the TXT releases carry no variable labels,Presente en 10 de 87 ondas (2023Q4 a 2026Q1). Descripcion tomada del diseno de registros de INDEC; las bases TXT no traen etiquetas de variable,PP10B2
pp10b3,STRING,Falta de trabajo en su especialidad,Falta de trabalho em sua especialidade,No work available in their field,Falta de trabajo en su especialidad,2023-04(3)2026-01,yes,,,no,Presente en 10 de 87 ondas (2023Q4 a 2026Q1). Descripcion tomada del diseno de registros de INDEC; las bases TXT no traen etiquetas de variable,Presente em 10 de 87 ondas (2023Q4 a 2026Q1). Descricao tomada do desenho de registros do INDEC; as bases TXT nao trazem etiquetas de variavel,Present in 10 of 87 waves (2023Q4 to 2026Q1). Description taken from INDEC's record layout; the TXT releases carry no variable labels,Presente en 10 de 87 ondas (2023Q4 a 2026Q1). Descripcion tomada del diseno de registros de INDEC; las bases TXT no traen etiquetas de variable,PP10B3
pp10b4,STRING,No tiene experiencia/capacitación,Nao tem experiencia ou qualificacao,Has no experience or training,No tiene experiencia/capacitación,2023-04(3)2026-01,yes,,,no,Presente en 10 de 87 ondas (2023Q4 a 2026Q1). Descripcion tomada del diseno de registros de INDEC; las bases TXT no traen etiquetas de variable,Presente em 10 de 87 ondas (2023Q4 a 2026Q1). Descricao tomada do desenho de registros do INDEC; as bases TXT nao trazem etiquetas de variavel,Present in 10 of 87 waves (2023Q4 to 2026Q1). Description taken from INDEC's record layout; the TXT releases carry no variable labels,Presente en 10 de 87 ondas (2023Q4 a 2026Q1). Descripcion tomada del diseno de registros de INDEC; las bases TXT no traen etiquetas de variable,PP10B4
pp10b5,STRING,Le faltan vinculaciones para conseguir trabajo,Faltam-lhe contatos para conseguir trabalho,Lacks the connections to find work,Le faltan vinculaciones para conseguir trabajo,2023-04(3)2026-01,yes,,,no,Presente en 10 de 87 ondas (2023Q4 a 2026Q1). Descripcion tomada del diseno de registros de INDEC; las bases TXT no traen etiquetas de variable,Presente em 10 de 87 ondas (2023Q4 a 2026Q1). Descricao tomada do desenho de registros do INDEC; as bases TXT nao trazem etiquetas de variavel,Present in 10 of 87 waves (2023Q4 to 2026Q1). Description taken from INDEC's record layout; the TXT releases carry no variable labels,Presente en 10 de 87 ondas (2023Q4 a 2026Q1). Descripcion tomada del diseno de registros de INDEC; las bases TXT no traen etiquetas de variable,PP10B5
pp10b6,STRING,No hay trabajo,Nao ha trabalho,There is no work,No hay trabajo,2023-04(3)2026-01,yes,,,no,Presente en 10 de 87 ondas (2023Q4 a 2026Q1). Descripcion tomada del diseno de registros de INDEC; las bases TXT no traen etiquetas de variable,Presente em 10 de 87 ondas (2023Q4 a 2026Q1). Descricao tomada do desenho de registros do INDEC; as bases TXT nao trazem etiquetas de variavel,Present in 10 of 87 waves (2023Q4 to 2026Q1). Description taken from INDEC's record layout; the TXT releases carry no variable labels,Presente en 10 de 87 ondas (2023Q4 a 2026Q1). Descripcion tomada del diseno de registros de INDEC; las bases TXT no traen etiquetas de variable,PP10B6
pp10b7,STRING,No le alcanza la plata para salir a buscar,O dinheiro nao lhe basta para sair a procurar,Cannot afford to go out looking,No le alcanza la plata para salir a buscar,2023-04(3)2026-01,yes,,,no,Presente en 10 de 87 ondas (2023Q4 a 2026Q1). Descripcion tomada del diseno de registros de INDEC; las bases TXT no traen etiquetas de variable,Presente em 10 de 87 ondas (2023Q4 a 2026Q1). Descricao tomada do desenho de registros do INDEC; as bases TXT nao trazem etiquetas de variavel,Present in 10 of 87 waves (2023Q4 to 2026Q1). Description taken from INDEC's record layout; the TXT releases carry no variable labels,Presente en 10 de 87 ondas (2023Q4 a 2026Q1). Descripcion tomada del diseno de registros de INDEC; las bases TXT no traen etiquetas de variable,PP10B7
pp10b8,STRING,Suspendido,Suspenso,Laid off,Suspendido,2023-04(3)2026-01,yes,,,no,Presente en 10 de 87 ondas (2023Q4 a 2026Q1). Descripcion tomada del diseno de registros de INDEC; las bases TXT no traen etiquetas de variable,Presente em 10 de 87 ondas (2023Q4 a 2026Q1). Descricao tomada do desenho de registros do INDEC; as bases TXT nao trazem etiquetas de variavel,Present in 10 of 87 waves (2023Q4 to 2026Q1). Description taken from INDEC's record layout; the TXT releases carry no variable labels,Presente en 10 de 87 ondas (2023Q4 a 2026Q1). Descripcion tomada del diseno de registros de INDEC; las bases TXT no traen etiquetas de variable,PP10B8
pp10b9,STRING,Otras razones,Outras razoes,Other reasons,Otras razones,2023-04(3)2026-01,yes,,,no,Presente en 10 de 87 ondas (2023Q4 a 2026Q1). Descripcion tomada del diseno de registros de INDEC; las bases TXT no traen etiquetas de variable,Presente em 10 de 87 ondas (2023Q4 a 2026Q1). Descricao tomada do desenho de registros do INDEC; as bases TXT nao trazem etiquetas de variavel,Present in 10 of 87 waves (2023Q4 to 2026Q1). Description taken from INDEC's record layout; the TXT releases carry no variable labels,Presente en 10 de 87 ondas (2023Q4 a 2026Q1). Descripcion tomada del diseno de registros de INDEC; las bases TXT no traen etiquetas de variable,PP10B9
pp10b10,STRING,Desconoce por qué no encuentra trabajo (solo autoinformante),Nao sabe por que nao encontra trabalho (apenas autoinformante),Does not know why they cannot find work (self-respondents only),Desconoce por qué no encuentra trabajo (solo autoinformante),2023-04(3)2026-01,yes,,,no,Presente en 10 de 87 ondas (2023Q4 a 2026Q1). Descripcion tomada del diseno de registros de INDEC; las bases TXT no traen etiquetas de variable,Presente em 10 de 87 ondas (2023Q4 a 2026Q1). Descricao tomada do desenho de registros do INDEC; as bases TXT nao trazem etiquetas de variavel,Present in 10 of 87 waves (2023Q4 to 2026Q1). Description taken from INDEC's record layout; the TXT releases carry no variable labels,Presente en 10 de 87 ondas (2023Q4 a 2026Q1). Descripcion tomada del diseno de registros de INDEC; las bases TXT no traen etiquetas de variable,PP10B10
pp11l2,STRING,¿Ese trabajo era,Esse trabalho era,That job was,¿Ese trabajo era,2023-04(3)2026-01,yes,,,no,Presente en 10 de 87 ondas (2023Q4 a 2026Q1). Descripcion tomada del diseno de registros de INDEC; las bases TXT no traen etiquetas de variable,Presente em 10 de 87 ondas (2023Q4 a 2026Q1). Descricao tomada do desenho de registros do INDEC; as bases TXT nao trazem etiquetas de variavel,Present in 10 of 87 waves (2023Q4 to 2026Q1). Description taken from INDEC's record layout; the TXT releases carry no variable labels,Presente en 10 de 87 ondas (2023Q4 a 2026Q1). Descripcion tomada del diseno de registros de INDEC; las bases TXT no traen etiquetas de variable,PP11L2
v2_01_m,FLOAT64,Monto del ingreso por jubilación o pensión obtenida por los aportes del trabajo,Valor do rendimento por aposentadoria ou pensao obtida pelas contribuicoes do trabalho,Income from a pension earned through work contributions,Monto del ingreso por jubilación o pensión obtenida por los aportes del trabajo,2023-04(3)2026-01,no,,ars,no,El valor -9 indica Ns./Nr. y no un monto negativo; debe excluirse antes de cualquier calculo. Presente en 10 de 87 ondas (2023Q4 a 2026Q1). Descripcion tomada del diseno de registros de INDEC; las bases TXT no traen etiquetas de variable,O valor -9 indica Ns./Nr. e nao um montante negativo; deve ser excluido antes de qualquer calculo. Presente em 10 de 87 ondas (2023Q4 a 2026Q1). Descricao tomada do desenho de registros do INDEC; as bases TXT nao trazem etiquetas de variavel,"The value -9 means no answer, not a negative amount; it must be excluded before any calculation. Present in 10 of 87 waves (2023Q4 to 2026Q1). Description taken from INDEC's record layout; the TXT releases carry no variable labels",El valor -9 indica Ns./Nr. y no un monto negativo; debe excluirse antes de cualquier calculo. Presente en 10 de 87 ondas (2023Q4 a 2026Q1). Descripcion tomada del diseno de registros de INDEC; las bases TXT no traen etiquetas de variable,V2_01_M
v5_01_m,FLOAT64,Monto del ingreso por la Asignación Universal por Hijo (AUH) y/o Asignación por Embarazo (incluye Tarjeta Alimentar),Valor do rendimento pela Asignacion Universal por Hijo (AUH) e/ou Asignacion por Embarazo (inclui Tarjeta Alimentar),Income from the Universal Child Allowance (AUH) and/or Pregnancy Allowance (includes the Tarjeta Alimentar),Monto del ingreso por la Asignación Universal por Hijo (AUH) y/o Asignación por Embarazo (incluye Tarjeta Alimentar),2023-04(3)2026-01,no,,ars,no,El valor -9 indica Ns./Nr. y no un monto negativo; debe excluirse antes de cualquier calculo. Presente en 10 de 87 ondas (2023Q4 a 2026Q1). Descripcion tomada del diseno de registros de INDEC; las bases TXT no traen etiquetas de variable,O valor -9 indica Ns./Nr. e nao um montante negativo; deve ser excluido antes de qualquer calculo. Presente em 10 de 87 ondas (2023Q4 a 2026Q1). Descricao tomada do desenho de registros do INDEC; as bases TXT nao trazem etiquetas de variavel,"The value -9 means no answer, not a negative amount; it must be excluded before any calculation. Present in 10 of 87 waves (2023Q4 to 2026Q1). Description taken from INDEC's record layout; the TXT releases carry no variable labels",El valor -9 indica Ns./Nr. y no un monto negativo; debe excluirse antes de cualquier calculo. Presente en 10 de 87 ondas (2023Q4 a 2026Q1). Descripcion tomada del diseno de registros de INDEC; las bases TXT no traen etiquetas de variable,V5_01_M
v5_02_m,FLOAT64,Monto del ingreso por otro plan social/subsidio en dinero otorgado por el gobierno,Valor do rendimento por outro programa social ou auxilio em dinheiro concedido pelo governo,Income from another cash social programme or benefit granted by the government,Monto del ingreso por otro plan social/subsidio en dinero otorgado por el gobierno,2023-04(3)2026-01,no,,ars,no,El valor -9 indica Ns./Nr. y no un monto negativo; debe excluirse antes de cualquier calculo. Presente en 10 de 87 ondas (2023Q4 a 2026Q1). Descripcion tomada del diseno de registros de INDEC; las bases TXT no traen etiquetas de variable,O valor -9 indica Ns./Nr. e nao um montante negativo; deve ser excluido antes de qualquer calculo. Presente em 10 de 87 ondas (2023Q4 a 2026Q1). Descricao tomada do desenho de registros do INDEC; as bases TXT nao trazem etiquetas de variavel,"The value -9 means no answer, not a negative amount; it must be excluded before any calculation. Present in 10 of 87 waves (2023Q4 to 2026Q1). Description taken from INDEC's record layout; the TXT releases carry no variable labels",El valor -9 indica Ns./Nr. y no un monto negativo; debe excluirse antes de cualquier calculo. Presente en 10 de 87 ondas (2023Q4 a 2026Q1). Descripcion tomada del diseno de registros de INDEC; las bases TXT no traen etiquetas de variable,V5_02_M
v11_01_m,FLOAT64,Monto del ingreso por una beca de estudio (en dinero) del gobierno para continuar estudios o finalizarlos (Ej.: Beca Progresar u otras),Valor do rendimento por uma bolsa de estudo em dinheiro do governo para continuar ou concluir os estudos (ex.: Beca Progresar),Income from a government cash study scholarship to continue or complete studies (e.g. Beca Progresar),Monto del ingreso por una beca de estudio (en dinero) del gobierno para continuar estudios o finalizarlos (Ej.: Beca Progresar u otras),2023-04(3)2026-01,no,,ars,no,El valor -9 indica Ns./Nr. y no un monto negativo; debe excluirse antes de cualquier calculo. Presente en 10 de 87 ondas (2023Q4 a 2026Q1). Descripcion tomada del diseno de registros de INDEC; las bases TXT no traen etiquetas de variable,O valor -9 indica Ns./Nr. e nao um montante negativo; deve ser excluido antes de qualquer calculo. Presente em 10 de 87 ondas (2023Q4 a 2026Q1). Descricao tomada do desenho de registros do INDEC; as bases TXT nao trazem etiquetas de variavel,"The value -9 means no answer, not a negative amount; it must be excluded before any calculation. Present in 10 of 87 waves (2023Q4 to 2026Q1). Description taken from INDEC's record layout; the TXT releases carry no variable labels",El valor -9 indica Ns./Nr. y no un monto negativo; debe excluirse antes de cualquier calculo. Presente en 10 de 87 ondas (2023Q4 a 2026Q1). Descripcion tomada del diseno de registros de INDEC; las bases TXT no traen etiquetas de variable,V11_01_M
v21_01_m,FLOAT64,Monto del ingreso por aguinaldo de jubilación o pensión obtenida por los aportes del trabajo,Valor do rendimento pelo decimo terceiro de aposentadoria ou pensao obtida pelas contribuicoes do trabalho,Income from the annual bonus of a pension earned through work contributions,Monto del ingreso por aguinaldo de jubilación o pensión obtenida por los aportes del trabajo,2023-04(3)2026-01,no,,ars,no,El valor -9 indica Ns./Nr. y no un monto negativo; debe excluirse antes de cualquier calculo. Presente en 10 de 87 ondas (2023Q4 a 2026Q1). Descripcion tomada del diseno de registros de INDEC; las bases TXT no traen etiquetas de variable,O valor -9 indica Ns./Nr. e nao um montante negativo; deve ser excluido antes de qualquer calculo. Presente em 10 de 87 ondas (2023Q4 a 2026Q1). Descricao tomada do desenho de registros do INDEC; as bases TXT nao trazem etiquetas de variavel,"The value -9 means no answer, not a negative amount; it must be excluded before any calculation. Present in 10 of 87 waves (2023Q4 to 2026Q1). Description taken from INDEC's record layout; the TXT releases carry no variable labels",El valor -9 indica Ns./Nr. y no un monto negativo; debe excluirse antes de cualquier calculo. Presente en 10 de 87 ondas (2023Q4 a 2026Q1). Descripcion tomada del diseno de registros de INDEC; las bases TXT no traen etiquetas de variable,V21_01_M
v21_02_m,FLOAT64,"Monto del ingreso por aguinaldo de jubilación o pensión de ""ama de casa"" o por moratoria previsional","Valor do rendimento pelo decimo terceiro de aposentadoria ou pensao de ""dona de casa"" ou por moratoria previdenciaria","Income from the annual bonus of a ""homemaker"" pension or one granted under a pension moratorium","Monto del ingreso por aguinaldo de jubilación o pensión de ""ama de casa"" o por moratoria previsional",2023-04(3)2026-01,no,,ars,no,El valor -9 indica Ns./Nr. y no un monto negativo; debe excluirse antes de cualquier calculo. Presente en 10 de 87 ondas (2023Q4 a 2026Q1). Descripcion tomada del diseno de registros de INDEC; las bases TXT no traen etiquetas de variable,O valor -9 indica Ns./Nr. e nao um montante negativo; deve ser excluido antes de qualquer calculo. Presente em 10 de 87 ondas (2023Q4 a 2026Q1). Descricao tomada do desenho de registros do INDEC; as bases TXT nao trazem etiquetas de variavel,"The value -9 means no answer, not a negative amount; it must be excluded before any calculation. Present in 10 of 87 waves (2023Q4 to 2026Q1). Description taken from INDEC's record layout; the TXT releases carry no variable labels",El valor -9 indica Ns./Nr. y no un monto negativo; debe excluirse antes de cualquier calculo. Presente en 10 de 87 ondas (2023Q4 a 2026Q1). Descripcion tomada del diseno de registros de INDEC; las bases TXT no traen etiquetas de variable,V21_02_M
v21_03_m,FLOAT64,"Monto del ingreso por aguinaldo de otras pensiones, como por ejemplo por discapacidad, Madre de 7 hijos, PUAM, vejez, etc.?","Valor do rendimento pelo decimo terceiro de outras pensoes, como por deficiencia, Mae de 7 filhos, PUAM, velhice, etc.","Income from the annual bonus of other pensions, such as disability, Mother of 7 children, PUAM or old age","Monto del ingreso por aguinaldo de otras pensiones, como por ejemplo por discapacidad, Madre de 7 hijos, PUAM, vejez, etc.?",2023-04(3)2026-01,no,,ars,no,El valor -9 indica Ns./Nr. y no un monto negativo; debe excluirse antes de cualquier calculo. Presente en 10 de 87 ondas (2023Q4 a 2026Q1). Descripcion tomada del diseno de registros de INDEC; las bases TXT no traen etiquetas de variable,O valor -9 indica Ns./Nr. e nao um montante negativo; deve ser excluido antes de qualquer calculo. Presente em 10 de 87 ondas (2023Q4 a 2026Q1). Descricao tomada do desenho de registros do INDEC; as bases TXT nao trazem etiquetas de variavel,"The value -9 means no answer, not a negative amount; it must be excluded before any calculation. Present in 10 of 87 waves (2023Q4 to 2026Q1). Description taken from INDEC's record layout; the TXT releases carry no variable labels",El valor -9 indica Ns./Nr. y no un monto negativo; debe excluirse antes de cualquier calculo. Presente en 10 de 87 ondas (2023Q4 a 2026Q1). Descripcion tomada del diseno de registros de INDEC; las bases TXT no traen etiquetas de variable,V21_03_M
v22_01_m,FLOAT64,Monto del ingreso por retroactivo de jubilación o pensión obtenida por los aportes del trabajo,Valor do rendimento pelo retroativo de aposentadoria ou pensao obtida pelas contribuicoes do trabalho,Income from back payments of a pension earned through work contributions,Monto del ingreso por retroactivo de jubilación o pensión obtenida por los aportes del trabajo,2023-04(3)2026-01,no,,ars,no,El valor -9 indica Ns./Nr. y no un monto negativo; debe excluirse antes de cualquier calculo. Presente en 10 de 87 ondas (2023Q4 a 2026Q1). Descripcion tomada del diseno de registros de INDEC; las bases TXT no traen etiquetas de variable,O valor -9 indica Ns./Nr. e nao um montante negativo; deve ser excluido antes de qualquer calculo. Presente em 10 de 87 ondas (2023Q4 a 2026Q1). Descricao tomada do desenho de registros do INDEC; as bases TXT nao trazem etiquetas de variavel,"The value -9 means no answer, not a negative amount; it must be excluded before any calculation. Present in 10 of 87 waves (2023Q4 to 2026Q1). Description taken from INDEC's record layout; the TXT releases carry no variable labels",El valor -9 indica Ns./Nr. y no un monto negativo; debe excluirse antes de cualquier calculo. Presente en 10 de 87 ondas (2023Q4 a 2026Q1). Descripcion tomada del diseno de registros de INDEC; las bases TXT no traen etiquetas de variable,V22_01_M
v22_02_m,FLOAT64,"Monto del ingreso por retroactivo de jubilación o pensión de ""ama de casa"" o por moratoria previsional","Valor do rendimento pelo retroativo de aposentadoria ou pensao de ""dona de casa"" ou por moratoria previdenciaria","Income from back payments of a ""homemaker"" pension or one granted under a pension moratorium","Monto del ingreso por retroactivo de jubilación o pensión de ""ama de casa"" o por moratoria previsional",2023-04(3)2026-01,no,,ars,no,El valor -9 indica Ns./Nr. y no un monto negativo; debe excluirse antes de cualquier calculo. Presente en 10 de 87 ondas (2023Q4 a 2026Q1). Descripcion tomada del diseno de registros de INDEC; las bases TXT no traen etiquetas de variable,O valor -9 indica Ns./Nr. e nao um montante negativo; deve ser excluido antes de qualquer calculo. Presente em 10 de 87 ondas (2023Q4 a 2026Q1). Descricao tomada do desenho de registros do INDEC; as bases TXT nao trazem etiquetas de variavel,"The value -9 means no answer, not a negative amount; it must be excluded before any calculation. Present in 10 of 87 waves (2023Q4 to 2026Q1). Description taken from INDEC's record layout; the TXT releases carry no variable labels",El valor -9 indica Ns./Nr. y no un monto negativo; debe excluirse antes de cualquier calculo. Presente en 10 de 87 ondas (2023Q4 a 2026Q1). Descripcion tomada del diseno de registros de INDEC; las bases TXT no traen etiquetas de variable,V22_02_M
v22_03_m,FLOAT64,"Monto del ingreso por retroactivo de otras pensiones, como por ejemplo por discapacidad, Madre de 7 hijos, PUAM, vejez, etc.?","Valor do rendimento pelo retroativo de outras pensoes, como por deficiencia, Mae de 7 filhos, PUAM, velhice, etc.","Income from back payments of other pensions, such as disability, Mother of 7 children, PUAM or old age","Monto del ingreso por retroactivo de otras pensiones, como por ejemplo por discapacidad, Madre de 7 hijos, PUAM, vejez, etc.?",2023-04(3)2026-01,no,,ars,no,El valor -9 indica Ns./Nr. y no un monto negativo; debe excluirse antes de cualquier calculo. Presente en 10 de 87 ondas (2023Q4 a 2026Q1). Descripcion tomada del diseno de registros de INDEC; las bases TXT no traen etiquetas de variable,O valor -9 indica Ns./Nr. e nao um montante negativo; deve ser excluido antes de qualquer calculo. Presente em 10 de 87 ondas (2023Q4 a 2026Q1). Descricao tomada do desenho de registros do INDEC; as bases TXT nao trazem etiquetas de variavel,"The value -9 means no answer, not a negative amount; it must be excluded before any calculation. Present in 10 of 87 waves (2023Q4 to 2026Q1). Description taken from INDEC's record layout; the TXT releases carry no variable labels",El valor -9 indica Ns./Nr. y no un monto negativo; debe excluirse antes de cualquier calculo. Presente en 10 de 87 ondas (2023Q4 a 2026Q1). Descripcion tomada del diseno de registros de INDEC; las bases TXT no traen etiquetas de variable,V22_03_M
p_deccf,STRING,N° de decil de ingreso per cápita familiar de las personas del Total EPH (ver Anexo I),Numero do decil de rendimento per capita familiar das pessoas do Total EPH (ver Anexo I),Decile number of per capita family income among people in the EPH total (see Annex I),N° de decil de ingreso per cápita familiar de las personas del Total EPH (ver Anexo I),2023-04(3)2026-01,no,,,no,"Numero de grupo decilico, no una cantidad: se preserva como cadena con el cero a la izquierda tal como lo publica la fuente. Se observan valores fuera del rango 1 a 10 (0 y 12); su tratamiento se describe en el Anexo I del diseno de registros del INDEC. Presente en 10 de 87 ondas (2023Q4 a 2026Q1). Descripcion tomada del diseno de registros de INDEC; las bases TXT no traen etiquetas de variable","Numero de grupo decilico, nao uma quantidade: preservado como cadeia com o zero a esquerda tal como a fonte publica. Observam-se valores fora do intervalo 1 a 10 (0 e 12); seu tratamento e descrito no Anexo I do desenho de registros do INDEC. Presente em 10 de 87 ondas (2023Q4 a 2026Q1). Descricao tomada do desenho de registros do INDEC; as bases TXT nao trazem etiquetas de variavel","A decile group number, not a quantity: kept as a string with its leading zero as the source publishes it. Values outside 1 to 10 occur (0 and 12); INDEC describes their treatment in Annex I of the record layout. Present in 10 of 87 waves (2023Q4 to 2026Q1). Description taken from INDEC's record layout; the TXT releases carry no variable labels","Numero de grupo decilico, no una cantidad: se preserva como cadena con el cero a la izquierda tal como lo publica la fuente. Se observan valores fuera del rango 1 a 10 (0 y 12); su tratamiento se describe en el Anexo I del diseno de registros del INDEC. Presente en 10 de 87 ondas (2023Q4 a 2026Q1). Descripcion tomada del diseno de registros de INDEC; las bases TXT no traen etiquetas de variable",P_DECCF
p_rdeccf,STRING,N° de decil de ingreso per cápita familiar de las personas de la región (ver Anexo I),Numero do decil de rendimento per capita familiar das pessoas da regiao (ver Anexo I),Decile number of per capita family income among people in the region (see Annex I),N° de decil de ingreso per cápita familiar de las personas de la región (ver Anexo I),2023-04(3)2026-01,no,,,no,"Numero de grupo decilico, no una cantidad: se preserva como cadena con el cero a la izquierda tal como lo publica la fuente. Se observan valores fuera del rango 1 a 10 (0 y 12); su tratamiento se describe en el Anexo I del diseno de registros del INDEC. Presente en 10 de 87 ondas (2023Q4 a 2026Q1). Descripcion tomada del diseno de registros de INDEC; las bases TXT no traen etiquetas de variable","Numero de grupo decilico, nao uma quantidade: preservado como cadeia com o zero a esquerda tal como a fonte publica. Observam-se valores fora do intervalo 1 a 10 (0 e 12); seu tratamento e descrito no Anexo I do desenho de registros do INDEC. Presente em 10 de 87 ondas (2023Q4 a 2026Q1). Descricao tomada do desenho de registros do INDEC; as bases TXT nao trazem etiquetas de variavel","A decile group number, not a quantity: kept as a string with its leading zero as the source publishes it. Values outside 1 to 10 occur (0 and 12); INDEC describes their treatment in Annex I of the record layout. Present in 10 of 87 waves (2023Q4 to 2026Q1). Description taken from INDEC's record layout; the TXT releases carry no variable labels","Numero de grupo decilico, no una cantidad: se preserva como cadena con el cero a la izquierda tal como lo publica la fuente. Se observan valores fuera del rango 1 a 10 (0 y 12); su tratamiento se describe en el Anexo I del diseno de registros del INDEC. Presente en 10 de 87 ondas (2023Q4 a 2026Q1). Descripcion tomada del diseno de registros de INDEC; las bases TXT no traen etiquetas de variable",P_RDECCF
p_gdeccf,STRING,N° de decil de ingreso per cápita familiar de las personas del conjunto de aglomerados de 500.000 y más habitantes (ver Anexo I),Numero do decil de rendimento per capita familiar das pessoas do conjunto de aglomerados de 500.000 ou mais habitantes (ver Anexo I),"Decile number of per capita family income among people in agglomerates of 500,000 or more inhabitants (see Annex I)",N° de decil de ingreso per cápita familiar de las personas del conjunto de aglomerados de 500.000 y más habitantes (ver Anexo I),2023-04(3)2026-01,no,,,no,"Numero de grupo decilico, no una cantidad: se preserva como cadena con el cero a la izquierda tal como lo publica la fuente. Se observan valores fuera del rango 1 a 10 (0 y 12); su tratamiento se describe en el Anexo I del diseno de registros del INDEC. Presente en 10 de 87 ondas (2023Q4 a 2026Q1). Descripcion tomada del diseno de registros de INDEC; las bases TXT no traen etiquetas de variable","Numero de grupo decilico, nao uma quantidade: preservado como cadeia com o zero a esquerda tal como a fonte publica. Observam-se valores fora do intervalo 1 a 10 (0 e 12); seu tratamento e descrito no Anexo I do desenho de registros do INDEC. Presente em 10 de 87 ondas (2023Q4 a 2026Q1). Descricao tomada do desenho de registros do INDEC; as bases TXT nao trazem etiquetas de variavel","A decile group number, not a quantity: kept as a string with its leading zero as the source publishes it. Values outside 1 to 10 occur (0 and 12); INDEC describes their treatment in Annex I of the record layout. Present in 10 of 87 waves (2023Q4 to 2026Q1). Description taken from INDEC's record layout; the TXT releases carry no variable labels","Numero de grupo decilico, no una cantidad: se preserva como cadena con el cero a la izquierda tal como lo publica la fuente. Se observan valores fuera del rango 1 a 10 (0 y 12); su tratamiento se describe en el Anexo I del diseno de registros del INDEC. Presente en 10 de 87 ondas (2023Q4 a 2026Q1). Descripcion tomada del diseno de registros de INDEC; las bases TXT no traen etiquetas de variable",P_GDECCF
p_pdeccf,STRING,N° de decil de ingreso per cápita familiar de las personas del conjunto de aglomerados de menos de 500.000 habitantes (ver Anexo I),Numero do decil de rendimento per capita familiar das pessoas do conjunto de aglomerados de menos de 500.000 habitantes (ver Anexo I),"Decile number of per capita family income among people in agglomerates of under 500,000 inhabitants (see Annex I)",N° de decil de ingreso per cápita familiar de las personas del conjunto de aglomerados de menos de 500.000 habitantes (ver Anexo I),2023-04(3)2026-01,no,,,no,"Numero de grupo decilico, no una cantidad: se preserva como cadena con el cero a la izquierda tal como lo publica la fuente. Se observan valores fuera del rango 1 a 10 (0 y 12); su tratamiento se describe en el Anexo I del diseno de registros del INDEC. Presente en 10 de 87 ondas (2023Q4 a 2026Q1). Descripcion tomada del diseno de registros de INDEC; las bases TXT no traen etiquetas de variable","Numero de grupo decilico, nao uma quantidade: preservado como cadeia com o zero a esquerda tal como a fonte publica. Observam-se valores fora do intervalo 1 a 10 (0 e 12); seu tratamento e descrito no Anexo I do desenho de registros do INDEC. Presente em 10 de 87 ondas (2023Q4 a 2026Q1). Descricao tomada do desenho de registros do INDEC; as bases TXT nao trazem etiquetas de variavel","A decile group number, not a quantity: kept as a string with its leading zero as the source publishes it. Values outside 1 to 10 occur (0 and 12); INDEC describes their treatment in Annex I of the record layout. Present in 10 of 87 waves (2023Q4 to 2026Q1). Description taken from INDEC's record layout; the TXT releases carry no variable labels","Numero de grupo decilico, no una cantidad: se preserva como cadena con el cero a la izquierda tal como lo publica la fuente. Se observan valores fuera del rango 1 a 10 (0 y 12); su tratamiento se describe en el Anexo I del diseno de registros del INDEC. Presente en 10 de 87 ondas (2023Q4 a 2026Q1). Descripcion tomada del diseno de registros de INDEC; las bases TXT no traen etiquetas de variable",P_PDECCF
p_ideccf,STRING,N° de decil de ingreso per cápita familiar de las personas del interior EPH (ver Anexo I),Numero do decil de rendimento per capita familiar das pessoas do interior EPH (ver Anexo I),Decile number of per capita family income among people in the EPH interior (see Annex I),N° de decil de ingreso per cápita familiar de las personas del interior EPH (ver Anexo I),2023-04(3)2026-01,no,,,no,"Numero de grupo decilico, no una cantidad: se preserva como cadena con el cero a la izquierda tal como lo publica la fuente. Se observan valores fuera del rango 1 a 10 (0 y 12); su tratamiento se describe en el Anexo I del diseno de registros del INDEC. Presente en 10 de 87 ondas (2023Q4 a 2026Q1). Descripcion tomada del diseno de registros de INDEC; las bases TXT no traen etiquetas de variable","Numero de grupo decilico, nao uma quantidade: preservado como cadeia com o zero a esquerda tal como a fonte publica. Observam-se valores fora do intervalo 1 a 10 (0 e 12); seu tratamento e descrito no Anexo I do desenho de registros do INDEC. Presente em 10 de 87 ondas (2023Q4 a 2026Q1). Descricao tomada do desenho de registros do INDEC; as bases TXT nao trazem etiquetas de variavel","A decile group number, not a quantity: kept as a string with its leading zero as the source publishes it. Values outside 1 to 10 occur (0 and 12); INDEC describes their treatment in Annex I of the record layout. Present in 10 of 87 waves (2023Q4 to 2026Q1). Description taken from INDEC's record layout; the TXT releases carry no variable labels","Numero de grupo decilico, no una cantidad: se preserva como cadena con el cero a la izquierda tal como lo publica la fuente. Se observan valores fuera del rango 1 a 10 (0 y 12); su tratamiento se describe en el Anexo I del diseno de registros del INDEC. Presente en 10 de 87 ondas (2023Q4 a 2026Q1). Descripcion tomada del diseno de registros de INDEC; las bases TXT no traen etiquetas de variable",P_IDECCF
p_adeccf,STRING,N° de decil de ingreso per cápita familiar de las personas del aglomerado (ver Anexo I),Numero do decil de rendimento per capita familiar das pessoas do aglomerado (ver Anexo I),Decile number of per capita family income among people in the agglomerate (see Annex I),N° de decil de ingreso per cápita familiar de las personas del aglomerado (ver Anexo I),2023-04(3)2026-01,no,,,no,"Numero de grupo decilico, no una cantidad: se preserva como cadena con el cero a la izquierda tal como lo publica la fuente. Se observan valores fuera del rango 1 a 10 (0 y 12); su tratamiento se describe en el Anexo I del diseno de registros del INDEC. Presente en 10 de 87 ondas (2023Q4 a 2026Q1). Descripcion tomada del diseno de registros de INDEC; las bases TXT no traen etiquetas de variable","Numero de grupo decilico, nao uma quantidade: preservado como cadeia com o zero a esquerda tal como a fonte publica. Observam-se valores fora do intervalo 1 a 10 (0 e 12); seu tratamento e descrito no Anexo I do desenho de registros do INDEC. Presente em 10 de 87 ondas (2023Q4 a 2026Q1). Descricao tomada do desenho de registros do INDEC; as bases TXT nao trazem etiquetas de variavel","A decile group number, not a quantity: kept as a string with its leading zero as the source publishes it. Values outside 1 to 10 occur (0 and 12); INDEC describes their treatment in Annex I of the record layout. Present in 10 of 87 waves (2023Q4 to 2026Q1). Description taken from INDEC's record layout; the TXT releases carry no variable labels","Numero de grupo decilico, no una cantidad: se preserva como cadena con el cero a la izquierda tal como lo publica la fuente. Se observan valores fuera del rango 1 a 10 (0 y 12); su tratamiento se describe en el Anexo I del diseno de registros del INDEC. Presente en 10 de 87 ondas (2023Q4 a 2026Q1). Descripcion tomada del diseno de registros de INDEC; las bases TXT no traen etiquetas de variable",P_ADECCF
