name,bigquery_type,description,temporal_coverage,covered_by_dictionary,directory_column,measurement_unit,has_sensitive_data,observations,original_name,description_en,description_es
year,INT64,Ano do estudo,,no,br_bd_diretorios_data_tempo.ano:ano,,no,Renamed from VCF0004 (study year); table partition column,VCF0004,Year of study,Año del estudio
VCF0006,STRING,Número do entrevistado no estudo: ID do caso no nível do ano,,no,,,no,,VCF0006,Study respondent number: year-level case ID,Número del entrevistado en el estudio: ID del caso a nivel de año
VCF0006a,STRING,Número único do entrevistado (ID entre anos para casos de painel),,no,,,no,,VCF0006a,Unique respondent number (cross-year ID for panel cases),Número único del entrevistado (ID entre años para casos de panel)
VCF0009x,FLOAT64,"Peso amostral: para 1970 tipo 0; amostra FTF de 2012, 2016, 2024",,no,,,no,Dimensionless survey weight; see codebook appendix on weights in the CDF,VCF0009x,"Weight: for 1970 type 0; 2012, 2016, 2024 FTF sample","Peso muestral: para 1970 tipo 0; muestra FTF de 2012, 2016, 2024"
VCF0010x,FLOAT64,"Peso amostral: para 1970 tipo 1; amostra FTF de 2012, 2016, 2024",,no,,,no,Dimensionless survey weight; see codebook appendix on weights in the CDF,VCF0010x,"Weight: for 1970 type 1; 2012, 2016, 2024 FTF sample","Peso muestral: para 1970 tipo 1; muestra FTF de 2012, 2016, 2024"
VCF0011x,FLOAT64,"Peso amostral: para 1970 tipo 2; amostra FTF de 2012, 2016, 2024",,no,,,no,Dimensionless survey weight; see codebook appendix on weights in the CDF,VCF0011x,"Weight: for 1970 type 2; 2012, 2016, 2024 FTF sample","Peso muestral: para 1970 tipo 2; muestra FTF de 2012, 2016, 2024"
VCF0009y,FLOAT64,"Peso amostral: para 1970 tipo 0; amostra web de 2012, 2016, 2024",,no,,,no,Dimensionless survey weight; see codebook appendix on weights in the CDF,VCF0009y,"Weight: for 1970 type 0; 2012, 2016, 2024 web sample","Peso muestral: para 1970 tipo 0; muestra web de 2012, 2016, 2024"
VCF0010y,FLOAT64,"Peso amostral: para 1970 tipo 1; amostra web de 2012, 2016, 2024",,no,,,no,Dimensionless survey weight; see codebook appendix on weights in the CDF,VCF0010y,"Weight: for 1970 type 1; 2012, 2016, 2024 web sample","Peso muestral: para 1970 tipo 1; muestra web de 2012, 2016, 2024"
VCF0011y,FLOAT64,"Peso amostral: para 1970 tipo 2; amostra web de 2012, 2016, 2024",,no,,,no,Dimensionless survey weight; see codebook appendix on weights in the CDF,VCF0011y,"Weight: for 1970 type 2; 2012, 2016, 2024 web sample","Peso muestral: para 1970 tipo 2; muestra web de 2012, 2016, 2024"
VCF0009z,FLOAT64,Peso amostral: para 1970 tipo 0; amostra completa 2012-2024,,no,,,no,Dimensionless survey weight; see codebook appendix on weights in the CDF,VCF0009z,Weight: for 1970 type 0; 2012-2024 full sample,Peso muestral: para 1970 tipo 0; muestra completa 2012-2024
VCF0010z,FLOAT64,Peso amostral: para 1970 tipo 1; amostra completa 2012-2024,,no,,,no,Dimensionless survey weight; see codebook appendix on weights in the CDF,VCF0010z,Weight: for 1970 type 1; 2012-2024 full sample,Peso muestral: para 1970 tipo 1; muestra completa 2012-2024
VCF0011z,FLOAT64,Peso amostral: para 1970 tipo 2; amostra completa 2012-2024,,no,,,no,Dimensionless survey weight; see codebook appendix on weights in the CDF,VCF0011z,Weight: for 1970 type 2; 2012-2024 full sample,Peso muestral: para 1970 tipo 2; muestra completa 2012-2024
VCF9999,FLOAT64,Peso amostral: peso pós-eleição da amostra completa,,no,,,no,Dimensionless survey weight; see codebook appendix on weights in the CDF,VCF9999,Weight: post-election weight full sample,Peso muestral: peso poselectoral de la muestra completa
VCF0012,STRING,Filtro de formulário para questionários em papel,,yes,,,no,,VCF0012,Form filter for paper questionnaires,Filtro de formulario para cuestionarios en papel
VCF0013,STRING,Conclusão - pós-eleição (indicador),,yes,,,no,,VCF0013,Completion - post-election (flag),Finalización - poselectoral (indicador)
VCF0014,STRING,Conclusão - pré-eleição (indicador),,yes,,,no,,VCF0014,Completion - pre-election (flag),Finalización - preelectoral (indicador)
VCF0015a,STRING,Entrevista abreviada - pré,,yes,,,no,,VCF0015a,Abbreviated interview - pre,Entrevista abreviada - pre
VCF0015b,STRING,Entrevista abreviada - pós,,yes,,,no,,VCF0015b,Abbreviated interview - post,Entrevista abreviada - post
VCF0016,STRING,Composição da amostra transversal: caso de nova amostra transversal ou de painel,,yes,,,no,,VCF0016,Cross-section composition: fresh cross or panel case,Composición de la muestra transversal: caso de nueva muestra transversal o de panel
VCF0017,STRING,Modo de entrevista,,yes,,,no,,VCF0017,Mode of interview,Modo de entrevista
VCF0018a,STRING,Idioma da entrevista - pré,,yes,,,no,,VCF0018a,Language of interview - pre,Idioma de la entrevista - pre
VCF0018b,STRING,Idioma da entrevista - pós,,yes,,,no,,VCF0018b,Language of interview - post,Idioma de la entrevista - post
VCF0019,STRING,Relação do entrevistado com o chefe do domicílio 1952-1986,,yes,,,no,,VCF0019,R relationship to head of hh 1952-1986,Relación del entrevistado con el jefe del hogar 1952-1986
VCF0050a,STRING,Nível de informação política do entrevistado - pré,,yes,,,no,,VCF0050a,Respondent level of political info - pre,Nivel de información política del entrevistado - pre
VCF0050b,STRING,Nível de informação política do entrevistado - pós,,yes,,,no,,VCF0050b,Respondent level of political info - post,Nivel de información política del entrevistado - post
VCF0070a,STRING,Gênero do entrevistador - pré,,yes,,,no,,VCF0070a,Interviewer gender - pre,Género del entrevistador - pre
VCF0070b,STRING,Gênero do entrevistador - pós,,yes,,,no,,VCF0070b,Interviewer gender - post,Género del entrevistador - post
VCF0071a,STRING,"Raça do entrevistador, completa - pré",,yes,,,no,,VCF0071a,Interviewer race full - pre,"Raza del entrevistador, completa - pre"
VCF0071b,STRING,"Raça do entrevistador, completa - pós",,yes,,,no,,VCF0071b,Interviewer race full - post,"Raza del entrevistador, completa - post"
VCF0071c,STRING,"Raça do entrevistador, 2 categorias - pré",,yes,,,no,,VCF0071c,Interviewer race 2-category - pre,"Raza del entrevistador, 2 categorías - pre"
VCF0071d,STRING,"Raça do entrevistador, 2 categorias - pós",,yes,,,no,,VCF0071d,Interviewer race 2-category - post,"Raza del entrevistador, 2 categorías - post"
VCF0072a,STRING,Etnia do entrevistador - pré,,yes,,,no,,VCF0072a,Interviewer ethnicity - pre,Etnia del entrevistador - pre
VCF0072b,STRING,Etnia do entrevistador - pós,,yes,,,no,,VCF0072b,Interviewer ethnicity - post,Etnia del entrevistador - post
VCF0101,INT64,Entrevistado - idade,,no,,years,no,Missing sentinels set to NULL: 00,VCF0101,Respondent - age,Entrevistado - edad
VCF0102,STRING,Entrevistado - faixa etária,,yes,,,no,,VCF0102,Respondent - age group,Entrevistado - grupo de edad
VCF0103,STRING,Entrevistado - coorte,,yes,,,no,,VCF0103,Respondent - cohort,Entrevistado - cohorte
VCF0104,STRING,Entrevistado - gênero,,yes,,,no,,VCF0104,Respondent - gender,Entrevistado - género
VCF0105a,STRING,"Resumo de raça-etnia, 7 categorias",,yes,,,no,,VCF0105a,"Race-ethnicity summary, 7 categories","Resumen de raza-etnia, 7 categorías"
VCF0105b,STRING,"Resumo de raça-etnia, 4 categorias",,yes,,,no,,VCF0105b,"Race-ethnicity summary, 4 categories","Resumen de raza-etnia, 4 categorías"
VCF0106,STRING,"Resumo de raça, 3 categorias",,yes,,,no,,VCF0106,"Race summary, 3 categories","Resumen de raza, 3 categorías"
VCF0107,STRING,Entrevistado - tipo de origem hispânica,,yes,,,no,,VCF0107,Respondent - Hispanic origin type,Entrevistado - tipo de origen hispano
VCF0108,STRING,Entrevistado - origem hispânica,,yes,,,no,,VCF0108,Respondent - Hispanic origin,Entrevistado - origen hispano
VCF0109,STRING,Entrevistado - etnia,,yes,,,no,,VCF0109,Respondent - ethnicity,Entrevistado - etnia
VCF0110,STRING,Entrevistado - escolaridade 4 categorias,,yes,,,no,,VCF0110,Respondent - education 4-category,Entrevistado - educación 4 categorías
VCF0111,STRING,Urbanismo,,yes,,,no,,VCF0111,Urbanism,Urbanismo
VCF0112,STRING,Região censitária,,yes,,,no,,VCF0112,Census region,Región censal
VCF0113,STRING,Sul político/não sul,,yes,,,no,,VCF0113,Political south/nonsouth,Sur político/no sur
VCF0114,STRING,Família do entrevistado - grupo de renda,,yes,,,no,,VCF0114,Respondent family - income group,Familia del entrevistado - grupo de ingreso
VCF0115,STRING,Entrevistado - grupo ocupacional 6 categorias,,yes,,,no,,VCF0115,Respondent - occupation group 6-category,Entrevistado - grupo ocupacional 6 categorías
VCF0116,STRING,Entrevistado - situação de trabalho 7 categorias,,yes,,,no,,VCF0116,Respondent - work status 7-category,Entrevistado - situación laboral 7 categorías
VCF0117,STRING,Chefe do domicílio - situação de trabalho 7 categorias 1948-1986,,yes,,,no,,VCF0117,Head of hh - work status 7-category 1948-1986,Jefe del hogar - situación laboral 7 categorías 1948-1986
VCF0118,STRING,Entrevistado - situação de trabalho 5 categorias,,yes,,,no,,VCF0118,Respondent - work status 5-category,Entrevistado - situación laboral 5 categorías
VCF0119,STRING,Chefe do domicílio - situação de trabalho 5 categorias 1952-1986,,yes,,,no,,VCF0119,Head of hh - work status 5-category 1952-1986,Jefe del hogar - situación laboral 5 categorías 1952-1986
VCF0120,STRING,"Entrevistado - escore de prestígio, ranking SEI 1976-1984",,yes,,,no,,VCF0120,Respondent - prestige score s.e.i. rank 1976- 1984,"Entrevistado - puntaje de prestigio, ranking SEI 1976-1984"
VCF0121,STRING,"Chefe do domicílio - escore de prestígio, ranking SEI 1976-1984",,yes,,,no,,VCF0121,Head of hh - prestige score s.e.i. rank 1976-1984,"Jefe del hogar - puntaje de prestigio, ranking SEI 1976-1984"
VCF0122,STRING,"Entrevistado - escore de prestígio, ranking NORC 1976-1982",,yes,,,no,,VCF0122,Respondent - prestige score norc rank 1976- 1982,"Entrevistado - puntaje de prestigio, ranking NORC 1976-1982"
VCF0123,STRING,"Chefe do domicílio - escore de prestígio, ranking NORC 1976-1982",,yes,,,no,,VCF0123,Head of hh - prestige score norc rank 1976- 1982,"Jefe del hogar - puntaje de prestigio, ranking NORC 1976-1982"
VCF0124,STRING,"Entrevistado - escore de prestígio, ranking SES 1968-1974",,yes,,,no,,VCF0124,Respondent - prestige score s.e.s. rank 1968- 1974,"Entrevistado - puntaje de prestigio, ranking SES 1968-1974"
VCF0125,STRING,"Chefe do domicílio - escore de prestígio, ranking SES 1968-1974",,yes,,,no,,VCF0125,Head of hh - prestige score s.e.s. rank 1968- 1974,"Jefe del hogar - puntaje de prestigio, ranking SES 1968-1974"
VCF0126,STRING,Pai do entrevistado - ocupação 5 categorias 1952-1996,,yes,,,no,,VCF0126,Father of respondent - occupation 5-category 1952-1996,Padre del entrevistado - ocupación 5 categorías 1952-1996
VCF0126a,STRING,Pai do entrevistado - ocupação 8 categorias 1970-1976,,yes,,,no,,VCF0126a,Father of respondent occupation 8-category 1970-1976,Padre del entrevistado - ocupación 8 categorías 1970-1976
VCF0126b,STRING,"Pai do entrevistado - grupo ocupacional 1978-1982,1996",,yes,,,no,,VCF0126b,"Father of respondent - occupation group 1978-1982,1996","Padre del entrevistado - grupo ocupacional 1978-1982,1996"
VCF0126c,STRING,"Pai do entrevistado - grupo ocupacional 1984-1988,1992",,yes,,,no,,VCF0126c,"Father of respondent - occupation group 1984-1988,1992","Padre del entrevistado - grupo ocupacional 1984-1988,1992"
VCF0127,STRING,Domicílio - filiação sindical,,yes,,,no,,VCF0127,Household - union membership,Hogar - afiliación sindical
VCF0127a,STRING,Domicílio - quem pertence a sindicato 8 categorias,,yes,,,no,,VCF0127a,Household - who belongs to union 8- category,Hogar - quién pertenece a un sindicato 8 categorías
VCF0127b,STRING,Domicílio - quem pertence a sindicato 4 categorias,,yes,,,no,,VCF0127b,Household - who belongs to union 4- category,Hogar - quién pertenece a un sindicato 4 categorías
VCF0128,STRING,Entrevistado - grupo religioso principal,,yes,,,no,,VCF0128,Respondent - religion major group,Entrevistado - grupo religioso principal
VCF0128a,STRING,Entrevistado - religião 7 categorias 1960-1988,,yes,,,no,,VCF0128a,Respondent - religion 7-category 1960-1988,Entrevistado - religión 7 categorías 1960-1988
VCF0128b,STRING,Entrevistado - religião 8 categorias 1990-1996,,yes,,,no,,VCF0128b,Respondent - religion 8-category 1990-1996,Entrevistado - religión 8 categorías 1990-1996
VCF0129,STRING,"Entrevistado - código completo de religião 1960-1988,2002",,yes,,,no,,VCF0129,"Respondent - religion full code 1960-1988,2002","Entrevistado - código completo de religión 1960-1988,2002"
VCF0130,STRING,Entrevistado - frequência à igreja 1970-,,yes,,,no,,VCF0130,Respondent - church attendance 1970-,Entrevistado - asistencia a la iglesia 1970-
VCF0130a,STRING,Entrevistado - frequência à igreja 1990-,,yes,,,no,,VCF0130a,Respondent - church attendance 1990-,Entrevistado - asistencia a la iglesia 1990-
VCF0131,STRING,Entrevistado - frequência à igreja 1952-1968,,yes,,,no,,VCF0131,Respondent - church attendance 1952-1968,Entrevistado - asistencia a la iglesia 1952-1968
VCF0132,STRING,Entrevistado - onde cresceu: estado 1968-,,yes,,,no,,VCF0132,Respondent - where grew up: state 1968-,Entrevistado - dónde creció: estado 1968-
VCF0133,STRING,Entrevistado - onde cresceu: estado 1952-1966,,yes,,,no,,VCF0133,Respondent - where grew up: state 1952-1966,Entrevistado - dónde creció: estado 1952-1966
VCF0134,STRING,"Entrevistado - onde cresceu: fazenda 1952-1994,2000",,yes,,,no,,VCF0134,"Respondent - where grew up: farm 1952- 1994,2000","Entrevistado - dónde creció: granja 1952-1994,2000"
VCF0135,STRING,"Entrevistado - onde cresceu: cidade grande 1952-1994,2000",,yes,,,no,,VCF0135,"Respondent - where grew up: large city 1952- 1994,2000","Entrevistado - dónde creció: ciudad grande 1952-1994,2000"
VCF0136,STRING,Entrevistado - onde cresceu: urbanismo 1956-1976,,yes,,,no,,VCF0136,Respondent - where grew up: urbanism 1956- 1976,Entrevistado - dónde creció: urbanismo 1956-1976
VCF0137,STRING,Entrevistado - onde cresceu: urbanismo 1978-2000,,yes,,,no,,VCF0137,Respondent - where grew up: urbanism 1978- 2000,Entrevistado - dónde creció: urbanismo 1978-2000
VCF0138,STRING,Número de filhos na família,,yes,,,no,,VCF0138,Number of children in family,Número de hijos en la familia
VCF0138a,STRING,Número de crianças com menos de 6 anos no domicílio,,yes,,,no,,VCF0138a,Number children under age 6 in hh,Número de niños menores de 6 años en el hogar
VCF0138b,STRING,Número de crianças de 6 a 9 anos no domicílio,,yes,,,no,,VCF0138b,Number children ages 6-9 in hh,Número de niños de 6 a 9 años en el hogar
VCF0138c,STRING,Número de crianças de 10 a 13 anos no domicílio,,yes,,,no,,VCF0138c,Number children ages 10-13 in hh,Número de niños de 10 a 13 años en el hogar
VCF0138d,STRING,Número de crianças de 14 a 17 anos no domicílio,,yes,,,no,,VCF0138d,Number children ages 14-17 in hh,Número de niños de 14 a 17 años en el hogar
VCF0138e,STRING,Idade da criança mais nova no domicílio,,yes,,,no,,VCF0138e,Age youngest child in hh,Edad del niño menor en el hogar
VCF0139,STRING,Entrevistado - quantos filhos o entrevistado tem,,yes,,,no,,VCF0139,Respondent - how many children does r have,Entrevistado - cuántos hijos tiene el entrevistado
VCF0140,STRING,Entrevistado - escolaridade 6 categorias,,yes,,,no,,VCF0140,Respondent - education 6-category,Entrevistado - educación 6 categorías
VCF0140a,STRING,Entrevistado - escolaridade 7 categorias,,yes,,,no,,VCF0140a,Respondent - education 7-category,Entrevistado - educación 7 categorías
VCF0141,STRING,Chefe do domicílio - escolaridade 6 categorias 1962-1986,,yes,,,no,,VCF0141,Head of hh - education 6-category 1962-1986,Jefe del hogar - educación 6 categorías 1962-1986
VCF0142,STRING,Entrevistado - local de nascimento,,yes,,,no,,VCF0142,Respondent - place of birth,Entrevistado - lugar de nacimiento
VCF0143,STRING,Pais do entrevistado - nascidos no país,,yes,,,no,,VCF0143,Respondent parents - native born,Padres del entrevistado - nacidos en el país
VCF0144,STRING,Pai do entrevistado - onde nasceu,,yes,,,no,,VCF0144,Respondent father - where born,Padre del entrevistado - dónde nació
VCF0145,STRING,Mãe do entrevistado - onde nasceu,,yes,,,no,,VCF0145,Respondent mother - where born,Madre del entrevistado - dónde nació
VCF0146,STRING,Família do entrevistado - propriedade da moradia,,yes,,,no,,VCF0146,Respondent family - home ownership,Familia del entrevistado - propiedad de la vivienda
VCF0147,STRING,Entrevistado - estado civil,,yes,,,no,,VCF0147,Respondent - marital status,Entrevistado - estado civil
VCF0148,STRING,Entrevistado - classe social 8 categorias,,yes,,,no,,VCF0148,Respondent - social class 8-category,Entrevistado - clase social 8 categorías
VCF0148a,STRING,Entrevistado - classe média comum ou alta/trabalhadora,,yes,,,no,,VCF0148a,Respondent - average or upper middle/working class,Entrevistado - clase media común o alta/trabajadora
VCF0149,STRING,Entrevistado - considera-se membro de uma classe social,,yes,,,no,,VCF0149,Respondent - think of self as member of social class,Entrevistado - se considera miembro de una clase social
VCF0150,STRING,Entrevistado - situação de trabalho 16 categorias,,yes,,,no,,VCF0150,Respondent - work status 16-category,Entrevistado - situación laboral 16 categorías
VCF0151,STRING,Entrevistado - grupo ocupacional 5 categorias,,yes,,,no,,VCF0151,Respondent - occupation group 5-category,Entrevistado - grupo ocupacional 5 categorías
VCF0152,STRING,Entrevistado - código completo de religião 1990-,,yes,,,no,,VCF0152,Respondent - religion full code 1990-,Entrevistado - código completo de religión 1990-
VCF0153a,STRING,Mãe do entrevistado - ocupação 8 categorias 1970-1976,,yes,,,no,,VCF0153a,Mother of respondent - occupation 8- category 1970-1976,Madre del entrevistado - ocupación 8 categorías 1970-1976
VCF0153b,STRING,Mãe do entrevistado - grupo ocupacional 1978-1982,,yes,,,no,,VCF0153b,Mother of respondent - occupation group 1978-1982,Madre del entrevistado - grupo ocupacional 1978-1982
VCF0153c,STRING,Mãe do entrevistado - grupo ocupacional 1984-1988,,yes,,,no,,VCF0153c,Mother of respondent - occupation group 1984-1988,Madre del entrevistado - grupo ocupacional 1984-1988
VCF0154a,STRING,Entrevistado - ocupação 71 categorias,,yes,,,no,,VCF0154a,Respondent - occupation 71-category,Entrevistado - ocupación 71 categorías
VCF0154b,STRING,Entrevistado - ocupação 14 categorias,,yes,,,no,,VCF0154b,Respondent - occupation 14-category,Entrevistado - ocupación 14 categorías
VCF0155,STRING,Entrevistado - preocupado em encontrar/perder emprego,,yes,,,no,,VCF0155,Respondent - worried about find/losing job,Entrevistado - preocupado por encontrar/perder empleo
VCF0156,STRING,Entrevistado - entrevistado empregado foi demitido nos últimos 6 meses,,yes,,,no,,VCF0156,Respondent - working r laid off last 6 months,Entrevistado - entrevistado empleado fue despedido en los últimos 6 meses
VCF0157,STRING,Entrevistado - entrevistado empregado teve horas reduzidas/corte de salário,,yes,,,no,,VCF0157,Respondent - working r hours reduced/cut in pay,Entrevistado - entrevistado empleado tuvo horas reducidas/recorte de salario
VCF0170a,STRING,Condado da entrevista (IW) 1956-1960,,no,,,no,Coded per ANES codebook; full value list in the codebook,VCF0170a,County of IW 1956-1960,Condado de la entrevista (IW) 1956-1960
VCF0170b,STRING,Condado da entrevista (IW) 1964-1976,,no,,,no,Coded per ANES codebook; full value list in the codebook,VCF0170b,County of IW 1964-1976,Condado de la entrevista (IW) 1964-1976
VCF0170c,STRING,Condado da entrevista (IW) 1968-1982,,no,,,no,Coded per ANES codebook; full value list in the codebook,VCF0170c,County of IW 1968-1982,Condado de la entrevista (IW) 1968-1982
VCF0170d,STRING,"Condado da entrevista (IW) 1970,1978-1998",,no,,,no,Coded per ANES codebook; full value list in the codebook,VCF0170d,"County of IW 1970,1978-1998","Condado de la entrevista (IW) 1970,1978-1998"
VCF0201,INT64,Termômetro - Democratas,,no,,degrees,no,"Missing sentinels set to NULL: 98, 99",VCF0201,Thermometer - Democrats,Termómetro - Demócratas
VCF0202,INT64,Termômetro - Republicanos,,no,,degrees,no,"Missing sentinels set to NULL: 98, 99",VCF0202,Thermometer - Republicans,Termómetro - Republicanos
VCF0203,INT64,Termômetro - protestantes,,no,,degrees,no,"Missing sentinels set to NULL: 98, 99",VCF0203,Thermometer - protestants,Termómetro - protestantes
VCF0204,INT64,Termômetro - católicos,,no,,degrees,no,"Missing sentinels set to NULL: 98, 99",VCF0204,Thermometer - catholics,Termómetro - católicos
VCF0205,INT64,Termômetro - judeus,,no,,degrees,no,"Missing sentinels set to NULL: 98, 99",VCF0205,Thermometer - jews,Termómetro - judíos
VCF0206,INT64,Termômetro - negros,,no,,degrees,no,"Missing sentinels set to NULL: 98, 99",VCF0206,Thermometer - blacks,Termómetro - negros
VCF0207,INT64,Termômetro - brancos,,no,,degrees,no,"Missing sentinels set to NULL: 98, 99",VCF0207,Thermometer - whites,Termómetro - blancos
VCF0208,INT64,Termômetro - sulistas,,no,,degrees,no,"Missing sentinels set to NULL: 98, 99",VCF0208,Thermometer - southerners,Termómetro - sureños
VCF0209,INT64,Termômetro - grandes empresas,,no,,degrees,no,"Missing sentinels set to NULL: 98, 99",VCF0209,Thermometer - big business,Termómetro - grandes empresas
VCF0210,INT64,Termômetro - sindicatos,,no,,degrees,no,"Missing sentinels set to NULL: 98, 99",VCF0210,Thermometer - labor unions,Termómetro - sindicatos
VCF0211,INT64,Termômetro - liberais,,no,,degrees,no,"Missing sentinels set to NULL: 98, 99",VCF0211,Thermometer - liberals,Termómetro - liberales
VCF0212,INT64,Termômetro - conservadores,,no,,degrees,no,"Missing sentinels set to NULL: 98, 99",VCF0212,Thermometer - conservatives,Termómetro - conservadores
VCF0213,INT64,Termômetro - militares,,no,,degrees,no,"Missing sentinels set to NULL: 98, 99",VCF0213,Thermometer - military,Termómetro - militares
VCF0214,INT64,Termômetro - policiais/polícia,,no,,degrees,no,"Missing sentinels set to NULL: 98, 99",VCF0214,Thermometer - policemen/police,Termómetro - policías/policía
VCF0215,INT64,Termômetro - militantes negros,,no,,degrees,no,"Missing sentinels set to NULL: 98, 99",VCF0215,Thermometer - black militants,Termómetro - militantes negros
VCF0216,INT64,Termômetro - líderes dos direitos civis,,no,,degrees,no,"Missing sentinels set to NULL: 98, 99",VCF0216,Thermometer - civil rights leaders,Termómetro - líderes de los derechos civiles
VCF0217,INT64,Termômetro - chicanos/hispânicos,,no,,degrees,no,"Missing sentinels set to NULL: 98, 99",VCF0217,Thermometer - chicanos/hispanics,Termómetro - chicanos/hispanos
VCF0218,INT64,Termômetro - Partido Democrata,,no,,degrees,no,"Missing sentinels set to NULL: 98, 99",VCF0218,Thermometer - Democratic party,Termómetro - Partido Demócrata
VCF0219,INT64,Termômetro - pessoas de classe média,,no,,degrees,no,"Missing sentinels set to NULL: 98, 99",VCF0219,Thermometer - middle class people,Termómetro - personas de clase media
VCF0220,INT64,Termômetro - pessoas que recebem assistência social,,no,,degrees,no,"Missing sentinels set to NULL: 98, 99",VCF0220,Thermometer - people on welfare,Termómetro - personas que reciben asistencia social
VCF0221,INT64,Termômetro - independentes políticos,,no,,degrees,no,"Missing sentinels set to NULL: 98, 99",VCF0221,Thermometer - political independents,Termómetro - independientes políticos
VCF0222,INT64,Termômetro - partidos políticos,,no,,degrees,no,"Missing sentinels set to NULL: 98, 99",VCF0222,Thermometer - political parties,Termómetro - partidos políticos
VCF0223,INT64,Termômetro - pessoas pobres,,no,,degrees,no,"Missing sentinels set to NULL: 98, 99",VCF0223,Thermometer - poor people,Termómetro - personas pobres
VCF0224,INT64,Termômetro - Partido Republicano,,no,,degrees,no,"Missing sentinels set to NULL: 98, 99",VCF0224,Thermometer - Republican party,Termómetro - Partido Republicano
VCF0225,INT64,Termômetro - defensoras da libertação feminina,,no,,degrees,no,"Missing sentinels set to NULL: 98, 99",VCF0225,Thermometer - womens libbers,Termómetro - defensoras de la liberación femenina
VCF0226,INT64,Termômetro - jovens,,no,,degrees,no,"Missing sentinels set to NULL: 98, 99",VCF0226,Thermometer - young people,Termómetro - jóvenes
VCF0227,INT64,Termômetro - ásio-americanos,,no,,degrees,no,"Missing sentinels set to NULL: 98, 99",VCF0227,Thermometer - Asian-americans,Termómetro - asiático-americanos
VCF0228,INT64,Termômetro - Congresso,,no,,degrees,no,"Missing sentinels set to NULL: 98, 99",VCF0228,Thermometer - Congress,Termómetro - Congreso
VCF0229,INT64,Termômetro - ambientalistas,,no,,degrees,no,"Missing sentinels set to NULL: 98, 99",VCF0229,Thermometer - environmentalists,Termómetro - ambientalistas
VCF0230,INT64,Termômetro - opositores do aborto,,no,,degrees,no,"Missing sentinels set to NULL: 98, 99",VCF0230,Thermometer - anti-abortionists,Termómetro - opositores del aborto
VCF0231,INT64,Termômetro - governo federal,,no,,degrees,no,"Missing sentinels set to NULL: 98, 99",VCF0231,Thermometer - federal government,Termómetro - gobierno federal
VCF0232,INT64,Termômetro - gays e lésbicas,,no,,degrees,no,"Missing sentinels set to NULL: 98, 99",VCF0232,Thermometer - gays and lesbians,Termómetro - gays y lesbianas
VCF0233,INT64,Termômetro - imigrantes ilegais,,no,,degrees,no,"Missing sentinels set to NULL: 98, 99",VCF0233,Thermometer - illegal aliens,Termómetro - inmigrantes ilegales
VCF0234,INT64,Termômetro - fundamentalistas cristãos,,no,,degrees,no,"Missing sentinels set to NULL: 98, 99",VCF0234,Thermometer - Christian fundamentalists,Termómetro - fundamentalistas cristianos
VCF0235,INT64,Termômetro - estudantes radicais,,no,,degrees,no,"Missing sentinels set to NULL: 98, 99",VCF0235,Thermometer - radical students,Termómetro - estudiantes radicales
VCF0236,INT64,Termômetro - agricultores,,no,,degrees,no,"Missing sentinels set to NULL: 98, 99",VCF0236,Thermometer - farmers,Termómetro - agricultores
VCF0253,INT64,Termômetro - feministas,,no,,degrees,no,"Missing sentinels set to NULL: 98, 99",VCF0253,Thermometer - feminists,Termómetro - feministas
VCF0290,INT64,Termômetro médio - principais partidos,,no,,degrees,no,"Missing sentinels set to NULL: 998, 999",VCF0290,Thermometer average - major parties,Termómetro promedio - principales partidos
VCF0291,INT64,Índice de termômetro - principais partidos,,no,,degrees,no,"Missing sentinels set to NULL: 998, 999",VCF0291,Thermometer index - major parties,Índice de termómetro - principales partidos
VCF0301,STRING,Identificação partidária do entrevistado - escala de 7 pontos,,yes,,,no,,VCF0301,Party identification of respondent - 7-point scale,Identificación partidaria del entrevistado - escala de 7 puntos
VCF0302,STRING,Identificação partidária do entrevistado - resposta inicial de PID,,yes,,,no,,VCF0302,Party identification of respondent - initial party ID response,Identificación partidaria del entrevistado - respuesta inicial de PID
VCF0303,STRING,Identificação partidária do entrevistado - resumo em 3 categorias,,yes,,,no,,VCF0303,Party identification of respondent - summary 3-category,Identificación partidaria del entrevistado - resumen en 3 categorías
VCF0305,STRING,Identificação partidária do entrevistado - intensidade do partidarismo,,yes,,,no,,VCF0305,Party identification of respondent - strength of partisanship,Identificación partidaria del entrevistado - intensidad del partidismo
VCF0306,STRING,Identificação partidária do pai do entrevistado,,yes,,,no,,VCF0306,Party identification of respondent’s father,Identificación partidaria del padre del entrevistado
VCF0307,STRING,Identificação partidária da mãe do entrevistado,,yes,,,no,,VCF0307,Party identification of respondent’s mother,Identificación partidaria de la madre del entrevistado
VCF0308,STRING,Interesse político do pai do entrevistado,,yes,,,no,,VCF0308,Political interest of respondent’s father,Interés político del padre del entrevistado
VCF0309,STRING,Interesse político da mãe do entrevistado,,yes,,,no,,VCF0309,Political interest of respondent’s mother,Interés político de la madre del entrevistado
VCF0310,STRING,Interesse nas eleições,,yes,,,no,,VCF0310,Interest in the elections,Interés en las elecciones
VCF0311,STRING,O entrevistado se importa com qual partido vence a eleição presidencial,,yes,,,no,,VCF0311,Does respondent care which party wins presidential election,Al entrevistado le importa qué partido gana la elección presidencial
VCF0312,STRING,O entrevistado se importa(va) com qual partido vence a eleição para o Congresso,,yes,,,no,,VCF0312,Respondent care(d) which party wins congressional election,Al entrevistado le importa(ba) qué partido gana la elección para el Congreso
VCF0313,STRING,Interesse em assuntos públicos,,yes,,,no,,VCF0313,Interest in public affairs,Interés en asuntos públicos
VCF0314,STRING,Partido Democrata: aspectos positivos do entrevistado - número de menções,,yes,,,no,,VCF0314,Democratic party: respondent likes - number of mentions,Partido Demócrata: aspectos positivos del entrevistado - número de menciones
VCF0315,STRING,Partido Democrata: aspectos negativos do entrevistado - número de menções,,yes,,,no,,VCF0315,Democratic party: respondent dislikes - number of mentions,Partido Demócrata: aspectos negativos del entrevistado - número de menciones
VCF0316,STRING,Partido Democrata: afeto (aspectos positivos-negativos),,yes,,,no,,VCF0316,Democratic party: affect (likes-dislikes),Partido Demócrata: afecto (aspectos positivos-negativos)
VCF0317,STRING,Partido Democrata: saliência (aspectos positivos-negativos),,yes,,,no,,VCF0317,Democratic party: salience (likes-dislikes),Partido Demócrata: saliencia (aspectos positivos-negativos)
VCF0318,STRING,Partido Republicano: aspectos positivos do entrevistado - número de menções,,yes,,,no,,VCF0318,Republican party: respondent likes - number of mentions,Partido Republicano: aspectos positivos del entrevistado - número de menciones
VCF0319,STRING,Partido Republicano: aspectos negativos do entrevistado - número de menções,,yes,,,no,,VCF0319,Republican party: respondent dislikes - number of mentions,Partido Republicano: aspectos negativos del entrevistado - número de menciones
VCF0320,STRING,Partido Republicano: afeto (aspectos positivos-negativos),,yes,,,no,,VCF0320,Republican party: affect (likes-dislikes),Partido Republicano: afecto (aspectos positivos-negativos)
VCF0321,STRING,Partido Republicano: saliência (aspectos positivos-negativos),,yes,,,no,,VCF0321,Republican party: salience (likes-dislikes),Partido Republicano: saliencia (aspectos positivos-negativos)
VCF0322,STRING,Principais partidos: afeto (aspectos positivos-negativos),,yes,,,no,,VCF0322,Major parties: affect (likes-dislikes),Principales partidos: afecto (aspectos positivos-negativos)
VCF0323,STRING,Principais partidos: saliência (aspectos positivos-negativos),,yes,,,no,,VCF0323,Major parties: salience (likes-dislikes),Principales partidos: saliencia (aspectos positivos-negativos)
VCF0324,STRING,Principais partidos: saliência relativa (aspectos positivos-negativos),,yes,,,no,,VCF0324,Major parties: relative salience (likes- dislikes),Principales partidos: saliencia relativa (aspectos positivos-negativos)
VCF0338,STRING,Presidente - inteligente,,yes,,,no,,VCF0338,President- intelligent,Presidente - inteligente
VCF0339,STRING,Presidente - compassivo,,yes,,,no,,VCF0339,President- compassionate,Presidente - compasivo
VCF0340,STRING,Presidente - decente,,yes,,,no,,VCF0340,President- decent,Presidente - decente
VCF0341,STRING,Presidente - inspirador,,yes,,,no,,VCF0341,President- inspiring,Presidente - inspirador
VCF0342,STRING,Presidente - conhecedor,,yes,,,no,,VCF0342,President- knowledgeable,Presidente - conocedor
VCF0343,STRING,Presidente - moral,,yes,,,no,,VCF0343,President- moral,Presidente - moral
VCF0344,STRING,Presidente - liderança,,yes,,,no,,VCF0344,President- leadership,Presidente - liderazgo
VCF0345,STRING,Presidente - se importa,,yes,,,no,,VCF0345,President- cares,Presidente - se preocupa
VCF0346,STRING,Presidente - irritado,,yes,,,no,,VCF0346,President- angry,Presidente - enojado
VCF0347,STRING,Presidente - amedrontado,,yes,,,no,,VCF0347,President- afraid,Presidente - temeroso
VCF0348,STRING,Presidente - esperançoso,,yes,,,no,,VCF0348,President- hopeful,Presidente - esperanzado
VCF0349,STRING,Presidente - orgulhoso,,yes,,,no,,VCF0349,President- proud,Presidente - orgulloso
VCF0350,STRING,Candidato presidencial democrata - inteligente,,yes,,,no,,VCF0350,Democratic presidential cand- intelligent,Candidato presidencial demócrata - inteligente
VCF0351,STRING,Candidato presidencial democrata - compassivo,,yes,,,no,,VCF0351,Democratic presidential cand- compassionate,Candidato presidencial demócrata - compasivo
VCF0352,STRING,Candidato presidencial democrata - decente,,yes,,,no,,VCF0352,Democratic presidential cand- decent,Candidato presidencial demócrata - decente
VCF0353,STRING,Candidato presidencial democrata - inspirador,,yes,,,no,,VCF0353,Democratic presidential cand- inspiring,Candidato presidencial demócrata - inspirador
VCF0354,STRING,Candidato presidencial democrata - conhecedor,,yes,,,no,,VCF0354,Democratic presidential cand- knowledgeable,Candidato presidencial demócrata - conocedor
VCF0355,STRING,Candidato presidencial democrata - moral,,yes,,,no,,VCF0355,Democratic presidential cand- moral,Candidato presidencial demócrata - moral
VCF0356,STRING,Candidato presidencial democrata - liderança,,yes,,,no,,VCF0356,Democratic presidential cand- leadership,Candidato presidencial demócrata - liderazgo
VCF0357,STRING,Candidato presidencial democrata - se importa,,yes,,,no,,VCF0357,Democratic presidential cand- cares,Candidato presidencial demócrata - se preocupa
VCF0358,STRING,Candidato presidencial democrata - irritado,,yes,,,no,,VCF0358,Democratic presidential cand- angry,Candidato presidencial demócrata - enojado
VCF0359,STRING,Candidato presidencial democrata - amedrontado,,yes,,,no,,VCF0359,Democratic presidential cand- afraid,Candidato presidencial demócrata - temeroso
VCF0360,STRING,Candidato presidencial democrata - esperançoso,,yes,,,no,,VCF0360,Democratic presidential cand- hopeful,Candidato presidencial demócrata - esperanzado
VCF0361,STRING,Candidato presidencial democrata - orgulhoso,,yes,,,no,,VCF0361,Democratic presidential cand- proud,Candidato presidencial demócrata - orgulloso
VCF0362,STRING,Candidato presidencial republicano - inteligente,,yes,,,no,,VCF0362,Republican presidential cand- intelligent,Candidato presidencial republicano - inteligente
VCF0363,STRING,Candidato presidencial republicano - compassivo,,yes,,,no,,VCF0363,Republican presidential cand- compassionate,Candidato presidencial republicano - compasivo
VCF0364,STRING,Candidato presidencial republicano - decente,,yes,,,no,,VCF0364,Republican presidential cand- decent,Candidato presidencial republicano - decente
VCF0365,STRING,Candidato presidencial republicano - inspirador,,yes,,,no,,VCF0365,Republican presidential cand- inspiring,Candidato presidencial republicano - inspirador
VCF0366,STRING,Candidato presidencial republicano - conhecedor,,yes,,,no,,VCF0366,Republican presidential cand- knowledgeable,Candidato presidencial republicano - conocedor
VCF0367,STRING,Candidato presidencial republicano - moral,,yes,,,no,,VCF0367,Republican presidential cand- moral,Candidato presidencial republicano - moral
VCF0368,STRING,Candidato presidencial republicano - liderança,,yes,,,no,,VCF0368,Republican presidential cand- leadership,Candidato presidencial republicano - liderazgo
VCF0369,STRING,Candidato presidencial republicano - se importa,,yes,,,no,,VCF0369,Republican presidential cand- cares,Candidato presidencial republicano - se preocupa
VCF0370,STRING,Candidato presidencial republicano - irritado,,yes,,,no,,VCF0370,Republican presidential cand- angry,Candidato presidencial republicano - enojado
VCF0371,STRING,Candidato presidencial republicano - amedrontado,,yes,,,no,,VCF0371,Republican presidential cand- afraid,Candidato presidencial republicano - temeroso
VCF0372,STRING,Candidato presidencial republicano - esperançoso,,yes,,,no,,VCF0372,Republican presidential cand- hopeful,Candidato presidencial republicano - esperanzado
VCF0373,STRING,Candidato presidencial republicano - orgulhoso,,yes,,,no,,VCF0373,Republican presidential cand- proud,Candidato presidencial republicano - orgulloso
VCF0374,STRING,Gosta de algo no Partido Democrata,,yes,,,no,,VCF0374,Likes anything about Democratic party,Le gusta algo del Partido Demócrata
VCF0375a,STRING,1972-2004 menção 1: aspecto positivo do Partido Democrata,,yes,,,no,,VCF0375a,1972-2004 mention 1: like about Democratic party,1972-2004 mención 1: aspecto positivo del Partido Demócrata
VCF0375b,STRING,1972-2004 menção 1: aspecto positivo do Partido Democrata agrupado,,yes,,,no,,VCF0375b,1972-2004 mention 1: like about Democratic party collapsed,1972-2004 mención 1: aspecto positivo del Partido Demócrata agrupado
VCF0375c,STRING,1952-1968 menção 1: aspecto positivo do Partido Democrata,,yes,,,no,,VCF0375c,1952-1968 mention 1: like about Democratic party,1952-1968 mención 1: aspecto positivo del Partido Demócrata
VCF0375d,STRING,1952-1968 menção 1: aspecto positivo do Partido Democrata agrupado,,yes,,,no,,VCF0375d,1952-1968 mention 1: like about Democratic party collapsed,1952-1968 mención 1: aspecto positivo del Partido Demócrata agrupado
VCF0376a,STRING,1972-2004 menção 2: aspecto positivo do Partido Democrata,,no,,,no,Coded per ANES codebook; full value list in the codebook,VCF0376a,1972-2004 mention 2: like about Democratic party,1972-2004 mención 2: aspecto positivo del Partido Demócrata
VCF0376b,STRING,1972-2004 menção 2: aspecto positivo do Partido Democrata agrupado,,yes,,,no,,VCF0376b,1972-2004 mention 2: like about Democratic party collapsed,1972-2004 mención 2: aspecto positivo del Partido Demócrata agrupado
VCF0376c,STRING,1952-1968 menção 2: aspecto positivo do Partido Democrata,,no,,,no,Coded per ANES codebook; full value list in the codebook,VCF0376c,1952-1968 mention 2: like about Democratic party,1952-1968 mención 2: aspecto positivo del Partido Demócrata
VCF0376d,STRING,1952-1968 menção 2: aspecto positivo do Partido Democrata agrupado,,yes,,,no,,VCF0376d,1952-1968 mention 2: like about Democratic party collapsed,1952-1968 mención 2: aspecto positivo del Partido Demócrata agrupado
VCF0377a,STRING,1972-2004 menção 3: aspecto positivo do Partido Democrata,,no,,,no,Coded per ANES codebook; full value list in the codebook,VCF0377a,1972-2004 mention 3: like about Democratic party,1972-2004 mención 3: aspecto positivo del Partido Demócrata
VCF0377b,STRING,1972-2004 menção 3: aspecto positivo do Partido Democrata agrupado,,yes,,,no,,VCF0377b,1972-2004 mention 3: like about Democratic party collapsed,1972-2004 mención 3: aspecto positivo del Partido Demócrata agrupado
VCF0377c,STRING,1952-1968 menção 3: aspecto positivo do Partido Democrata,,no,,,no,Coded per ANES codebook; full value list in the codebook,VCF0377c,1952-1968 mention 3: like about Democratic party,1952-1968 mención 3: aspecto positivo del Partido Demócrata
VCF0377d,STRING,1952-1968 menção 3: aspecto positivo do Partido Democrata agrupado,,yes,,,no,,VCF0377d,1952-1968 mention 3: like about Democratic party collapsed,1952-1968 mención 3: aspecto positivo del Partido Demócrata agrupado
VCF0378a,STRING,1972-2004 menção 4: aspecto positivo do Partido Democrata,,no,,,no,Coded per ANES codebook; full value list in the codebook,VCF0378a,1972-2004 mention 4: like about Democratic party,1972-2004 mención 4: aspecto positivo del Partido Demócrata
VCF0378b,STRING,1972-2004 menção 4: aspecto positivo do Partido Democrata agrupado,,yes,,,no,,VCF0378b,1972-2004 mention 4: like about Democratic party collapsed,1972-2004 mención 4: aspecto positivo del Partido Demócrata agrupado
VCF0378c,STRING,1952-1968 menção 4: aspecto positivo do Partido Democrata,,no,,,no,Coded per ANES codebook; full value list in the codebook,VCF0378c,1952-1968 mention 4: like about Democratic party,1952-1968 mención 4: aspecto positivo del Partido Demócrata
VCF0378d,STRING,1952-1968 menção 4: aspecto positivo do Partido Democrata agrupado,,yes,,,no,,VCF0378d,1952-1968 mention 4: like about Democratic party collapsed,1952-1968 mención 4: aspecto positivo del Partido Demócrata agrupado
VCF0379a,STRING,1972-2004 menção 5: aspecto positivo do Partido Democrata,,no,,,no,Coded per ANES codebook; full value list in the codebook,VCF0379a,1972-2004 mention 5: like about Democratic party,1972-2004 mención 5: aspecto positivo del Partido Demócrata
VCF0379b,STRING,1972-2004 menção 5: aspecto positivo do Partido Democrata agrupado,,yes,,,no,,VCF0379b,1972-2004 mention 5: like about Democratic party collapsed,1972-2004 mención 5: aspecto positivo del Partido Demócrata agrupado
VCF0379c,STRING,1952-1968 menção 5: aspecto positivo do Partido Democrata,,no,,,no,Coded per ANES codebook; full value list in the codebook,VCF0379c,1952-1968 mention 5: like about Democratic party,1952-1968 mención 5: aspecto positivo del Partido Demócrata
VCF0379d,STRING,1952-1968 menção 5: aspecto positivo do Partido Democrata agrupado,,yes,,,no,,VCF0379d,1952-1968 mention 5: like about Democratic party collapsed,1952-1968 mención 5: aspecto positivo del Partido Demócrata agrupado
VCF0380,STRING,Não gosta de algo no Partido Democrata,,yes,,,no,,VCF0380,Dislikes anything about Democratic party,No le gusta algo del Partido Demócrata
VCF0381a,STRING,1972-2004 menção 1: aspecto negativo do Partido Democrata,,yes,,,no,,VCF0381a,1972-2004 mention 1: dislike about Democratic party,1972-2004 mención 1: aspecto negativo del Partido Demócrata
VCF0381b,STRING,1972-2004 menção 1: aspecto negativo do Partido Democrata agrupado,,yes,,,no,,VCF0381b,1972-2004 mention 1: dislike about Democratic party collapsed,1972-2004 mención 1: aspecto negativo del Partido Demócrata agrupado
VCF0381c,STRING,1952-1968 menção 1: aspecto negativo do Partido Democrata,,yes,,,no,,VCF0381c,1952-1968 mention 1: dislike about Democratic party,1952-1968 mención 1: aspecto negativo del Partido Demócrata
VCF0381d,STRING,1952-1968 menção 1: aspecto negativo do Partido Democrata agrupado,,yes,,,no,,VCF0381d,1952-1968 mention 1: dislike about Democratic party collapsed,1952-1968 mención 1: aspecto negativo del Partido Demócrata agrupado
VCF0382a,STRING,1972-2004 menção 2: aspecto negativo do Partido Democrata,,no,,,no,Coded per ANES codebook; full value list in the codebook,VCF0382a,1972-2004 mention 2: dislike about Democratic party,1972-2004 mención 2: aspecto negativo del Partido Demócrata
VCF0382b,STRING,1972-2004 menção 2: aspecto negativo do Partido Democrata agrupado,,yes,,,no,,VCF0382b,1972-2004 mention 2: dislike about Democratic party collapsed,1972-2004 mención 2: aspecto negativo del Partido Demócrata agrupado
VCF0382c,STRING,1952-1968 menção 2: aspecto negativo do Partido Democrata,,no,,,no,Coded per ANES codebook; full value list in the codebook,VCF0382c,1952-1968 mention 2: dislike about Democratic party,1952-1968 mención 2: aspecto negativo del Partido Demócrata
VCF0382d,STRING,1952-1968 menção 2: aspecto negativo do Partido Democrata agrupado,,yes,,,no,,VCF0382d,1952-1968 mention 2: dislike about Democratic party collapsed,1952-1968 mención 2: aspecto negativo del Partido Demócrata agrupado
VCF0383a,STRING,1972-2004 menção 3: aspecto negativo do Partido Democrata,,no,,,no,Coded per ANES codebook; full value list in the codebook,VCF0383a,1972-2004 mention 3: dislike about Democratic party,1972-2004 mención 3: aspecto negativo del Partido Demócrata
VCF0383b,STRING,1972-2004 menção 3: aspecto negativo do Partido Democrata agrupado,,yes,,,no,,VCF0383b,1972-2004 mention 3: dislike about Democratic party collapsed,1972-2004 mención 3: aspecto negativo del Partido Demócrata agrupado
VCF0383c,STRING,1952-1968 menção 3: aspecto negativo do Partido Democrata,,no,,,no,Coded per ANES codebook; full value list in the codebook,VCF0383c,1952-1968 mention 3: dislike about Democratic party,1952-1968 mención 3: aspecto negativo del Partido Demócrata
VCF0383d,STRING,1952-1968 menção 3: aspecto negativo do Partido Democrata agrupado,,yes,,,no,,VCF0383d,1952-1968 mention 3: dislike about Democratic party collapsed,1952-1968 mención 3: aspecto negativo del Partido Demócrata agrupado
VCF0384a,STRING,1972-2004 menção 4: aspecto negativo do Partido Democrata,,no,,,no,Coded per ANES codebook; full value list in the codebook,VCF0384a,1972-2004 mention 4: dislike about Democratic party,1972-2004 mención 4: aspecto negativo del Partido Demócrata
VCF0384b,STRING,1972-2004 menção 4: aspecto negativo do Partido Democrata agrupado,,yes,,,no,,VCF0384b,1972-2004 mention 4: dislike about Democratic party collapsed,1972-2004 mención 4: aspecto negativo del Partido Demócrata agrupado
VCF0384c,STRING,1952-1968 menção 4: aspecto negativo do Partido Democrata,,no,,,no,Coded per ANES codebook; full value list in the codebook,VCF0384c,1952-1968 mention 4: dislike about Democratic party,1952-1968 mención 4: aspecto negativo del Partido Demócrata
VCF0384d,STRING,1952-1968 menção 4: aspecto negativo do Partido Democrata agrupado,,yes,,,no,,VCF0384d,1952-1968 mention 4: dislike about Democratic party collapsed,1952-1968 mención 4: aspecto negativo del Partido Demócrata agrupado
VCF0385a,STRING,1972-2004 menção 5: aspecto negativo do Partido Democrata,,no,,,no,Coded per ANES codebook; full value list in the codebook,VCF0385a,1972-2004 mention 5: dislike about Democratic party,1972-2004 mención 5: aspecto negativo del Partido Demócrata
VCF0385b,STRING,1972-2004 menção 5: aspecto negativo do Partido Democrata agrupado,,yes,,,no,,VCF0385b,1972-2004 mention 5: dislike about Democratic party collapsed,1972-2004 mención 5: aspecto negativo del Partido Demócrata agrupado
VCF0385c,STRING,1952-1968 menção 5: aspecto negativo do Partido Democrata,,no,,,no,Coded per ANES codebook; full value list in the codebook,VCF0385c,1952-1968 mention 5: dislike about Democratic party,1952-1968 mención 5: aspecto negativo del Partido Demócrata
VCF0385d,STRING,1952-1968 menção 5: aspecto negativo do Partido Democrata agrupado,,yes,,,no,,VCF0385d,1952-1968 mention 5: dislike about Democratic party collapsed,1952-1968 mención 5: aspecto negativo del Partido Demócrata agrupado
VCF0386,STRING,Gosta de algo no Partido Republicano,,yes,,,no,,VCF0386,Likes anything about Republican party,Le gusta algo del Partido Republicano
VCF0387a,STRING,1972-2004 menção 1: aspecto positivo do Partido Republicano,,yes,,,no,,VCF0387a,1972-2004 mention 1: like about Republican party,1972-2004 mención 1: aspecto positivo del Partido Republicano
VCF0387b,STRING,1972-2004 menção 1: aspecto positivo do Partido Republicano agrupado,,yes,,,no,,VCF0387b,1972-2004 mention 1: like about Republican party collapsed,1972-2004 mención 1: aspecto positivo del Partido Republicano agrupado
VCF0387c,STRING,1952-1968 menção 1: aspecto positivo do Partido Republicano,,yes,,,no,,VCF0387c,1952-1968 mention 1: like about Republican party,1952-1968 mención 1: aspecto positivo del Partido Republicano
VCF0387d,STRING,1952-1968 menção 1: aspecto positivo do Partido Republicano agrupado,,yes,,,no,,VCF0387d,1952-1968 mention 1: like about Republican party collapsed,1952-1968 mención 1: aspecto positivo del Partido Republicano agrupado
VCF0388a,STRING,1972-2004 menção 2: aspecto positivo sobre o Partido Republicano,,no,,,no,Coded per ANES codebook; full value list in the codebook,VCF0388a,1972-2004 mention 2: like about Republican party,1972-2004 mención 2: aspecto positivo sobre el Partido Republicano
VCF0388b,STRING,1972-2004 menção 2: aspecto positivo sobre o Partido Republicano agrupado,,yes,,,no,,VCF0388b,1972-2004 mention 2: like about Republican party collapsed,1972-2004 mención 2: aspecto positivo sobre el Partido Republicano agrupado
VCF0388c,STRING,1952-1968 menção 2: aspecto positivo sobre o Partido Republicano,,no,,,no,Coded per ANES codebook; full value list in the codebook,VCF0388c,1952-1968 mention 2: like about Republican party,1952-1968 mención 2: aspecto positivo sobre el Partido Republicano
VCF0388d,STRING,1952-1968 menção 2: aspecto positivo sobre o Partido Republicano agrupado,,yes,,,no,,VCF0388d,1952-1968 mention 2: like about Republican party collapsed,1952-1968 mención 2: aspecto positivo sobre el Partido Republicano agrupado
VCF0389a,STRING,1972-2004 menção 3: aspecto positivo sobre o Partido Republicano,,no,,,no,Coded per ANES codebook; full value list in the codebook,VCF0389a,1972-2004 mention 3: like about Republican party,1972-2004 mención 3: aspecto positivo sobre el Partido Republicano
VCF0389b,STRING,1972-2004 menção 3: aspecto positivo sobre o Partido Republicano agrupado,,yes,,,no,,VCF0389b,1972-2004 mention 3: like about Republican party collapsed,1972-2004 mención 3: aspecto positivo sobre el Partido Republicano agrupado
VCF0389c,STRING,1952-1968 menção 3: aspecto positivo sobre o Partido Republicano,,no,,,no,Coded per ANES codebook; full value list in the codebook,VCF0389c,1952-1968 mention 3: like about Republican party,1952-1968 mención 3: aspecto positivo sobre el Partido Republicano
VCF0389d,STRING,1952-1968 menção 3: aspecto positivo sobre o Partido Republicano agrupado,,yes,,,no,,VCF0389d,1952-1968 mention 3: like about Republican party collapsed,1952-1968 mención 3: aspecto positivo sobre el Partido Republicano agrupado
VCF0390a,STRING,1972-2004 menção 4: aspecto positivo sobre o Partido Republicano,,no,,,no,Coded per ANES codebook; full value list in the codebook,VCF0390a,1972-2004 mention 4: like about Republican party,1972-2004 mención 4: aspecto positivo sobre el Partido Republicano
VCF0390b,STRING,1972-2004 menção 4: aspecto positivo sobre o Partido Republicano agrupado,,yes,,,no,,VCF0390b,1972-2004 mention 4: like about Republican party collapsed,1972-2004 mención 4: aspecto positivo sobre el Partido Republicano agrupado
VCF0390c,STRING,1952-1968 menção 4: aspecto positivo sobre o Partido Republicano,,no,,,no,Coded per ANES codebook; full value list in the codebook,VCF0390c,1952-1968 mention 4: like about Republican party,1952-1968 mención 4: aspecto positivo sobre el Partido Republicano
VCF0390d,STRING,1952-1968 menção 4: aspecto positivo sobre o Partido Republicano agrupado,,yes,,,no,,VCF0390d,1952-1968 mention 4: like about Republican party collapsed,1952-1968 mención 4: aspecto positivo sobre el Partido Republicano agrupado
VCF0391a,STRING,1972-2004 menção 5: aspecto positivo sobre o Partido Republicano,,no,,,no,Coded per ANES codebook; full value list in the codebook,VCF0391a,1972-2004 mention 5: like about Republican party,1972-2004 mención 5: aspecto positivo sobre el Partido Republicano
VCF0391b,STRING,1972-2004 menção 5: aspecto positivo sobre o Partido Republicano agrupado,,yes,,,no,,VCF0391b,1972-2004 mention 5: like about Republican party collapsed,1972-2004 mención 5: aspecto positivo sobre el Partido Republicano agrupado
VCF0391c,STRING,1952-1968 menção 5: aspecto positivo sobre o Partido Republicano,,no,,,no,Coded per ANES codebook; full value list in the codebook,VCF0391c,1952-1968 mention 5: like about Republican party,1952-1968 mención 5: aspecto positivo sobre el Partido Republicano
VCF0391d,STRING,1952-1968 menção 5: aspecto positivo sobre o Partido Republicano agrupado,,yes,,,no,,VCF0391d,1952-1968 mention 5: like about Republican party collapsed,1952-1968 mención 5: aspecto positivo sobre el Partido Republicano agrupado
VCF0392,STRING,Cita algum aspecto negativo sobre o Partido Republicano,,yes,,,no,,VCF0392,Dislikes anything about Republican party,Cita algún aspecto negativo sobre el Partido Republicano
VCF0393a,STRING,1972-2004 menção 1: aspecto negativo sobre o Partido Republicano,,yes,,,no,,VCF0393a,1972-2004 mention 1: dislike about Republican party,1972-2004 mención 1: aspecto negativo sobre el Partido Republicano
VCF0393b,STRING,1972-2004 menção 1: aspecto negativo sobre o Partido Republicano agrupado,,yes,,,no,,VCF0393b,1972-2004 mention 1: dislike about Republican party collapsed,1972-2004 mención 1: aspecto negativo sobre el Partido Republicano agrupado
VCF0393c,STRING,1952-1968 menção 1: aspecto negativo sobre o Partido Republicano,,yes,,,no,,VCF0393c,1952-1968 mention 1: dislike about Republican party,1952-1968 mención 1: aspecto negativo sobre el Partido Republicano
VCF0393d,STRING,1952-1968 menção 1: aspecto negativo sobre o Partido Republicano agrupado,,yes,,,no,,VCF0393d,1952-1968 mention 1: dislike about Republican party collapsed,1952-1968 mención 1: aspecto negativo sobre el Partido Republicano agrupado
VCF0394a,STRING,1972-2004 menção 2: aspecto negativo sobre o Partido Republicano,,no,,,no,Coded per ANES codebook; full value list in the codebook,VCF0394a,1972-2004 mention 2: dislike about Republican party,1972-2004 mención 2: aspecto negativo sobre el Partido Republicano
VCF0394b,STRING,1972-2004 menção 2: aspecto negativo sobre o Partido Republicano agrupado,,yes,,,no,,VCF0394b,1972-2004 mention 2: dislike about Republican party collapsed,1972-2004 mención 2: aspecto negativo sobre el Partido Republicano agrupado
VCF0394c,STRING,1952-1968 menção 2: aspecto negativo sobre o Partido Republicano,,no,,,no,Coded per ANES codebook; full value list in the codebook,VCF0394c,1952-1968 mention 2: dislike about Republican party,1952-1968 mención 2: aspecto negativo sobre el Partido Republicano
VCF0394d,STRING,1952-1968 menção 2: aspecto negativo sobre o Partido Republicano agrupado,,yes,,,no,,VCF0394d,1952-1968 mention 2: dislike about Republican party collapsed,1952-1968 mención 2: aspecto negativo sobre el Partido Republicano agrupado
VCF0395a,STRING,1972-2004 menção 3: aspecto negativo sobre o Partido Republicano,,no,,,no,Coded per ANES codebook; full value list in the codebook,VCF0395a,1972-2004 mention 3: dislike about Republican party,1972-2004 mención 3: aspecto negativo sobre el Partido Republicano
VCF0395b,STRING,1972-2004 menção 3: aspecto negativo sobre o Partido Republicano agrupado,,yes,,,no,,VCF0395b,1972-2004 mention 3: dislike about Republican party collapsed,1972-2004 mención 3: aspecto negativo sobre el Partido Republicano agrupado
VCF0395c,STRING,1952-1968 menção 3: aspecto negativo sobre o Partido Republicano,,no,,,no,Coded per ANES codebook; full value list in the codebook,VCF0395c,1952-1968 mention 3: dislike about Republican party,1952-1968 mención 3: aspecto negativo sobre el Partido Republicano
VCF0395d,STRING,1952-1968 menção 3: aspecto negativo sobre o Partido Republicano agrupado,,yes,,,no,,VCF0395d,1952-1968 mention 3: dislike about Republican party collapsed,1952-1968 mención 3: aspecto negativo sobre el Partido Republicano agrupado
VCF0396a,STRING,1972-2004 menção 4: aspecto negativo sobre o Partido Republicano,,no,,,no,Coded per ANES codebook; full value list in the codebook,VCF0396a,1972-2004 mention 4: dislike about Republican party,1972-2004 mención 4: aspecto negativo sobre el Partido Republicano
VCF0396b,STRING,1972-2004 menção 4: aspecto negativo sobre o Partido Republicano agrupado,,yes,,,no,,VCF0396b,1972-2004 mention 4: dislike about Republican party collapsed,1972-2004 mención 4: aspecto negativo sobre el Partido Republicano agrupado
VCF0396c,STRING,1952-1968 menção 4: aspecto negativo sobre o Partido Republicano,,no,,,no,Coded per ANES codebook; full value list in the codebook,VCF0396c,1952-1968 mention 4: dislike about Republican party,1952-1968 mención 4: aspecto negativo sobre el Partido Republicano
VCF0396d,STRING,1952-1968 menção 4: aspecto negativo sobre o Partido Republicano agrupado,,yes,,,no,,VCF0396d,1952-1968 mention 4: dislike about Republican party collapsed,1952-1968 mención 4: aspecto negativo sobre el Partido Republicano agrupado
VCF0397a,STRING,1972-2004 menção 5: aspecto negativo sobre o Partido Republicano,,no,,,no,Coded per ANES codebook; full value list in the codebook,VCF0397a,1972-2004 mention 5: dislike about Republican party,1972-2004 mención 5: aspecto negativo sobre el Partido Republicano
VCF0397b,STRING,1972-2004 menção 5: aspecto negativo sobre o Partido Republicano agrupado,,yes,,,no,,VCF0397b,1972-2004 mention 5: dislike about Republican party collapsed,1972-2004 mención 5: aspecto negativo sobre el Partido Republicano agrupado
VCF0397c,STRING,1952-1968 menção 5: aspecto negativo sobre o Partido Republicano,,no,,,no,Coded per ANES codebook; full value list in the codebook,VCF0397c,1952-1968 mention 5: dislike about Republican party,1952-1968 mención 5: aspecto negativo sobre el Partido Republicano
VCF0397d,STRING,1952-1968 menção 5: aspecto negativo sobre o Partido Republicano agrupado,,yes,,,no,,VCF0397d,1952-1968 mention 5: dislike about Republican party collapsed,1952-1968 mención 5: aspecto negativo sobre el Partido Republicano agrupado
VCF0401,STRING,Candidato presidencial democrata: aspectos positivos do entrevistado - número de menções,,yes,,,no,,VCF0401,Democratic presidential cand: respondent likes - number of mentions,Candidato presidencial demócrata: aspectos positivos del entrevistado - número de menciones
VCF0402,STRING,Candidato presidencial democrata: aspectos negativos do entrevistado - número de menções,,yes,,,no,,VCF0402,Democratic presidential cand: respondent dislikes - number of mentions,Candidato presidencial demócrata: aspectos negativos del entrevistado - número de menciones
VCF0403,STRING,Candidato presidencial democrata: afeto (likes- dislikes),,yes,,,no,,VCF0403,Democratic presidential cand: affect (likes- dislikes),Candidato presidencial demócrata: afecto (likes- dislikes)
VCF0404,STRING,Candidato presidencial democrata: saliência (likes- dislikes),,yes,,,no,,VCF0404,Democratic presidential cand: salience (likes- dislikes),Candidato presidencial demócrata: saliencia (likes- dislikes)
VCF0405,STRING,Candidato presidencial republicano: aspectos positivos do entrevistado - número de menções,,yes,,,no,,VCF0405,Republican presidential cand: respondent likes - number of mentions,Candidato presidencial republicano: aspectos positivos del entrevistado - número de menciones
VCF0406,STRING,Candidato presidencial republicano: aspectos negativos do entrevistado - número de menções,,yes,,,no,,VCF0406,Republican presidential cand: respondent dislikes - number of mentions,Candidato presidencial republicano: aspectos negativos del entrevistado - número de menciones
VCF0407,STRING,Candidato presidencial republicano: afeto (likes- dislikes),,yes,,,no,,VCF0407,Republican presidential cand: affect (likes- dislikes),Candidato presidencial republicano: afecto (likes- dislikes)
VCF0408,STRING,Candidato presidencial republicano: saliência (likes- dislikes),,yes,,,no,,VCF0408,Republican presidential cand: salience (likes- dislikes),Candidato presidencial republicano: saliencia (likes- dislikes)
VCF0409,STRING,Candidatos presidenciais: afeto (likes-dislikes),,yes,,,no,,VCF0409,Presidential candidates: affect (likes-dislikes),Candidatos presidenciales: afecto (likes-dislikes)
VCF0410,STRING,Candidatos presidenciais: saliência (likes- dislikes),,yes,,,no,,VCF0410,Presidential candidates: salience (likes- dislikes),Candidatos presidenciales: saliencia (likes- dislikes)
VCF0411,STRING,Candidatos presidenciais: saliência relativa (likes-dislikes),,yes,,,no,,VCF0411,Presidential candidates: relative salience (likes-dislikes),Candidatos presidenciales: saliencia relativa (likes-dislikes)
VCF0412,INT64,Termômetro médio - candidatos presidenciais,,no,,degrees,no,"Missing sentinels set to NULL: 98, 99",VCF0412,Thermometer average - presidential candidates,Termómetro promedio - candidatos presidenciales
VCF0413,INT64,Índice de termômetro - candidatos presidenciais,,no,,degrees,no,"Missing sentinels set to NULL: 998, 999",VCF0413,Thermometer index - presidential candidates,Índice de termómetro - candidatos presidenciales
VCF0414,INT64,Termômetro médio - candidatos a vice-presidente,,no,,degrees,no,"Missing sentinels set to NULL: 98, 99",VCF0414,Thermometer average - vice-presidential candidates,Termómetro promedio - candidatos a vicepresidente
VCF0415,INT64,Índice de termômetro - candidatos a vice-presidente,,no,,degrees,no,"Missing sentinels set to NULL: 998, 999",VCF0415,Thermometer index - vice-presidential candidates,Índice de termómetro - candidatos a vicepresidente
VCF0424,INT64,Termômetro - candidato presidencial democrata,,no,,degrees,no,"Missing sentinels set to NULL: 98, 99",VCF0424,Thermometer - Democratic presidential candidate,Termómetro - candidato presidencial demócrata
VCF0425,INT64,Termômetro - candidato a vice-presidente democrata,,no,,degrees,no,"Missing sentinels set to NULL: 98, 99",VCF0425,Thermometer - Democratic vice-presidential candidate,Termómetro - candidato a vicepresidente demócrata
VCF0426,INT64,Termômetro - candidato presidencial republicano,,no,,degrees,no,"Missing sentinels set to NULL: 98, 99",VCF0426,Thermometer - Republican presidential candidate,Termómetro - candidato presidencial republicano
VCF0427,INT64,Termômetro - candidato a vice-presidente republicano,,no,,degrees,no,"Missing sentinels set to NULL: 98, 99",VCF0427,Thermometer - Republican vice-presidential candidate,Termómetro - candidato a vicepresidente republicano
VCF0428,INT64,Termômetro - presidente dos EUA,,no,,degrees,no,"Missing sentinels set to NULL: 98, 99",VCF0428,Thermometer - U.S. president,Termómetro - presidente de EE. UU.
VCF0429,INT64,Termômetro - vice-presidente,,no,,degrees,no,"Missing sentinels set to NULL: 98, 99",VCF0429,Thermometer - vice-president,Termómetro - vicepresidente
VCF0432,INT64,Termômetro - Hubert Humphrey,,no,,degrees,no,"Missing sentinels set to NULL: 98, 99",VCF0432,Thermometer - hubert Humphrey,Termómetro - Hubert Humphrey
VCF0433,INT64,Termômetro - Ted Kennedy,,no,,degrees,no,"Missing sentinels set to NULL: 98, 99",VCF0433,Thermometer - ted Kennedy,Termómetro - Ted Kennedy
VCF0434,INT64,Termômetro - Eugene McCarthy,,no,,degrees,no,"Missing sentinels set to NULL: 98, 99",VCF0434,Thermometer - eugene mccarthy,Termómetro - Eugene McCarthy
VCF0435,INT64,Termômetro - George McGovern,,no,,degrees,no,"Missing sentinels set to NULL: 98, 99",VCF0435,Thermometer - george mcgovern,Termómetro - George McGovern
VCF0436,INT64,Termômetro - Walter Mondale,,no,,degrees,no,"Missing sentinels set to NULL: 98, 99",VCF0436,Thermometer - walter Mondale,Termómetro - Walter Mondale
VCF0437,INT64,Termômetro - Edmund Muskie,,no,,degrees,no,"Missing sentinels set to NULL: 98, 99",VCF0437,Thermometer - edmund muskie,Termómetro - Edmund Muskie
VCF0438,INT64,Termômetro - George Bush Sr,,no,,degrees,no,"Missing sentinels set to NULL: 98, 99",VCF0438,Thermometer - george Bush sr,Termómetro - George Bush Sr
VCF0439,INT64,Termômetro - George Wallace,,no,,degrees,no,"Missing sentinels set to NULL: 98, 99",VCF0439,Thermometer - george Wallace,Termómetro - George Wallace
VCF0440,INT64,Termômetro - Spiro Agnew,,no,,degrees,no,"Missing sentinels set to NULL: 98, 99",VCF0440,Thermometer - spiro agnew,Termómetro - Spiro Agnew
VCF0441,INT64,Termômetro - Gerald Ford,,no,,degrees,no,"Missing sentinels set to NULL: 98, 99",VCF0441,Thermometer - gerald Ford,Termómetro - Gerald Ford
VCF0442,INT64,Termômetro - Richard Nixon,,no,,degrees,no,"Missing sentinels set to NULL: 98, 99",VCF0442,Thermometer - richard Nixon,Termómetro - Richard Nixon
VCF0443,INT64,Termômetro - Ronald Reagan,,no,,degrees,no,"Missing sentinels set to NULL: 98, 99",VCF0443,Thermometer - ronald Reagan,Termómetro - Ronald Reagan
VCF0444,INT64,Termômetro - Nelson Rockefeller,,no,,degrees,no,"Missing sentinels set to NULL: 98, 99",VCF0444,Thermometer - nelson rockefeller,Termómetro - Nelson Rockefeller
VCF0445,INT64,Termômetro - Robert Dole,,no,,degrees,no,"Missing sentinels set to NULL: 98, 99",VCF0445,Thermometer - robert dole,Termómetro - Robert Dole
VCF0446,INT64,Termômetro - Jimmy Carter,,no,,degrees,no,"Missing sentinels set to NULL: 98, 99",VCF0446,Thermometer - jimmy Carter,Termómetro - Jimmy Carter
VCF0447,INT64,Termômetro - Bill Clinton,,no,,degrees,no,"Missing sentinels set to NULL: 98, 99",VCF0447,Thermometer - bill Clinton,Termómetro - Bill Clinton
VCF0448,INT64,Termômetro - Al Gore,,no,,degrees,no,"Missing sentinels set to NULL: 98, 99",VCF0448,Thermometer - al Gore,Termómetro - Al Gore
VCF0449,INT64,Termômetro - Ross Perot,,no,,degrees,no,"Missing sentinels set to NULL: 98, 99",VCF0449,Thermometer - ross Perot,Termómetro - Ross Perot
VCF0450,STRING,Aprova o desempenho do presidente,,yes,,,no,,VCF0450,Approve of president performance,Aprueba el desempeño del presidente
VCF0451,STRING,Intensidade da aprovação/desaprovação do desempenho do presidente,,yes,,,no,,VCF0451,Strength approve/disapprove president performance,Intensidad de la aprobación/desaprobación del desempeño del presidente
VCF0471,INT64,Termômetro - Hillary Clinton,,no,,degrees,no,"Missing sentinels set to NULL: 98, 99",VCF0471,Thermometer - hillary Clinton,Termómetro - Hillary Clinton
VCF0472,INT64,Termômetro - Pat Buchanan,,no,,degrees,no,"Missing sentinels set to NULL: 98, 99",VCF0472,Thermometer - pat Buchanan,Termómetro - Pat Buchanan
VCF0473,INT64,Termômetro - Dan Quayle,,no,,degrees,no,"Missing sentinels set to NULL: 98, 99",VCF0473,Thermometer - dan quayle,Termómetro - Dan Quayle
VCF0475,STRING,Cita algum aspecto positivo sobre o candidato presidencial democrata,,yes,,,no,,VCF0475,Likes anything about Democratic presidential cand,Cita algún aspecto positivo sobre el candidato presidencial demócrata
VCF0476a,STRING,1972-2004 menção 1: aspecto positivo sobre o candidato presidencial democrata,,yes,,,no,,VCF0476a,1972-2004 mention 1: like about Democratic presidential cand,1972-2004 mención 1: aspecto positivo sobre el candidato presidencial demócrata
VCF0476b,STRING,1972-2004 menção 1: aspecto positivo sobre o candidato presidencial democrata agrupado,,yes,,,no,,VCF0476b,1972-2004 mention 1: like about Democratic presidential cand collapsed,1972-2004 mención 1: aspecto positivo sobre el candidato presidencial demócrata agrupado
VCF0476c,STRING,1952-1968 menção 1: aspecto positivo sobre o candidato presidencial democrata,,yes,,,no,,VCF0476c,1952-1968 mention 1: like about Democratic presidential cand,1952-1968 mención 1: aspecto positivo sobre el candidato presidencial demócrata
VCF0476d,STRING,1952-1968 menção 1: aspecto positivo sobre o candidato presidencial democrata agrupado,,yes,,,no,,VCF0476d,1952-1968 mention 1: like about Democratic presidential cand collapsed,1952-1968 mención 1: aspecto positivo sobre el candidato presidencial demócrata agrupado
VCF0477a,STRING,1972-2004 menção 2: aspecto positivo sobre o candidato presidencial democrata,,no,,,no,Coded per ANES codebook; full value list in the codebook,VCF0477a,1972-2004 mention 2: like about Democratic presidential cand,1972-2004 mención 2: aspecto positivo sobre el candidato presidencial demócrata
VCF0477b,STRING,1972-2004 menção 2: aspecto positivo sobre o candidato presidencial democrata agrupado,,yes,,,no,,VCF0477b,1972-2004 mention 2: like about Democratic presidential cand collapsed,1972-2004 mención 2: aspecto positivo sobre el candidato presidencial demócrata agrupado
VCF0477c,STRING,1952-1968 menção 2: aspecto positivo sobre o candidato presidencial democrata,,no,,,no,Coded per ANES codebook; full value list in the codebook,VCF0477c,1952-1968 mention 2: like about Democratic presidential cand,1952-1968 mención 2: aspecto positivo sobre el candidato presidencial demócrata
VCF0477d,STRING,1952-1968 menção 2: aspecto positivo sobre o candidato presidencial democrata agrupado,,yes,,,no,,VCF0477d,1952-1968 mention 2: like about Democratic presidential cand collapsed,1952-1968 mención 2: aspecto positivo sobre el candidato presidencial demócrata agrupado
VCF0478a,STRING,1972-2004 menção 3: aspecto positivo sobre o candidato presidencial democrata,,no,,,no,Coded per ANES codebook; full value list in the codebook,VCF0478a,1972-2004 mention 3: like about Democratic presidential cand,1972-2004 mención 3: aspecto positivo sobre el candidato presidencial demócrata
VCF0478b,STRING,1972-2004 menção 3: aspecto positivo sobre o candidato presidencial democrata agrupado,,yes,,,no,,VCF0478b,1972-2004 mention 3: like about Democratic presidential cand collapsed,1972-2004 mención 3: aspecto positivo sobre el candidato presidencial demócrata agrupado
VCF0478c,STRING,1952-1968 menção 3: aspecto positivo sobre o candidato presidencial democrata,,no,,,no,Coded per ANES codebook; full value list in the codebook,VCF0478c,1952-1968 mention 3: like about Democratic presidential cand,1952-1968 mención 3: aspecto positivo sobre el candidato presidencial demócrata
VCF0478d,STRING,1952-1968 menção 3: aspecto positivo sobre o candidato presidencial democrata agrupado,,yes,,,no,,VCF0478d,1952-1968 mention 3: like about Democratic presidential cand collapsed,1952-1968 mención 3: aspecto positivo sobre el candidato presidencial demócrata agrupado
VCF0479a,STRING,1972-2004 menção 4: aspecto positivo sobre o candidato presidencial democrata,,no,,,no,Coded per ANES codebook; full value list in the codebook,VCF0479a,1972-2004 mention 4: like about Democratic presidential cand,1972-2004 mención 4: aspecto positivo sobre el candidato presidencial demócrata
VCF0479b,STRING,1972-2004 menção 4: aspecto positivo sobre o candidato presidencial democrata agrupado,,yes,,,no,,VCF0479b,1972-2004 mention 4: like about Democratic presidential cand collapsed,1972-2004 mención 4: aspecto positivo sobre el candidato presidencial demócrata agrupado
VCF0479c,STRING,1952-1968 menção 4: aspecto positivo sobre o candidato presidencial democrata,,no,,,no,Coded per ANES codebook; full value list in the codebook,VCF0479c,1952-1968 mention 4: like about Democratic presidential cand,1952-1968 mención 4: aspecto positivo sobre el candidato presidencial demócrata
VCF0479d,STRING,1952-1968 menção 4: aspecto positivo sobre o candidato presidencial democrata agrupado,,yes,,,no,,VCF0479d,1952-1968 mention 4: like about Democratic presidential cand collapsed,1952-1968 mención 4: aspecto positivo sobre el candidato presidencial demócrata agrupado
VCF0480a,STRING,1972-2004 menção 5: aspecto positivo sobre o candidato presidencial democrata,,no,,,no,Coded per ANES codebook; full value list in the codebook,VCF0480a,1972-2004 mention 5: like about Democratic presidential cand,1972-2004 mención 5: aspecto positivo sobre el candidato presidencial demócrata
VCF0480b,STRING,1972-2004 menção 5: aspecto positivo sobre o candidato presidencial democrata agrupado,,yes,,,no,,VCF0480b,1972-2004 mention 5: like about Democratic presidential cand collapsed,1972-2004 mención 5: aspecto positivo sobre el candidato presidencial demócrata agrupado
VCF0480c,STRING,1952-1968 menção 5: aspecto positivo sobre o candidato presidencial democrata,,no,,,no,Coded per ANES codebook; full value list in the codebook,VCF0480c,1952-1968 mention 5: like about Democratic presidential cand,1952-1968 mención 5: aspecto positivo sobre el candidato presidencial demócrata
VCF0480d,STRING,1952-1968 menção 5: aspecto positivo sobre o candidato presidencial democrata agrupado,,yes,,,no,,VCF0480d,1952-1968 mention 5: like about Democratic presidential cand collapsed,1952-1968 mención 5: aspecto positivo sobre el candidato presidencial demócrata agrupado
VCF0481,STRING,Cita algum aspecto negativo sobre o candidato presidencial democrata,,yes,,,no,,VCF0481,Dislikes anything about Democratic presidential cand,Cita algún aspecto negativo sobre el candidato presidencial demócrata
VCF0482a,STRING,1972-2004 menção 1: aspecto negativo sobre o candidato democrata,,yes,,,no,,VCF0482a,1972-2004 mention 1: dislike about Democratic,1972-2004 mención 1: aspecto negativo sobre el candidato demócrata
VCF0482b,STRING,1972-2004 menção 1: aspecto negativo sobre o candidato presidencial democrata agrupado,,yes,,,no,,VCF0482b,1972-2004 mention 1: dislike about Democratic presidential cand collapsed,1972-2004 mención 1: aspecto negativo sobre el candidato presidencial demócrata agrupado
VCF0482c,STRING,1952-1968 menção 1: aspecto negativo sobre o candidato presidencial democrata,,yes,,,no,,VCF0482c,1952-1968 mention 1: dislike about Democratic presidential cand,1952-1968 mención 1: aspecto negativo sobre el candidato presidencial demócrata
VCF0482d,STRING,1952-1968 menção 1: aspecto negativo sobre o candidato presidencial democrata agrupado,,yes,,,no,,VCF0482d,1952-1968 mention 1: dislike about Democratic presidential cand collapsed,1952-1968 mención 1: aspecto negativo sobre el candidato presidencial demócrata agrupado
VCF0483a,STRING,1972-2004 menção 2: aspecto negativo sobre o candidato presidencial democrata,,no,,,no,Coded per ANES codebook; full value list in the codebook,VCF0483a,1972-2004 mention 2: dislike about Democratic presidential cand,1972-2004 mención 2: aspecto negativo sobre el candidato presidencial demócrata
VCF0483b,STRING,1972-2004 menção 2: aspecto negativo sobre o candidato presidencial democrata agrupado,,yes,,,no,,VCF0483b,1972-2004 mention 2: dislike about Democratic presidential cand collapsed,1972-2004 mención 2: aspecto negativo sobre el candidato presidencial demócrata agrupado
VCF0483c,STRING,1952-1968 menção 2: aspecto negativo sobre o candidato presidencial democrata,,no,,,no,Coded per ANES codebook; full value list in the codebook,VCF0483c,1952-1968 mention 2: dislike about Democratic presidential cand,1952-1968 mención 2: aspecto negativo sobre el candidato presidencial demócrata
VCF0483d,STRING,1952-1968 menção 2: aspecto negativo sobre o candidato presidencial democrata agrupado,,yes,,,no,,VCF0483d,1952-1968 mention 2: dislike about Democratic presidential cand collapsed,1952-1968 mención 2: aspecto negativo sobre el candidato presidencial demócrata agrupado
VCF0484a,STRING,1972-2004 menção 3: aspecto negativo sobre o candidato presidencial democrata,,no,,,no,Coded per ANES codebook; full value list in the codebook,VCF0484a,1972-2004 mention 3: dislike about Democratic presidential cand,1972-2004 mención 3: aspecto negativo sobre el candidato presidencial demócrata
VCF0484b,STRING,1972-2004 menção 3: aspecto negativo sobre o candidato presidencial democrata agrupado,,yes,,,no,,VCF0484b,1972-2004 mention 3: dislike about Democratic presidential cand collapsed,1972-2004 mención 3: aspecto negativo sobre el candidato presidencial demócrata agrupado
VCF0484c,STRING,1952-1968 menção 3: aspecto negativo sobre o candidato presidencial democrata,,no,,,no,Coded per ANES codebook; full value list in the codebook,VCF0484c,1952-1968 mention 3: dislike about Democratic presidential cand,1952-1968 mención 3: aspecto negativo sobre el candidato presidencial demócrata
VCF0484d,STRING,1952-1968 menção 3: aspecto negativo sobre o candidato presidencial democrata agrupado,,yes,,,no,,VCF0484d,1952-1968 mention 3: dislike about Democratic presidential cand collapsed,1952-1968 mención 3: aspecto negativo sobre el candidato presidencial demócrata agrupado
VCF0485a,STRING,1972-2004 menção 4: aspecto negativo sobre o candidato presidencial democrata,,no,,,no,Coded per ANES codebook; full value list in the codebook,VCF0485a,1972-2004 mention 4: dislike about Democratic presidential cand,1972-2004 mención 4: aspecto negativo sobre el candidato presidencial demócrata
VCF0485b,STRING,1972-2004 menção 4: aspecto negativo sobre o candidato presidencial democrata agrupado,,yes,,,no,,VCF0485b,1972-2004 mention 4: dislike about Democratic presidential cand collapsed,1972-2004 mención 4: aspecto negativo sobre el candidato presidencial demócrata agrupado
VCF0485c,STRING,1952-1968 menção 4: aspecto negativo sobre o candidato presidencial democrata,,no,,,no,Coded per ANES codebook; full value list in the codebook,VCF0485c,1952-1968 mention 4: dislike about Democratic presidential cand,1952-1968 mención 4: aspecto negativo sobre el candidato presidencial demócrata
VCF0485d,STRING,1952-1968 menção 4: aspecto negativo sobre o candidato presidencial democrata agrupado,,yes,,,no,,VCF0485d,1952-1968 mention 4: dislike about Democratic presidential cand collapsed,1952-1968 mención 4: aspecto negativo sobre el candidato presidencial demócrata agrupado
VCF0486a,STRING,1972-2004 menção 5: aspecto negativo sobre o candidato presidencial democrata,,no,,,no,Coded per ANES codebook; full value list in the codebook,VCF0486a,1972-2004 mention 5: dislike about Democratic presidential cand,1972-2004 mención 5: aspecto negativo sobre el candidato presidencial demócrata
VCF0486b,STRING,1972-2004 menção 5: aspecto negativo sobre o candidato presidencial democrata agrupado,,yes,,,no,,VCF0486b,1972-2004 mention 5: dislike about Democratic presidential cand collapsed,1972-2004 mención 5: aspecto negativo sobre el candidato presidencial demócrata agrupado
VCF0486c,STRING,1952-1968 menção 5: aspecto negativo sobre o candidato presidencial democrata,,no,,,no,Coded per ANES codebook; full value list in the codebook,VCF0486c,1952-1968 mention 5: dislike about Democratic presidential cand,1952-1968 mención 5: aspecto negativo sobre el candidato presidencial demócrata
VCF0486d,STRING,1952-1968 menção 5: aspecto negativo sobre o candidato presidencial democrata agrupado,,yes,,,no,,VCF0486d,1952-1968 mention 5: dislike about Democratic presidential cand collapsed,1952-1968 mención 5: aspecto negativo sobre el candidato presidencial demócrata agrupado
VCF0487,STRING,Cita algum aspecto positivo sobre o candidato presidencial republicano,,yes,,,no,,VCF0487,Likes anything about Republican presidential cand,Cita algún aspecto positivo sobre el candidato presidencial republicano
VCF0488a,STRING,1972-2004 menção 1: aspecto positivo sobre o candidato presidencial republicano,,yes,,,no,,VCF0488a,1972-2004 mention 1: like about Republican presidential cand,1972-2004 mención 1: aspecto positivo sobre el candidato presidencial republicano
VCF0488b,STRING,1972-2004 menção 1: aspecto positivo sobre o candidato presidencial republicano agrupado,,yes,,,no,,VCF0488b,1972-2004 mention 1: like about Republican presidential cand collapsed,1972-2004 mención 1: aspecto positivo sobre el candidato presidencial republicano agrupado
VCF0488c,STRING,1952-1968 menção 1: aspecto positivo sobre o candidato presidencial republicano,,yes,,,no,,VCF0488c,1952-1968 mention 1: like about Republican presidential cand,1952-1968 mención 1: aspecto positivo sobre el candidato presidencial republicano
VCF0488d,STRING,1952-1968 menção 1: aspecto positivo sobre o candidato presidencial republicano agrupado,,yes,,,no,,VCF0488d,1952-1968 mention 1: like about Republican presidential cand collapsed,1952-1968 mención 1: aspecto positivo sobre el candidato presidencial republicano agrupado
VCF0489a,STRING,1972-2004 menção 2: aspecto positivo sobre o candidato presidencial republicano,,no,,,no,Coded per ANES codebook; full value list in the codebook,VCF0489a,1972-2004 mention 2: like about Republican presidential cand,1972-2004 mención 2: aspecto positivo sobre el candidato presidencial republicano
VCF0489b,STRING,1972-2004 menção 2: aspecto positivo sobre o candidato presidencial republicano agrupado,,yes,,,no,,VCF0489b,1972-2004 mention 2: like about Republican presidential cand collapsed,1972-2004 mención 2: aspecto positivo sobre el candidato presidencial republicano agrupado
VCF0489c,STRING,1952-1968 menção 2: aspecto positivo sobre o candidato presidencial republicano,,no,,,no,Coded per ANES codebook; full value list in the codebook,VCF0489c,1952-1968 mention 2: like about Republican presidential cand,1952-1968 mención 2: aspecto positivo sobre el candidato presidencial republicano
VCF0489d,STRING,1952-1968 menção 2: aspecto positivo sobre o candidato presidencial republicano agrupado,,yes,,,no,,VCF0489d,1952-1968 mention 2: like about Republican presidential cand collapsed,1952-1968 mención 2: aspecto positivo sobre el candidato presidencial republicano agrupado
VCF0490a,STRING,1972-2004 menção 3: aspecto positivo sobre o candidato presidencial republicano,,no,,,no,Coded per ANES codebook; full value list in the codebook,VCF0490a,1972-2004 mention 3: like about Republican presidential cand,1972-2004 mención 3: aspecto positivo sobre el candidato presidencial republicano
VCF0490b,STRING,1972-2004 menção 3: aspecto positivo sobre o candidato presidencial republicano agrupado,,yes,,,no,,VCF0490b,1972-2004 mention 3: like about Republican presidential cand collapsed,1972-2004 mención 3: aspecto positivo sobre el candidato presidencial republicano agrupado
VCF0490c,STRING,1952-1968 menção 3: aspecto positivo sobre o candidato presidencial republicano,,no,,,no,Coded per ANES codebook; full value list in the codebook,VCF0490c,1952-1968 mention 3: like about Republican presidential cand,1952-1968 mención 3: aspecto positivo sobre el candidato presidencial republicano
VCF0490d,STRING,1952-1968 menção 3: aspecto positivo sobre o candidato presidencial republicano agrupado,,yes,,,no,,VCF0490d,1952-1968 mention 3: like about Republican presidential cand collapsed,1952-1968 mención 3: aspecto positivo sobre el candidato presidencial republicano agrupado
VCF0491a,STRING,1972-2004 menção 4: aspecto positivo sobre o candidato presidencial republicano,,no,,,no,Coded per ANES codebook; full value list in the codebook,VCF0491a,1972-2004 mention 4: like about Republican presidential cand,1972-2004 mención 4: aspecto positivo sobre el candidato presidencial republicano
VCF0491b,STRING,1972-2004 menção 4: aspecto positivo sobre o candidato presidencial republicano agrupado,,yes,,,no,,VCF0491b,1972-2004 mention 4: like about Republican presidential cand collapsed,1972-2004 mención 4: aspecto positivo sobre el candidato presidencial republicano agrupado
VCF0491c,STRING,1952-1968 menção 4: aspecto positivo sobre o candidato presidencial republicano,,no,,,no,Coded per ANES codebook; full value list in the codebook,VCF0491c,1952-1968 mention 4: like about Republican presidential cand,1952-1968 mención 4: aspecto positivo sobre el candidato presidencial republicano
VCF0491d,STRING,1952-1968 menção 4: aspecto positivo sobre o candidato presidencial republicano agrupado,,yes,,,no,,VCF0491d,1952-1968 mention 4: like about Republican presidential cand collapsed,1952-1968 mención 4: aspecto positivo sobre el candidato presidencial republicano agrupado
VCF0492a,STRING,1972-2004 menção 5: aspecto positivo sobre o candidato presidencial republicano,,no,,,no,Coded per ANES codebook; full value list in the codebook,VCF0492a,1972-2004 mention 5: like about Republican presidential cand,1972-2004 mención 5: aspecto positivo sobre el candidato presidencial republicano
VCF0492b,STRING,1972-2004 menção 5: aspecto positivo sobre o candidato presidencial republicano agrupado,,yes,,,no,,VCF0492b,1972-2004 mention 5: like about Republican presidential cand collapsed,1972-2004 mención 5: aspecto positivo sobre el candidato presidencial republicano agrupado
VCF0492c,STRING,1952-1968 menção 5: aspecto positivo sobre o candidato presidencial republicano,,no,,,no,Coded per ANES codebook; full value list in the codebook,VCF0492c,1952-1968 mention 5: like about Republican presidential cand,1952-1968 mención 5: aspecto positivo sobre el candidato presidencial republicano
VCF0492d,STRING,1952-1968 menção 5: aspecto positivo sobre o candidato presidencial republicano agrupado,,yes,,,no,,VCF0492d,1952-1968 mention 5: like about Republican presidential cand collapsed,1952-1968 mención 5: aspecto positivo sobre el candidato presidencial republicano agrupado
VCF0493,STRING,Tem aspectos negativos sobre o candidato presidencial republicano,,yes,,,no,,VCF0493,Dislikes anything about Republican presidential cand,Tiene aspectos negativos sobre el candidato presidencial republicano
VCF0494a,STRING,1972-2004 menção 1: aspecto negativo sobre o candidato presidencial republicano,,yes,,,no,,VCF0494a,1972-2004 mention 1: dislike about Republican presidential cand,1972-2004 mención 1: aspecto negativo sobre el candidato presidencial republicano
VCF0494b,STRING,1972-2004 menção 1: aspecto negativo sobre o candidato presidencial republicano agrupado,,yes,,,no,,VCF0494b,1972-2004 mention 1: dislike about Republican presidential cand collapsed,1972-2004 mención 1: aspecto negativo sobre el candidato presidencial republicano agrupado
VCF0494c,STRING,1952-1968 menção 1: aspecto negativo sobre o candidato presidencial republicano,,yes,,,no,,VCF0494c,1952-1968 mention 1: dislike about Republican presidential cand,1952-1968 mención 1: aspecto negativo sobre el candidato presidencial republicano
VCF0494d,STRING,1952-1968 menção 1: aspecto negativo sobre o candidato presidencial republicano agrupado,,yes,,,no,,VCF0494d,1952-1968 mention 1: dislike about Republican presidential cand collapsed,1952-1968 mención 1: aspecto negativo sobre el candidato presidencial republicano agrupado
VCF0495a,STRING,1972-2004 menção 2: aspecto negativo sobre o candidato presidencial republicano,,no,,,no,Coded per ANES codebook; full value list in the codebook,VCF0495a,1972-2004 mention 2: dislike about Republican presidential cand,1972-2004 mención 2: aspecto negativo sobre el candidato presidencial republicano
VCF0495b,STRING,1972-2004 menção 2: aspecto negativo sobre o candidato presidencial republicano agrupado,,yes,,,no,,VCF0495b,1972-2004 mention 2: dislike about Republican presidential cand collapsed,1972-2004 mención 2: aspecto negativo sobre el candidato presidencial republicano agrupado
VCF0495c,STRING,1952-1968 menção 2: aspecto negativo sobre o candidato presidencial republicano,,no,,,no,Coded per ANES codebook; full value list in the codebook,VCF0495c,1952-1968 mention 2: dislike about Republican presidential cand,1952-1968 mención 2: aspecto negativo sobre el candidato presidencial republicano
VCF0495d,STRING,1952-1968 menção 2: aspecto negativo sobre o candidato presidencial republicano agrupado,,yes,,,no,,VCF0495d,1952-1968 mention 2: dislike about Republican presidential cand collapsed,1952-1968 mención 2: aspecto negativo sobre el candidato presidencial republicano agrupado
VCF0496a,STRING,1972-2004 menção 3: aspecto negativo sobre o candidato presidencial republicano,,no,,,no,Coded per ANES codebook; full value list in the codebook,VCF0496a,1972-2004 mention 3: dislike about Republican presidential cand,1972-2004 mención 3: aspecto negativo sobre el candidato presidencial republicano
VCF0496b,STRING,1972-2004 menção 3: aspecto negativo sobre o candidato presidencial republicano agrupado,,yes,,,no,,VCF0496b,1972-2004 mention 3: dislike about Republican presidential cand collapsed,1972-2004 mención 3: aspecto negativo sobre el candidato presidencial republicano agrupado
VCF0496c,STRING,1952-1968 menção 3: aspecto negativo sobre o candidato presidencial republicano,,no,,,no,Coded per ANES codebook; full value list in the codebook,VCF0496c,1952-1968 mention 3: dislike about Republican presidential cand,1952-1968 mención 3: aspecto negativo sobre el candidato presidencial republicano
VCF0496d,STRING,1952-1968 menção 3: aspecto negativo sobre o candidato presidencial republicano agrupado,,yes,,,no,,VCF0496d,1952-1968 mention 3: dislike about Republican presidential cand collapsed,1952-1968 mención 3: aspecto negativo sobre el candidato presidencial republicano agrupado
VCF0497a,STRING,1972-2004 menção 4: aspecto negativo sobre o candidato presidencial republicano,,no,,,no,Coded per ANES codebook; full value list in the codebook,VCF0497a,1972-2004 mention 4: dislike about Republican presidential cand,1972-2004 mención 4: aspecto negativo sobre el candidato presidencial republicano
VCF0497b,STRING,1972-2004 menção 4: aspecto negativo sobre o candidato presidencial republicano agrupado,,yes,,,no,,VCF0497b,1972-2004 mention 4: dislike about Republican presidential cand collapsed,1972-2004 mención 4: aspecto negativo sobre el candidato presidencial republicano agrupado
VCF0497c,STRING,1952-1968 menção 4: aspecto negativo sobre o candidato presidencial republicano,,no,,,no,Coded per ANES codebook; full value list in the codebook,VCF0497c,1952-1968 mention 4: dislike about Republican presidential cand,1952-1968 mención 4: aspecto negativo sobre el candidato presidencial republicano
VCF0497d,STRING,1952-1968 menção 4: aspecto negativo sobre o candidato presidencial republicano agrupado,,yes,,,no,,VCF0497d,1952-1968 mention 4: dislike about Republican presidential cand collapsed,1952-1968 mención 4: aspecto negativo sobre el candidato presidencial republicano agrupado
VCF0498a,STRING,1972-2004 menção 5: aspecto negativo sobre o candidato presidencial republicano,,no,,,no,Coded per ANES codebook; full value list in the codebook,VCF0498a,1972-2004 mention 5: dislike about Republican presidential cand,1972-2004 mención 5: aspecto negativo sobre el candidato presidencial republicano
VCF0498b,STRING,1972-2004 menção 5: aspecto negativo sobre o candidato presidencial republicano agrupado,,yes,,,no,,VCF0498b,1972-2004 mention 5: dislike about Republican presidential cand collapsed,1972-2004 mención 5: aspecto negativo sobre el candidato presidencial republicano agrupado
VCF0498c,STRING,1952-1968 menção 5: aspecto negativo sobre o candidato presidencial republicano,,no,,,no,Coded per ANES codebook; full value list in the codebook,VCF0498c,1952-1968 mention 5: dislike about Republican presidential cand,1952-1968 mención 5: aspecto negativo sobre el candidato presidencial republicano
VCF0498d,STRING,1952-1968 menção 5: aspecto negativo sobre o candidato presidencial republicano agrupado,,yes,,,no,,VCF0498d,1952-1968 mention 5: dislike about Republican presidential cand collapsed,1952-1968 mención 5: aspecto negativo sobre el candidato presidencial republicano agrupado
VCF0501,STRING,Diferença entre os principais partidos,,yes,,,no,,VCF0501,Difference between major parties,Diferencia entre los principales partidos
VCF0502,STRING,Qual dos principais partidos é mais conservador 3 categorias,,yes,,,no,,VCF0502,Which major party is more conservative 3- category,Cuál de los principales partidos es más conservador 3 categorías
VCF0502a,STRING,Qual dos principais partidos é mais conservador 4 categorias,,yes,,,no,,VCF0502a,Which major party is more conservative 4- category,Cuál de los principales partidos es más conservador 4 categorías
VCF0503,STRING,Partido Democrata - escala liberal-conservador,,yes,,,no,,VCF0503,Democratic party- liberal-conservative scale,Partido Demócrata - escala liberal-conservador
VCF0504,STRING,Partido Republicano - escala liberal-conservador,,yes,,,no,,VCF0504,Republican party- liberal-conservative scale,Partido Republicano - escala liberal-conservador
VCF0507,STRING,Qual partido é favorável à ajuda do governo com assistência médica,,yes,,,no,,VCF0507,Which party favors government help with medical care,Qué partido favorece la ayuda del gobierno con la atención médica
VCF0508,STRING,Partido Democrata - escala de seguro de saúde governamental,,yes,,,no,,VCF0508,Democratic party- government health insurance scale,Partido Demócrata - escala de seguro de salud gubernamental
VCF0509,STRING,Partido Republicano - escala de seguro de saúde governamental,,yes,,,no,,VCF0509,Republican party- government health insurance scale,Partido Republicano - escala de seguro de salud gubernamental
VCF0512,STRING,Qual partido é favorável a empregos garantidos e padrão de vida,,yes,,,no,,VCF0512,Which party favors guaranteed jobs and standard of living,Qué partido favorece empleos garantizados y nivel de vida
VCF0513,STRING,Partido Democrata - escala de empregos e padrão de vida garantidos,,yes,,,no,,VCF0513,Democratic party- guaranteed jobs-living scale,Partido Demócrata - escala de empleos y nivel de vida garantizados
VCF0514,STRING,Partido Republicano - escala de empregos e padrão de vida garantidos,,yes,,,no,,VCF0514,Republican party- guaranteed jobs-living scale,Partido Republicano - escala de empleos y nivel de vida garantizados
VCF0517,STRING,Partido Democrata - escala de ajuda aos negros,,yes,,,no,,VCF0517,Democratic party- aid to blacks scale,Partido Demócrata - escala de ayuda a los negros
VCF0518,STRING,Partido Republicano - escala de ajuda aos negros,,yes,,,no,,VCF0518,Republican party- aid to blacks scale,Partido Republicano - escala de ayuda a los negros
VCF0521,STRING,Qual partido é favorável a um governo mais forte,,yes,,,no,,VCF0521,Which party favors stronger government,Qué partido favorece un gobierno más fuerte
VCF0521a,STRING,"Qual partido é favorável a um governo mais forte, com opção ""sem opinião""",,yes,,,no,,VCF0521a,Which party favors stronger government w/ no opinion,"Qué partido favorece un gobierno más fuerte, con opción ""sin opinión"""
VCF0522,STRING,Qual partido melhor evitará a guerra/uma guerra maior,,yes,,,no,,VCF0522,Which party will best avoid war/bigger war,Qué partido evitará mejor la guerra/una guerra mayor
VCF0523,STRING,Qual partido é favorável ao corte de gastos militares,,yes,,,no,,VCF0523,Which party favors military spending cut,Qué partido favorece el recorte del gasto militar
VCF0524,STRING,Partido Democrata - escala de direitos dos acusados,,yes,,,no,,VCF0524,Democratic party- rights of accused scale,Partido Demócrata - escala de derechos de los acusados
VCF0525,STRING,Partido Republicano - escala de direitos dos acusados,,yes,,,no,,VCF0525,Republican party- rights of accused scale,Partido Republicano - escala de derechos de los acusados
VCF0528,STRING,Partido Democrata - escala de agitação urbana,,yes,,,no,,VCF0528,Democratic party- urban unrest scale,Partido Demócrata - escala de disturbios urbanos
VCF0529,STRING,Partido Republicano - escala de agitação urbana,,yes,,,no,,VCF0529,Republican party- urban unrest scale,Partido Republicano - escala de disturbios urbanos
VCF0533,STRING,Partido Democrata - escala de transporte escolar obrigatório (busing),,yes,,,no,,VCF0533,Democratic party- school busing scale,Partido Demócrata - escala de transporte escolar obligatorio (busing)
VCF0534,STRING,Partido Republicano - escala de transporte escolar obrigatório (busing),,yes,,,no,,VCF0534,Republican party- school busing scale,Partido Republicano - escala de transporte escolar obligatorio (busing)
VCF0537,STRING,Partido Democrata - escala de papel igualitário das mulheres,,yes,,,no,,VCF0537,Democratic party- women equal role scale,Partido Demócrata - escala de rol igualitario de las mujeres
VCF0538,STRING,Partido Republicano - escala de papel igualitário das mulheres,,yes,,,no,,VCF0538,Republican party- women equal role scale,Partido Republicano - escala de rol igualitario de las mujeres
VCF0541,STRING,Partido Democrata - escala de serviços governamentais e gastos,,yes,,,no,,VCF0541,Democratic party- government services- spending scale,Partido Demócrata - escala de servicios gubernamentales y gasto
VCF0542,STRING,Partido Republicano - escala de serviços governamentais e gastos,,yes,,,no,,VCF0542,Republican party- government services- spending scale,Partido Republicano - escala de servicios gubernamentales y gasto
VCF0545,STRING,Partido Democrata - escala de cooperação com a u.s.s.r.,,yes,,,no,,VCF0545,Democratic party- cooperation with u.s.s.r. scale,Partido Demócrata - escala de cooperación con la u.s.s.r.
VCF0546,STRING,Partido Republicano - escala de cooperação com a u.s.s.r.,,yes,,,no,,VCF0546,Republican party- cooperation with u.s.s.r. scale,Partido Republicano - escala de cooperación con la u.s.s.r.
VCF0549,STRING,Partido Democrata - escala de gastos com defesa,,yes,,,no,,VCF0549,Democratic party- defense spending scale,Partido Demócrata - escala de gasto en defensa
VCF0550,STRING,Partido Republicano - escala de gastos com defesa,,yes,,,no,,VCF0550,Republican party- defense spending scale,Partido Republicano - escala de gasto en defensa
VCF0601,STRING,Aprova a participação em protestos,,yes,,,no,,VCF0601,Approve participation in protests,Aprueba la participación en protestas
VCF0602,STRING,Aprova a desobediência civil,,yes,,,no,,VCF0602,Approve civil disobedience,Aprueba la desobediencia civil
VCF0603,STRING,Aprova manifestações,,yes,,,no,,VCF0603,Approve demonstrations,Aprueba manifestaciones
VCF0604,STRING,Confia que o governo federal faça o que é certo,,yes,,,no,,VCF0604,Trust the federal government to do what is right,Confía en que el gobierno federal haga lo correcto
VCF0605,STRING,Governo federal dirigido por poucos interesses ou em benefício de todos,,yes,,,no,,VCF0605,Federal government run by few interests or for the benefit of all,Gobierno federal dirigido por unos pocos intereses o en beneficio de todos
VCF0606,STRING,Quanto o governo federal desperdiça dinheiro de impostos,,yes,,,no,,VCF0606,How much does the federal government waste tax money,Cuánto desperdicia el gobierno federal el dinero de los impuestos
VCF0607,STRING,Quantos funcionários do governo são inteligentes,,yes,,,no,,VCF0607,How many government officials are smart,Cuántos funcionarios del gobierno son inteligentes
VCF0608,STRING,Quantos funcionários do governo são corruptos,,yes,,,no,,VCF0608,How many government officials are crooked,Cuántos funcionarios del gobierno son corruptos
VCF0609,STRING,Funcionários do governo se importam com o que pessoas como o entrevistado pensam,,yes,,,no,,VCF0609,Government officials care what people like respondent think,Los funcionarios del gobierno se preocupan por lo que piensan personas como el entrevistado
VCF0610,STRING,Congressistas perdem contato com seus eleitores,,yes,,,no,,VCF0610,Congressmen lose touch with constituents,Los congresistas pierden contacto con sus electores
VCF0611,STRING,Partidos só se interessam por votos,,yes,,,no,,VCF0611,Parties only interested in votes,Los partidos solo se interesan por los votos
VCF0612,STRING,Votar é a única forma de ter voz no governo,,yes,,,no,,VCF0612,Voting is the only way to have a say in government,Votar es la única forma de tener voz en el gobierno
VCF0613,STRING,Pessoas como o entrevistado têm alguma influência sobre o que o governo faz,,yes,,,no,,VCF0613,People like respondent have any say in what the government does,Personas como el entrevistado tienen alguna influencia sobre lo que hace el gobierno
VCF0614,STRING,Política e governo parecem complicados demais,,yes,,,no,,VCF0614,Politics and government seem too complicated,La política y el gobierno parecen demasiado complicados
VCF0615,STRING,Faz diferença se o entrevistado vota ou não,,yes,,,no,,VCF0615,Matter whether respondent votes or not,Importa si el entrevistado vota o no
VCF0616,STRING,Deveriam votar aqueles que não se importam com o resultado da eleição,,yes,,,no,,VCF0616,Should those who don’t care about election outcome vote,Deberían votar quienes no se preocupan por el resultado de la elección
VCF0617,STRING,Alguém deveria votar se seu partido não pode vencer,,yes,,,no,,VCF0617,Should someone vote if their party can’t win,Alguien debería votar si su partido no puede ganar
VCF0618,STRING,Muitas eleições locais são sem importância,,yes,,,no,,VCF0618,A good many local elections unimportant,Muchas elecciones locales carecen de importancia
VCF0619,STRING,Pode-se confiar na maioria das pessoas ou: todo cuidado é pouco com as pessoas,,yes,,,no,,VCF0619,Most people can be trusted or: can’t be too careful with people,Se puede confiar en la mayoría de las personas o: toda precaución es poca con las personas
VCF0620,STRING,As pessoas são prestativas ou: as pessoas cuidam de si mesmas,,yes,,,no,,VCF0620,People are helpful or: people look out for themselves,Las personas son serviciales o: las personas velan por sí mismas
VCF0621,STRING,As pessoas se aproveitam dos outros ou: as pessoas tentam ser justas,,yes,,,no,,VCF0621,People will take advantage of others or: people will try to be fair,Las personas se aprovechan de los demás o: las personas tratan de ser justas
VCF0622,STRING,Quanto o governo presta atenção ao que as pessoas pensam,,yes,,,no,,VCF0622,How much government pays attention to what people think,Cuánto presta atención el gobierno a lo que piensan las personas
VCF0623,STRING,Quanto os partidos fazem o governo prestar atenção às pessoas,,yes,,,no,,VCF0623,How much parties make government pay attention to people,Cuánto hacen los partidos que el gobierno preste atención a las personas
VCF0624,STRING,Quanto as eleições fazem o governo prestar atenção às pessoas,,yes,,,no,,VCF0624,How much elections make government pay attention to people,Cuánto hacen las elecciones que el gobierno preste atención a las personas
VCF0625,STRING,Quanta atenção os congressistas prestam aos eleitores,,yes,,,no,,VCF0625,How much attention congressmen pay to constituents,Cuánta atención prestan los congresistas a los electores
VCF0626,STRING,Entrevistado geralmente consegue realizar seus planos como esperado,,yes,,,no,,VCF0626,Respondent usually able to carry out plans as expected,El entrevistado generalmente logra llevar a cabo sus planes como esperaba
VCF0627,STRING,É melhor planejar a vida com boa antecedência,,yes,,,no,,VCF0627,Better to plan life a good way ahead,Es mejor planear la vida con bastante antelación
VCF0628,STRING,Certeza de que a vida daria certo como esperado,,yes,,,no,,VCF0628,Sure life would work out as expected,Seguridad de que la vida saldría como se esperaba
VCF0629,STRING,Consegue conduzir a vida como deseja,,yes,,,no,,VCF0629,Can run life as wanted,Puede llevar la vida como quiere
VCF0630,STRING,Nível de governo em que o entrevistado tem mais confiança,,yes,,,no,,VCF0630,Government level respondent has most faith in,Nivel de gobierno en el que el entrevistado tiene más confianza
VCF0631,STRING,Nível de governo em que o entrevistado tem menos confiança,,yes,,,no,,VCF0631,Government level respondent has least faith in,Nivel de gobierno en el que el entrevistado tiene menos confianza
VCF0632,STRING,Poder do governo em que o entrevistado mais confia,,yes,,,no,,VCF0632,Branch of government respondent trusts most,Poder del gobierno en el que el entrevistado más confía
VCF0633,STRING,Poder do governo em que o entrevistado confia em 2º lugar,,yes,,,no,,VCF0633,Branch of government respondent trusts 2nd most,Poder del gobierno en el que el entrevistado confía en 2º lugar
VCF0634,STRING,Poder do governo em que o entrevistado menos confia,,yes,,,no,,VCF0634,Branch of government respondent trusts least,Poder del gobierno en el que el entrevistado menos confía
VCF0640,STRING,Atuação do governo no problema mais importante mencionado pelo entrevistado,,yes,,,no,,VCF0640,Government handling of most important problem mentioned by respondent,Gestión del gobierno del problema más importante mencionado por el entrevistado
VCF0648,STRING,Índice de eficácia externa,,yes,,,no,,VCF0648,External efficacy index,Índice de eficacia externa
VCF0649,STRING,Índice de responsividade do governo,,yes,,,no,,VCF0649,Government responsiveness index,Índice de capacidad de respuesta del gobierno
VCF0650,STRING,Avaliação do desempenho do governo federal,,yes,,,no,,VCF0650,Federal government performance rating,Evaluación del desempeño del gobierno federal
VCF0651,STRING,Avaliação do desempenho do governo estadual,,yes,,,no,,VCF0651,State government performance rating,Evaluación del desempeño del gobierno estatal
VCF0652,STRING,Avaliação do desempenho do governo local,,yes,,,no,,VCF0652,Local government performance rating,Evaluación del desempeño del gobierno local
VCF0653,STRING,Avaliação do desempenho da presidência,,yes,,,no,,VCF0653,Presidency performance rating,Evaluación del desempeño de la presidencia
VCF0654,STRING,Avaliação do desempenho do Congresso,,yes,,,no,,VCF0654,Congress performance rating,Evaluación del desempeño del Congreso
VCF0655,STRING,Avaliação do desempenho da Suprema Corte,,yes,,,no,,VCF0655,Supreme Court performance rating,Evaluación del desempeño de la Corte Suprema
VCF0656,STRING,Índice de confiança no governo,,yes,,,no,,VCF0656,Trust in government index,Índice de confianza en el gobierno
VCF0675,STRING,Com que frequência o entrevistado confia que a mídia noticia de forma imparcial,,yes,,,no,,VCF0675,How much of the time does respondent trust the media to report fairly,Con qué frecuencia el entrevistado confía en que los medios informan de forma imparcial
VCF0700,STRING,Quem será eleito presidente em novembro,,yes,,,no,,VCF0700,Who will be elected president in november,Quién será elegido presidente en noviembre
VCF0701,STRING,Registrado para votar pré-eleição,,yes,,,no,,VCF0701,Registered to vote pre-election,Registrado para votar preelección
VCF0702,STRING,O entrevistado votou nas eleições nacionais,,yes,,,no,,VCF0702,Did respondent vote in the national elections,El entrevistado votó en las elecciones nacionales
VCF0703,STRING,Resumo de registro e comparecimento eleitoral,,yes,,,no,,VCF0703,Register and turnout summary,Resumen de registro y participación electoral
VCF0704,STRING,Voto para presidente - principais candidatos,,yes,,,no,,VCF0704,Vote for president- major candidates,Voto para presidente - principales candidatos
VCF0704a,STRING,Voto para presidente - principais partidos,,yes,,,no,,VCF0704a,Vote for president- major parties,Voto para presidente - principales partidos
VCF0705,STRING,Voto para presidente - principais partidos e outros,,yes,,,no,,VCF0705,Vote for president- major parties and other,Voto para presidente - principales partidos y otros
VCF0706,STRING,Voto e não voto - presidente,,yes,,,no,,VCF0706,Vote and nonvote- president,Voto y no voto - presidente
VCF0707,STRING,Voto para membro da Câmara dos Representantes dos EUA,,yes,,,no,,VCF0707,Vote for congressman,Voto para miembro de la Cámara de Representantes de EE. UU.
VCF0708,STRING,Voto para senador,,yes,,,no,,VCF0708,Vote for senator,Voto para senador
VCF0709,STRING,Voto dividido - presidente/Câmara,,yes,,,no,,VCF0709,Vote ticket-splitting- president/House,Voto dividido - presidente/Cámara
VCF0710,STRING,Voto dividido - presidente/Senado,,yes,,,no,,VCF0710,Vote ticket-splitting- president/Senate,Voto dividido - presidente/Senado
VCF0711,STRING,O entrevistado sempre vota no mesmo partido,,yes,,,no,,VCF0711,Does respondent always vote for the same party,El entrevistado siempre vota por el mismo partido
VCF0712,STRING,Momento em que o entrevistado decidiu seu voto presidencial,,yes,,,no,,VCF0712,Timing of respondent’s presidential vote decision,Momento en que el entrevistado decidió su voto presidencial
VCF0713,STRING,"Intenção de voto para presidente do entrevistado, pré-eleição",,yes,,,no,,VCF0713,Respondent pre-election intent for vote for president,"Intención de voto para presidente del entrevistado, preelección"
VCF0714,STRING,A eleição presidencial será apertada,,yes,,,no,,VCF0714,Will the presidential election be close,La elección presidencial será reñida
VCF0715,STRING,Voto estadual/local em chapa completa ou dividido 5 categorias,,yes,,,no,,VCF0715,State/local vote straight ticker or split 5- category,Voto estatal/local en lista completa o dividido 5 categorías
VCF0716,STRING,Voto para cargos estaduais/locais em chapa completa ou dividido 2 categorias,,yes,,,no,,VCF0716,State/local vote straight ticker or split 2- category,Voto para cargos estatales/locales en lista completa o dividido 2 categorías
VCF0717,STRING,Entrevistado tentou influenciar o voto de outras pessoas durante a campanha,,yes,,,no,,VCF0717,Respondent try to influence the vote of others during the campaign,Entrevistado intentó influir en el voto de otras personas durante la campaña
VCF0718,STRING,Entrevistado participou de reuniões/comícios políticos durante a campanha,,yes,,,no,,VCF0718,Respondent attend political meetings/rallies during the campaign,Entrevistado asistió a reuniones/mítines políticos durante la campaña
VCF0719,STRING,Entrevistado trabalhou para partido ou candidato durante a campanha,,yes,,,no,,VCF0719,Respondent work for party or candidate during the campaign,Entrevistado trabajó para partido o candidato durante la campaña
VCF0720,STRING,Entrevistado exibiu botton/adesivo de candidato durante a campanha,,yes,,,no,,VCF0720,Respondent display candidate button/sticker during the campaign,Entrevistado exhibió botón/pegatina de candidato durante la campaña
VCF0721,STRING,Entrevistado doou dinheiro a partido ou candidato durante a campanha,,yes,,,no,,VCF0721,Respondent donate money to party or candidate during the campaign,Entrevistado donó dinero a partido o candidato durante la campaña
VCF0722,STRING,Entrevistado já escreveu uma carta a um funcionário público,,yes,,,no,,VCF0722,Has respondent ever written a letter to a public official,Entrevistado alguna vez escribió una carta a un funcionario público
VCF0723,STRING,Contagem de atividades de participação na campanha 6 categorias,,yes,,,no,,VCF0723,Count of campaign participation activities 6- category,Recuento de actividades de participación en la campaña 6 categorías
VCF0723a,STRING,Contagem de atividades de participação na campanha 4 categorias,,yes,,,no,,VCF0723a,Count of campaign participation activities 4- category,Recuento de actividades de participación en la campaña 4 categorías
VCF0724,STRING,Assistiu a programas de TV sobre as campanhas eleitorais,,yes,,,no,,VCF0724,Watch TV programs about the election campaigns,Vio programas de TV sobre las campañas electorales
VCF0725,STRING,Ouviu programas sobre campanhas no rádio 2 categorias,,yes,,,no,,VCF0725,Hear programs about campaigns on the radio 2-category,Escuchó programas sobre campañas en la radio 2 categorías
VCF0726,STRING,Artigos sobre campanhas eleitorais em revistas,,yes,,,no,,VCF0726,Articles about election campaigns in magazines,Artículos sobre campañas electorales en revistas
VCF0727,STRING,Número de artigos sobre campanhas eleitorais em revistas,,yes,,,no,,VCF0727,Number of articles about election campaigns in magazines,Número de artículos sobre campañas electorales en revistas
VCF0728,STRING,Contagem de tipos de exposição à mídia,,yes,,,no,,VCF0728,Count of media exposure types,Recuento de tipos de exposición a los medios
VCF0729,STRING,Partido com maioria na Câmara antes da eleição,,yes,,,no,,VCF0729,Party with House majority before the election,Partido con mayoría en la Cámara antes de la elección
VCF0730,STRING,Partido com maioria na Câmara depois da eleição,,yes,,,no,,VCF0730,Party with House majority after the election,Partido con mayoría en la Cámara después de la elección
VCF0731,STRING,Entrevistado discute política com família e amigos,,yes,,,no,,VCF0731,Respondent discuss politics with family and friends,Entrevistado discute política con familia y amigos
VCF0732,STRING,Com que frequência o entrevistado discute política com família e amigos,,yes,,,no,,VCF0732,How often respondent discusses politics with family and friends,Con qué frecuencia el entrevistado discute política con familia y amigos
VCF0733,STRING,Com que frequência na última semana o entrevistado discutiu política,,yes,,,no,,VCF0733,How often in the last week respondent discussed politics,Con qué frecuencia en la última semana el entrevistado discutió política
VCF0734,STRING,Voto presidencial pretendido versus voto presidencial efetivo,,yes,,,no,,VCF0734,Intended presidential vote versus actual presidential vote,Voto presidencial pretendido versus voto presidencial efectivo
VCF0735,STRING,Voto para a Câmara dos Representantes dos EUA - código do candidato,,yes,,,no,,VCF0735,Vote for U.S. House- candidate code,Voto para la Cámara de Representantes de EE. UU. - código del candidato
VCF0736,STRING,Voto para a Câmara dos Representantes dos EUA - partido,,yes,,,no,,VCF0736,Vote for U.S. House- party,Voto para la Cámara de Representantes de EE. UU. - partido
VCF0737,STRING,Registrado para votar após a eleição,,yes,,,no,,VCF0737,Registered to vote post-election,Registrado para votar después de la elección
VCF0738,STRING,Partido de registro após a eleição,,yes,,,no,,VCF0738,Party of registration post-election,Partido de registro después de la elección
VCF0738a,STRING,Partido de registro antes da eleição,,yes,,,no,,VCF0738a,Party of registration pre-election,Partido de registro antes de la elección
VCF0739,STRING,Entrevistado destinou US$ 1 do imposto para contribuição política,,yes,,,no,,VCF0739,Respondent made $1 tax checkoff for political contribution,Entrevistado destinó US$ 1 del impuesto para contribución política
VCF0740,STRING,Contribuiu para partido político durante as campanhas,,yes,,,no,,VCF0740,Contribute to political party during the campaigns,Contribuyó a partido político durante las campañas
VCF0741,STRING,Contribuiu para PAC durante as campanhas,,yes,,,no,,VCF0741,Contribute to pac during the campaigns,Contribuyó a PAC durante las campañas
VCF0742,STRING,Deu dinheiro a candidato individual durante as campanhas,,yes,,,no,,VCF0742,Give money to individual candidate during the campaigns,Dio dinero a candidato individual durante las campañas
VCF0743,STRING,Entrevistado pertence a organização ou clube político,,yes,,,no,,VCF0743,Does r belong to political organization or club,Entrevistado pertenece a organización o club político
VCF0744,STRING,Tem acesso à internet,,yes,,,no,,VCF0744,Have access to internet,Tiene acceso a internet
VCF0745,STRING,Viu informações da campanha eleitoral na internet,,yes,,,no,,VCF0745,Saw election campaign information on the internet,Vio información de la campaña electoral en internet
VCF0746,STRING,Grupo religioso/moral tentou influenciar o voto do entrevistado,,yes,,,no,,VCF0746,Did religious/moral group try to influence respondent vote,Grupo religioso/moral intentó influir en el voto del entrevistado
VCF0747,STRING,Informações sobre candidatos/partidos/temas na igreja,,yes,,,no,,VCF0747,Information about candidates/parties/issues at church,Información sobre candidatos/partidos/temas en la iglesia
VCF0748,STRING,Votou no dia da eleição ou antes,,yes,,,no,,VCF0748,Voted on election day or before,Votó el día de la elección o antes
VCF0749,STRING,Quanto tempo antes da eleição o entrevistado votou,,yes,,,no,,VCF0749,How long before election did respondent vote,Cuánto tiempo antes de la elección el entrevistado votó
VCF0750,STRING,Votou presencialmente ou por voto em ausência,,yes,,,no,,VCF0750,Vote in person or with absentee ballot,Votó presencialmente o por voto en ausencia
VCF0801,INT64,Índice de termômetro - avaliação de liberais e conservadores,,no,,degrees,no,"Missing sentinels set to NULL: 98, 99",VCF0801,Thermometer index - rating of liberals and conservatives,Índice de termómetro - evaluación de liberales y conservadores
VCF0803,STRING,Escala liberal-conservador,,yes,,,no,,VCF0803,Liberal-conservative scale,Escala liberal-conservador
VCF0804,STRING,Escala liberal-conservador 1972 - agrupada,,yes,,,no,,VCF0804,Liberal-conservative scale 1972- collapsed,Escala liberal-conservador 1972 - agrupada
VCF0805,STRING,Assistência governamental para cuidados médicos,,yes,,,no,,VCF0805,Government assistance with medical care,Asistencia gubernamental para atención médica
VCF0806,STRING,Escala de seguro-saúde governamental,,yes,,,no,,VCF0806,Government health insurance scale,Escala de seguro de salud gubernamental
VCF0808,STRING,Empregos e renda garantidos,,yes,,,no,,VCF0808,Guaranteed jobs and income,Empleos e ingresos garantizados
VCF0809,STRING,Escala de empregos e renda garantidos,,yes,,,no,,VCF0809,Guaranteed jobs and income scale,Escala de empleos e ingresos garantizados
VCF0811,STRING,Escala de agitação urbana,,yes,,,no,,VCF0811,Urban unrest scale,Escala de agitación urbana
VCF0813,STRING,Quanto mudou a posição dos negros,,yes,,,no,,VCF0813,How much has the position of blacks changed,Cuánto ha cambiado la posición de los negros
VCF0814,STRING,Direitos civis avançam rápido demais ou não rápido o suficiente,,yes,,,no,,VCF0814,Civil rights pushes too fast or not fast enough,Los derechos civiles avanzan demasiado rápido o no lo suficientemente rápido
VCF0815,STRING,Segregação ou dessegregação,,yes,,,no,,VCF0815,Segregation or desegregation,Segregación o desegregación
VCF0816,STRING,Governo deveria garantir a integração escolar,,yes,,,no,,VCF0816,Should government ensure school integration,El gobierno debería garantizar la integración escolar
VCF0817,STRING,Escala de transporte escolar por ônibus,,yes,,,no,,VCF0817,School busing scale,Escala de transporte escolar en autobús
VCF0818,STRING,Governo deveria garantir empregos/moradia justos para negros,,yes,,,no,,VCF0818,Should government ensure fair jobs/housing for blacks,El gobierno debería garantizar empleos/vivienda justos para los negros
VCF0819,STRING,Moradia aberta,,yes,,,no,,VCF0819,Open housing,Vivienda abierta
VCF0820,STRING,Os brancos da região são favoráveis à segregação,,yes,,,no,,VCF0820,Do whites in the area favor segregation,Los blancos de la zona favorecen la segregación
VCF0821,STRING,Os negros da região são favoráveis à dessegregação,,yes,,,no,,VCF0821,Do blacks in the area favor desegregation,Los negros de la zona favorecen la desegregación
VCF0822,STRING,Avaliação da política econômica do governo,,yes,,,no,,VCF0822,Rating of government economic policy,Evaluación de la política económica del gobierno
VCF0823,STRING,Melhor se os EUA não se preocupassem com o resto do mundo,,yes,,,no,,VCF0823,Better off if U.S. unconcerned with rest of world,Mejor si EE. UU. no se preocupara por el resto del mundo
VCF0824,STRING,"Se obrigado a escolher, liberal ou conservador",,yes,,,no,,VCF0824,If compelled to choose liberal or conservative,"Si se viera obligado a elegir, liberal o conservador"
VCF0825,STRING,Qual a probabilidade de os EUA estarem em guerra/em guerra maior,,yes,,,no,,VCF0825,How likely for U.S. to be at war/in bigger war,Qué probabilidad de que EE. UU. esté en guerra/en una guerra mayor
VCF0826,STRING,Os EUA fizeram a coisa certa ao se envolverem na guerra,,yes,,,no,,VCF0826,Did U.S. do right thing getting involved in war,EE. UU. hizo lo correcto al involucrarse en la guerra
VCF0827,STRING,Como os EUA deveriam proceder na guerra atual,,yes,,,no,,VCF0827,How should U.S. proceed in current war,Cómo deberían proceder EE. UU. en la guerra actual
VCF0827a,STRING,Escala da posição dos EUA no Vietnã,,yes,,,no,,VCF0827a,U.S. stand in Vietnam scale,Escala de la posición de EE. UU. en Vietnam
VCF0828,STRING,Governo deveria cortar gastos militares,,yes,,,no,,VCF0828,Should government cut military spending,El gobierno debería recortar el gasto militar
VCF0829,STRING,O governo em Washington é forte demais,,yes,,,no,,VCF0829,Is the government in washington too strong,El gobierno en Washington es demasiado fuerte
VCF0830,STRING,Escala de ajuda aos negros,,yes,,,no,,VCF0830,Aid to blacks scale,Escala de ayuda a los negros
VCF0832,STRING,Escala de direitos dos acusados,,yes,,,no,,VCF0832,Rights of the accused scale,Escala de derechos de los acusados
VCF0833,STRING,A favor ou contra a emenda de igualdade de direitos,,yes,,,no,,VCF0833,Favor or oppose equal rights amendment,A favor o en contra de la enmienda de igualdad de derechos
VCF0834,STRING,Escala de papel igualitário das mulheres,,yes,,,no,,VCF0834,Women equal role scale,Escala de rol igualitario de las mujeres
VCF0836,STRING,As mulheres deveriam ficar fora da política,,yes,,,no,,VCF0836,Should women stay out of politics,Las mujeres deberían mantenerse fuera de la política
VCF0837,STRING,Quando o aborto deveria ser permitido,,yes,,,no,,VCF0837,When should abortion be allowed,Cuándo debería permitirse el aborto
VCF0838,STRING,"Por lei, quando o aborto deveria ser permitido",,yes,,,no,,VCF0838,"By law, when should abortion be allowed","Por ley, cuándo debería permitirse el aborto"
VCF0839,STRING,Escala de serviços-gastos governamentais,,yes,,,no,,VCF0839,Government services-spending scale,Escala de servicios-gasto gubernamentales
VCF0840,STRING,A favor ou contra limites de mandato,,yes,,,no,,VCF0840,Favor or oppose term limits,A favor o en contra de los límites de mandato
VCF0841,STRING,Escala de cooperação com a U.S.S.R.,,yes,,,no,,VCF0841,Cooperation with u.s.s.r. scale,Escala de cooperación con la U.S.S.R.
VCF0842,STRING,Escala de regulação ambiental,,yes,,,no,,VCF0842,Environmental regulation scale,Escala de regulación ambiental
VCF0843,STRING,Escala de gastos com defesa,,yes,,,no,,VCF0843,Defense spending scale,Escala de gasto en defensa
VCF0844,STRING,Quão disposto os EUA deveriam estar a usar força militar,,yes,,,no,,VCF0844,How willing should U.S. be to use military force,Cuán dispuesto debería estar EE. UU. a usar fuerza militar
VCF0845,STRING,Autoridade da Bíblia 1964-1990,,yes,,,no,,VCF0845,Authority of the Bible 1964-1990,Autoridad de la Biblia 1964-1990
VCF0846,STRING,A religião é importante para o entrevistado,,yes,,,no,,VCF0846,Is religion important to respondent,La religión es importante para el entrevistado
VCF0847,STRING,Quanta orientação vem da religião,,yes,,,no,,VCF0847,How much guidance from religion,Cuánta orientación proviene de la religión
VCF0848,STRING,Preocupação com guerra convencional,,yes,,,no,,VCF0848,Concern about conventional war,Preocupación por guerra convencional
VCF0848a,STRING,Preocupação com guerra nuclear,,yes,,,no,,VCF0848a,Concern about nuclear war,Preocupación por guerra nuclear
VCF0849,STRING,Posição liberal-conservador 1984 - agrupada,,yes,,,no,,VCF0849,Liberal-conservative position 1984- collapsed,Posición liberal-conservador 1984 - agrupada
VCF0850,STRING,Autoridade da Bíblia 1984-,,yes,,,no,,VCF0850,Authority of the Bible 1984-,Autoridad de la Biblia 1984-
VCF0851,STRING,Novos estilos de vida contribuem para a ruptura da sociedade,,yes,,,no,,VCF0851,Newer lifestyles contribute to society breakdown,Los nuevos estilos de vida contribuyen a la ruptura de la sociedad
VCF0852,STRING,Deveria ajustar a visão do comportamento moral às mudanças,,yes,,,no,,VCF0852,Should adjust view of moral behavior to changes,Debería ajustar la visión del comportamiento moral a los cambios
VCF0853,STRING,Deveria haver mais ênfase em valores tradicionais,,yes,,,no,,VCF0853,Should be more emphasis on traditional values,Debería haber más énfasis en los valores tradicionales
VCF0854,STRING,Tolerância a diferentes padrões morais,,yes,,,no,,VCF0854,Tolerance of different moral standards,Tolerancia a diferentes estándares morales
VCF0860,STRING,Composição racial do bairro - descrição do entrevistado,,yes,,,no,,VCF0860,Racial composition of neighborhood- respondent description,Composición racial del barrio - descripción del entrevistado
VCF0861,STRING,Composição racial da escola primária - descrição do entrevistado,,yes,,,no,,VCF0861,Racial composition of grade school- respondent description,Composición racial de la escuela primaria - descripción del entrevistado
VCF0862,STRING,Composição racial da escola de ensino fundamental II,,yes,,,no,,VCF0862,Racial composition of junior high school,Composición racial de la escuela secundaria inferior
VCF0863,STRING,Composição racial do ensino médio - descrição do entrevistado,,yes,,,no,,VCF0863,Racial composition of high school- respondent description,Composición racial de la escuela secundaria - descripción del entrevistado
VCF0864,STRING,Composição racial do local de trabalho - descrição do entrevistado,,yes,,,no,,VCF0864,Racial composition of work place- respondent description,Composición racial del lugar de trabajo - descripción del entrevistado
VCF0865,STRING,Composição racial de onde o entrevistado faz compras - descrição do entrevistado,,yes,,,no,,VCF0865,Racial composition of where r shops- respondent description,Composición racial de donde el entrevistado hace compras - descripción del entrevistado
VCF0866,STRING,Composição racial dos amigos,,yes,,,no,,VCF0866,Racial composition of friends,Composición racial de las amistades
VCF0867,STRING,Ação afirmativa na contratação/promoção [1 de 2],,yes,,,no,,VCF0867,Affirmative action in hiring/promotion [1 of 2],Acción afirmativa en la contratación/promoción [1 de 2]
VCF0867a,STRING,Ação afirmativa na contratação/promoção [2 de 2],,yes,,,no,,VCF0867a,Affirmative action in hiring/promotion [2 of 2],Acción afirmativa en la contratación/promoción [2 de 2]
VCF0870,STRING,Economia melhor ou pior no último ano,,yes,,,no,,VCF0870,Better or worse economy in past year,Economía mejor o peor en el último año
VCF0871,STRING,Quanto melhor ou pior a economia no último ano,,yes,,,no,,VCF0871,How much better or worse economy in past year,Cuánto mejor o peor la economía en el último año
VCF0872,STRING,Economia melhor ou pior no próximo ano,,yes,,,no,,VCF0872,Better or worse economy in next year,Economía mejor o peor en el próximo año
VCF0873,STRING,Entrevistado adiou tratamento médico/odontológico devido à despesa,,yes,,,no,,VCF0873,Did r delay medical/dental treatment due to the expense,Entrevistado retrasó tratamiento médico/dental debido al gasto
VCF0875,STRING,Menção 1: qual é o problema nacional mais importante,,yes,,,no,,VCF0875,Mention 1: what is the most important national problem,Mención 1: cuál es el problema nacional más importante
VCF0875a,STRING,Menção 2: qual é o problema nacional mais importante,,yes,,,no,,VCF0875a,Mention 2: what is the most important national problem,Mención 2: cuál es el problema nacional más importante
VCF0875b,STRING,Menção 3: qual é o problema nacional mais importante,,yes,,,no,,VCF0875b,Mention 3: what is the most important national problem,Mención 3: cuál es el problema nacional más importante
VCF0876,STRING,Lei para proteger homossexuais contra discriminação,,yes,,,no,,VCF0876,Law to protect homosexuals against discrimination,Ley para proteger a los homosexuales contra la discriminación
VCF0876a,STRING,Intensidade da posição sobre a lei para proteger homossexuais contra discriminação,,yes,,,no,,VCF0876a,Strength of position on law to protect homosexuals against discrimination,Intensidad de la posición sobre la ley para proteger a los homosexuales contra la discriminación
VCF0877,STRING,A favor ou contra gays nas forças armadas,,yes,,,no,,VCF0877,Favor or oppose gays in the military,A favor o en contra de los gays en las fuerzas armadas
VCF0877a,STRING,Intensidade da posição sobre gays nas forças armadas,,yes,,,no,,VCF0877a,Strength of position on gays in the military,Intensidad de la posición sobre los gays en las fuerzas armadas
VCF0878,STRING,Gays/lésbicas deveriam poder adotar crianças,,yes,,,no,,VCF0878,Should gays/lesbians be able to adopt children,Los gays/lesbianas deberían poder adoptar niños
VCF0879,STRING,Aumentar ou diminuir o número de imigrantes para os EUA 6 categorias,,yes,,,no,,VCF0879,Increase or decrease number of immigrants to U.S. 6-category,Aumentar o disminuir el número de inmigrantes a EE. UU. 6 categorías
VCF0879a,STRING,Aumentar ou diminuir o número de imigrantes para os EUA 4 categorias,,yes,,,no,,VCF0879a,Increase or decrease number of immigrants to U.S. 4-category,Aumentar o disminuir el número de inmigrantes a EE. UU. 4 categorías
VCF0880,STRING,Situação melhor ou pior no último ano,,yes,,,no,,VCF0880,Better or worse off in past year,Situación mejor o peor en el último año
VCF0880a,STRING,Quanto melhor/pior a situação no último ano,,yes,,,no,,VCF0880a,How much better/worse off in past year,Cuánto mejor/peor la situación en el último año
VCF0880b,STRING,Situação financeira melhor/pior nos últimos anos,,yes,,,no,,VCF0880b,Financial situation better/worse in past few years,Situación financiera mejor/peor en los últimos años
VCF0881,STRING,Situação melhor ou pior no próximo ano,,yes,,,no,,VCF0881,Better or worse off in next year,Situación mejor o peor en el próximo año
VCF0886,STRING,Gasto federal - pobres/pessoas pobres,,yes,,,no,,VCF0886,Federal spending- poor/poor people,Gasto federal - pobres/personas pobres
VCF0887,STRING,Gasto federal - cuidado infantil,,yes,,,no,,VCF0887,Federal spending- child care,Gasto federal - cuidado infantil
VCF0888,STRING,Gasto federal - combate ao crime,,yes,,,no,,VCF0888,Federal spending- dealing with crime,Gasto federal - combate al crimen
VCF0889,STRING,Gasto federal - pesquisa sobre AIDS/combate à AIDS,,yes,,,no,,VCF0889,Federal spending- aids research/fight aids,Gasto federal - investigación sobre el sida/lucha contra el sida
VCF0890,STRING,Gasto federal - escolas públicas,,yes,,,no,,VCF0890,Federal spending- public schools,Gasto federal - escuelas públicas
VCF0891,STRING,Gasto federal - auxílio financeiro para estudantes universitários,,yes,,,no,,VCF0891,Federal spending- fin aid for college students,Gasto federal - ayuda financiera para estudiantes universitarios
VCF0892,STRING,Gasto federal - ajuda externa,,yes,,,no,,VCF0892,Federal spending- foreign aid,Gasto federal - ayuda exterior
VCF0893,STRING,Gasto federal - moradores de rua,,yes,,,no,,VCF0893,Federal spending- the homeless,Gasto federal - personas sin hogar
VCF0894,STRING,Gasto federal - programas de assistência social,,yes,,,no,,VCF0894,Federal spending- welfare programs,Gasto federal - programas de asistencia social
VCF0900,STRING,Distrito congressional de residência,,yes,,,no,,VCF0900,Congressional district of residence,Distrito congresional de residencia
VCF0900b,STRING,Estado e distrito congressional - FIPS,,yes,,,no,,VCF0900b,State and congressional district- fips,Estado y distrito congresional - FIPS
VCF0900c,STRING,Estado e distrito congressional - abreviação postal e CD,,yes,,,no,,VCF0900c,State and congressional district- postal abbrev and cd,Estado y distrito congresional - abreviatura postal y CD
VCF0901a,STRING,Código do estado - FIPS,,yes,,,no,,VCF0901a,State code- fips,Código del estado - FIPS
VCF0901b,STRING,Abreviação postal do estado,,yes,,,no,,VCF0901b,State postal abbrev,Abreviatura postal del estado
VCF0902,STRING,Tipo de disputa para a Câmara dos Representantes dos EUA,,yes,,,no,,VCF0902,Type of U.S. House race,Tipo de contienda para la Cámara de Representantes de EE. UU.
VCF0903,STRING,O ocupante do cargo na Câmara está concorrendo,,yes,,,no,,VCF0903,Is House incumbent running,El titular del cargo en la Cámara se presenta
VCF0904,STRING,O ocupante do cargo na Câmara tem oponente,,yes,,,no,,VCF0904,Is House incumbent opposed,El titular del cargo en la Cámara tiene oponente
VCF0905,STRING,Número de candidatos na disputa pela Câmara dos Representantes dos EUA,,yes,,,no,,VCF0905,Number of candidates in U.S. House race,Número de candidatos en la contienda por la Cámara de Representantes de EE. UU.
VCF0906,INT64,Termômetro - candidato democrata à Câmara,,no,,degrees,no,"Missing sentinels set to NULL: 990, 997, 998, 999",VCF0906,Thermometer - Democratic House candidate,Termómetro - candidato demócrata a la Cámara
VCF0907,INT64,Termômetro - candidato republicano à Câmara,,no,,degrees,no,"Missing sentinels set to NULL: 990, 997, 998, 999",VCF0907,Thermometer - Republican House candidate,Termómetro - candidato republicano a la Cámara
VCF0908,INT64,Termômetro - candidato ocupante do cargo na Câmara,,no,,degrees,no,"Missing sentinels set to NULL: 990, 997, 998, 999",VCF0908,Thermometer - incumbent House candidate,Termómetro - candidato titular del cargo en la Cámara
VCF0909,INT64,Termômetro - candidato desafiante à Câmara,,no,,degrees,no,"Missing sentinels set to NULL: 990, 997, 998, 999",VCF0909,Thermometer - challenger House candidate,Termómetro - candidato desafiante a la Cámara
VCF0910,STRING,Contato com o ocupante do cargo na Câmara dos Representantes dos EUA em campanha,,yes,,,no,,VCF0910,Contact with running U.S. House incumbent,Contacto con el titular del cargo en la Cámara de Representantes de EE. UU. en campaña
VCF0911,STRING,Ocupante do cargo na Câmara dos Representantes dos EUA em campanha: encontrou-se com ele,,yes,,,no,,VCF0911,Running U.S. House incumbent: met him,Titular del cargo en la Cámara de Representantes de EE. UU. en campaña: se reunió con él
VCF0912,STRING,Ocupante do cargo na Câmara dos Representantes dos EUA em campanha: compareceu a uma reunião,,yes,,,no,,VCF0912,Running U.S. House incumbent: attended meeting,Titular del cargo en la Cámara de Representantes de EE. UU. en campaña: asistió a una reunión
VCF0913,STRING,Ocupante do cargo na Câmara dos Representantes dos EUA em campanha: falou com a equipe,,yes,,,no,,VCF0913,Running U.S. House incumbent: talked to staff,Titular del cargo en la Cámara de Representantes de EE. UU. en campaña: habló con el equipo
VCF0914,STRING,Ocupante do cargo na Câmara dos Representantes dos EUA em campanha: recebeu correspondência,,yes,,,no,,VCF0914,Running U.S. House incumbent: received mail,Titular del cargo en la Cámara de Representantes de EE. UU. en campaña: recibió correspondencia
VCF0915,STRING,Ocupante do cargo na Câmara dos Representantes dos EUA em campanha: leu a respeito,,yes,,,no,,VCF0915,Running U.S. House incumbent: read about,Titular del cargo en la Cámara de Representantes de EE. UU. en campaña: leyó sobre él
VCF0916,STRING,Ocupante do cargo na Câmara dos Representantes dos EUA em campanha: ouviu no rádio,,yes,,,no,,VCF0916,Running U.S. House incumbent: heard on radio,Titular del cargo en la Cámara de Representantes de EE. UU. en campaña: escuchó en la radio
VCF0917,STRING,Ocupante do cargo na Câmara dos Representantes dos EUA em campanha: viu na TV,,yes,,,no,,VCF0917,Running U.S. House incumbent: saw on TV,Titular del cargo en la Cámara de Representantes de EE. UU. en campaña: vio en TV
VCF0918,STRING,Conhece alguém que teve contato com o ocupante do cargo na Câmara dos Representantes dos EUA em campanha,,yes,,,no,,VCF0918,Know anyone who had contact with running U.S. House incumbent,Conoce a alguien que tuvo contacto con el titular del cargo en la Cámara de Representantes de EE. UU. en campaña
VCF0919,STRING,Desafiante do ocupante do cargo na Câmara dos Representantes dos EUA em campanha,,yes,,,no,,VCF0919,Challenger to running U.S. House incumbent,Desafiante del titular del cargo en la Cámara de Representantes de EE. UU. en campaña
VCF0920,STRING,Desafiante do ocupante do cargo na Câmara dos Representantes dos EUA em campanha: encontrou-se com ele,,yes,,,no,,VCF0920,Challenger to U.S. House running incumbent: met him,Desafiante del titular del cargo en la Cámara de Representantes de EE. UU. en campaña: se reunió con él
VCF0921,STRING,Desafiante do ocupante do cargo na Câmara dos Representantes dos EUA em campanha: compareceu a uma reunião,,yes,,,no,,VCF0921,Challenger to U.S. House running incumbent: attended meeting,Desafiante del titular del cargo en la Cámara de Representantes de EE. UU. en campaña: asistió a una reunión
VCF0922,STRING,Desafiante do ocupante do cargo na Câmara dos Representantes dos EUA em campanha: falou com a equipe,,yes,,,no,,VCF0922,Challenger to U.S. House running incumbent: talked to staff,Desafiante del titular del cargo en la Cámara de Representantes de EE. UU. en campaña: habló con el equipo
VCF0923,STRING,Desafiante do ocupante do cargo na Câmara dos Representantes dos EUA em campanha: recebeu correspondência,,yes,,,no,,VCF0923,Challenger to U.S. House running incumbent: received mail,Desafiante del titular del cargo en la Cámara de Representantes de EE. UU. en campaña: recibió correspondencia
VCF0924,STRING,Desafiante do ocupante do cargo na Câmara dos Representantes dos EUA em campanha: leu a respeito,,yes,,,no,,VCF0924,Challenger to U.S. House running incumbent: read about,Desafiante del titular del cargo en la Cámara de Representantes de EE. UU. en campaña: leyó sobre él
VCF0925,STRING,Desafiante do ocupante do cargo na Câmara dos Representantes dos EUA em campanha: ouviu no rádio,,yes,,,no,,VCF0925,Challenger to U.S. House running incumbent: heard on radio,Desafiante del titular del cargo en la Cámara de Representantes de EE. UU. en campaña: escuchó en la radio
VCF0926,STRING,Desafiante do ocupante do cargo na Câmara dos Representantes dos EUA em campanha: viu na TV,,yes,,,no,,VCF0926,Challenger to U.S. House running incumbent: saw on TV,Desafiante del titular del cargo en la Cámara de Representantes de EE. UU. en campaña: vio en TV
VCF0927,STRING,Conhece alguém que teve contato com o desafiante do ocupante do cargo na Câmara dos Representantes dos EUA em campanha,,yes,,,no,,VCF0927,Know anyone who had contact with challenger to running U.S. House incumbent,Conoce a alguien que tuvo contacto con el desafiante del titular del cargo en la Cámara de Representantes de EE. UU. en campaña
VCF0928,STRING,Contato com o candidato democrata à Câmara dos Representantes dos EUA,,yes,,,no,,VCF0928,Contact with U.S. House Democratic cand,Contacto con el candidato demócrata a la Cámara de Representantes de EE. UU.
VCF0929,STRING,Candidato democrata à Câmara dos Representantes dos EUA: encontrou-se com ele,,yes,,,no,,VCF0929,U.S. House Democratic cand: met him,Candidato demócrata a la Cámara de Representantes de EE. UU.: se reunió con él
VCF0930,STRING,Candidato democrata à Câmara dos Representantes dos EUA: compareceu a uma reunião,,yes,,,no,,VCF0930,U.S. House Democratic cand: attended meeting,Candidato demócrata a la Cámara de Representantes de EE. UU.: asistió a una reunión
VCF0931,STRING,Candidato democrata à Câmara dos Representantes dos EUA: falou com a equipe,,yes,,,no,,VCF0931,U.S. House Democratic cand: talked to staff,Candidato demócrata a la Cámara de Representantes de EE. UU.: habló con el equipo
VCF0932,STRING,Candidato democrata à Câmara dos Representantes dos EUA: recebeu correspondência,,yes,,,no,,VCF0932,U.S. House Democratic cand: received mail,Candidato demócrata a la Cámara de Representantes de EE. UU.: recibió correspondencia
VCF0933,STRING,Candidato democrata à Câmara dos Representantes dos EUA: leu a respeito,,yes,,,no,,VCF0933,U.S. House Democratic cand: read about,Candidato demócrata a la Cámara de Representantes de EE. UU.: leyó sobre él
VCF0934,STRING,Candidato democrata à Câmara dos Representantes dos EUA: ouviu no rádio,,yes,,,no,,VCF0934,U.S. House Democratic cand: heard on radio,Candidato demócrata a la Cámara de Representantes de EE. UU.: escuchó en la radio
VCF0935,STRING,Candidato democrata à Câmara dos Representantes dos EUA: viu na TV,,yes,,,no,,VCF0935,U.S. House Democratic cand: saw on TV,Candidato demócrata a la Cámara de Representantes de EE. UU.: vio en TV
VCF0936,STRING,Conhece alguém que teve contato com o candidato democrata à Câmara dos Representantes dos EUA,,yes,,,no,,VCF0936,Know anyone who had contact with U.S. House Democratic cand,Conoce a alguien que tuvo contacto con el candidato demócrata a la Cámara de Representantes de EE. UU.
VCF0937,STRING,Contato com o candidato republicano à Câmara dos Representantes dos EUA,,yes,,,no,,VCF0937,Contact with U.S. House Republican cand,Contacto con el candidato republicano a la Cámara de Representantes de EE. UU.
VCF0938,STRING,Candidato republicano à Câmara dos Representantes dos EUA: encontrou-se com ele,,yes,,,no,,VCF0938,U.S. House Republican cand: met him,Candidato republicano a la Cámara de Representantes de EE. UU.: se reunió con él
VCF0939,STRING,Candidato republicano à Câmara dos Representantes dos EUA: compareceu a uma reunião,,yes,,,no,,VCF0939,U.S. House Republican cand: attended meeting,Candidato republicano a la Cámara de Representantes de EE. UU.: asistió a una reunión
VCF0940,STRING,Candidato republicano à Câmara dos Representantes dos EUA: falou com a equipe,,yes,,,no,,VCF0940,U.S. House Republican cand: talked to staff,Candidato republicano a la Cámara de Representantes de EE. UU.: habló con el equipo
VCF0941,STRING,Candidato republicano à Câmara dos Representantes dos EUA: recebeu correspondência,,yes,,,no,,VCF0941,U.S. House Republican cand: received mail,Candidato republicano a la Cámara de Representantes de EE. UU.: recibió correspondencia
VCF0942,STRING,Candidato republicano à Câmara dos Representantes dos EUA: leu a respeito,,yes,,,no,,VCF0942,U.S. House Republican cand: read about,Candidato republicano a la Cámara de Representantes de EE. UU.: leyó sobre él
VCF0943,STRING,Candidato republicano à Câmara dos Representantes dos EUA: ouviu no rádio,,yes,,,no,,VCF0943,U.S. House Republican cand: heard on radio,Candidato republicano a la Cámara de Representantes de EE. UU.: escuchó en la radio
VCF0944,STRING,Candidato republicano à Câmara dos Representantes dos EUA: viu na TV,,yes,,,no,,VCF0944,U.S. House Republican cand: saw on TV,Candidato republicano a la Cámara de Representantes de EE. UU.: vio en TV
VCF0945,STRING,Conhece alguém que teve contato com o candidato republicano à Câmara dos Representantes dos EUA,,yes,,,no,,VCF0945,Know anyone who had contact with U.S. House Republican cand,Conoce a alguien que tuvo contacto con el candidato republicano a la Cámara de Representantes de EE. UU.
VCF0946,STRING,Contagem de tipos de contato - candidato ocupante do cargo na Câmara dos Representantes dos EUA em campanha,,yes,,,no,,VCF0946,Count of contact types- running U.S. House incumbent cand,Recuento de tipos de contacto - candidato titular del cargo en la Cámara de Representantes de EE. UU. en campaña
VCF0946a,STRING,Sim/não teve algum contato com o candidato ocupante do cargo na Câmara dos Representantes dos EUA em campanha,,yes,,,no,,VCF0946a,Yes/no any contact with running U.S. House incumbent cand,Sí/no tuvo algún contacto con el candidato titular del cargo en la Cámara de Representantes de EE. UU. en campaña
VCF0947,STRING,Contagem de tipos de contato - desafiante do candidato ocupante do cargo na Câmara dos Representantes dos EUA em campanha,,yes,,,no,,VCF0947,Count of contact types- challenger to running U.S. House incumbent cand,Recuento de tipos de contacto - desafiante del candidato titular del cargo en la Cámara de Representantes de EE. UU. en campaña
VCF0947a,STRING,Sim/não teve algum contato com o desafiante do candidato ocupante do cargo na Câmara dos Representantes dos EUA em campanha,,yes,,,no,,VCF0947a,Yes/no any contact with challenger to running U.S. House incumbent cand,Sí/no tuvo algún contacto con el desafiante del candidato titular del cargo en la Cámara de Representantes de EE. UU. en campaña
VCF0948,STRING,Contagem de tipos de contato - candidato democrata à Câmara dos Representantes dos EUA,,yes,,,no,,VCF0948,Count of contact types- U.S. House Democratic cand,Recuento de tipos de contacto - candidato demócrata a la Cámara de Representantes de EE. UU.
VCF0948a,STRING,Sim/não teve algum contato com o candidato democrata à Câmara dos Representantes dos EUA,,yes,,,no,,VCF0948a,Yes/no any contact with U.S. House Democratic cand,Sí/no tuvo algún contacto con el candidato demócrata a la Cámara de Representantes de EE. UU.
VCF0949,STRING,Contagem de tipos de contato - candidato republicano à Câmara dos Representantes dos EUA,,yes,,,no,,VCF0949,Count of contact types- U.S. House Republican cand,Recuento de tipos de contacto - candidato republicano a la Cámara de Representantes de EE. UU.
VCF0949a,STRING,Sim/não teve algum contato com o candidato republicano à Câmara dos Representantes dos EUA,,yes,,,no,,VCF0949a,Yes/no any contact with U.S. House Republican cand,Sí/no tuvo algún contacto con el candidato republicano a la Cámara de Representantes de EE. UU.
VCF0950,STRING,Entrou em contato com o ocupante do cargo na Câmara dos Representantes dos EUA em campanha,,yes,,,no,,VCF0950,Contacted running U.S. House incumbent,Se puso en contacto con el titular del cargo en la Cámara de Representantes de EE. UU. en campaña
VCF0951,STRING,Entrou em contato com o ocupante do cargo na Câmara dos Representantes dos EUA em campanha para expressar opinião,,yes,,,no,,VCF0951,Contacted running U.S. House incumbent to express opinion,Se puso en contacto con el titular del cargo en la Cámara de Representantes de EE. UU. en campaña para expresar una opinión
VCF0952,STRING,Entrou em contato com o ocupante do cargo na Câmara dos Representantes dos EUA em campanha para buscar informação,,yes,,,no,,VCF0952,Contacted running U.S. House incumbent to seek information,Se puso en contacto con el titular del cargo en la Cámara de Representantes de EE. UU. en campaña para buscar información
VCF0953,STRING,Entrou em contato com o ocupante do cargo na Câmara dos Representantes dos EUA em campanha para pedir ajuda,,yes,,,no,,VCF0953,Contacted running U.S. House incumbent to seek help,Se puso en contacto con el titular del cargo en la Cámara de Representantes de EE. UU. en campaña para pedir ayuda
VCF0954,STRING,Resposta ao contato com o ocupante do cargo na Câmara dos Representantes dos EUA em campanha,,yes,,,no,,VCF0954,Response to contact with running U.S. House incumbent,Respuesta al contacto con el titular del cargo en la Cámara de Representantes de EE. UU. en campaña
VCF0955,STRING,Satisfeito com a resposta do ocupante do cargo na Câmara dos Representantes dos EUA em campanha,,yes,,,no,,VCF0955,Satisfied w/response from running U.S. House incumbent,Satisfecho con la respuesta del titular del cargo en la Cámara de Representantes de EE. UU. en campaña
VCF0956,STRING,Conhece alguém (mais) que entrou em contato com o ocupante do cargo na Câmara dos Representantes dos EUA em campanha,,yes,,,no,,VCF0956,Know anyone (else) who contacted running U.S. House incumbent,Conoce a alguien (más) que se puso en contacto con el titular del cargo en la Cámara de Representantes de EE. UU. en campaña
VCF0957,STRING,A outra pessoa obteve resposta do ocupante do cargo na Câmara dos Representantes dos EUA em campanha,,yes,,,no,,VCF0957,Other person get response from running U.S. House incumbent,La otra persona obtuvo respuesta del titular del cargo en la Cámara de Representantes de EE. UU. en campaña
VCF0958,STRING,A outra pessoa ficou satisfeita com a resposta do ocupante do cargo na Câmara dos Representantes dos EUA em campanha,,yes,,,no,,VCF0958,Other person satisfied w/response from running U.S. House incumbent,La otra persona quedó satisfecha con la respuesta del titular del cargo en la Cámara de Representantes de EE. UU. en campaña
VCF0959,STRING,O ocupante do cargo na Câmara dos Representantes dos EUA em campanha ajudaria com um problema,,yes,,,no,,VCF0959,Would running U.S. House incumbent be helpful with problem,El titular del cargo en la Cámara de Representantes de EE. UU. en campaña ayudaría con un problema
VCF0960,STRING,O ocupante do cargo na Câmara dos Representantes dos EUA em campanha fez algo especial pelo distrito,,yes,,,no,,VCF0960,Running U.S. House incumbent done anything special for district,El titular del cargo en la Cámara de Representantes de EE. UU. en campaña hizo algo especial por el distrito
VCF0961,STRING,Entrou em contato com o ocupante do cargo na Câmara dos Representantes dos EUA em campanha ou deixando o cargo,,yes,,,no,,VCF0961,Contacted running or retiring U.S. House incumbent,Se puso en contacto con el titular del cargo en la Cámara de Representantes de EE. UU. en campaña o que se retira
VCF0962,STRING,Entrou em contato com o ocupante do cargo na Câmara dos Representantes dos EUA em campanha ou deixando o cargo para expressar opinião,,yes,,,no,,VCF0962,Contacted running or retiring U.S. House incumbent to express opinion,Se puso en contacto con el titular del cargo en la Cámara de Representantes de EE. UU. en campaña o que se retira para expresar una opinión
VCF0963,STRING,Entrou em contato com o ocupante do cargo na Câmara dos Representantes dos EUA em campanha ou deixando o cargo para buscar informação,,yes,,,no,,VCF0963,Contacted running or retiring U.S. House incumbent to seek information,Se puso en contacto con el titular del cargo en la Cámara de Representantes de EE. UU. en campaña o que se retira para buscar información
VCF0964,STRING,Entrou em contato com o ocupante do cargo na Câmara dos Representantes dos EUA em campanha ou deixando o cargo para pedir ajuda,,yes,,,no,,VCF0964,Contacted running or retiring U.S. House incumbent to seek help,Se puso en contacto con el titular del cargo en la Cámara de Representantes de EE. UU. en campaña o que se retira para pedir ayuda
VCF0965,STRING,Resposta ao contato com o ocupante do cargo na Câmara dos Representantes dos EUA em campanha ou deixando o cargo,,yes,,,no,,VCF0965,Response to contact with running or retiring U.S. House incumbent,Respuesta al contacto con el titular del cargo en la Cámara de Representantes de EE. UU. en campaña o que se retira
VCF0966,STRING,Satisfeito com a resposta do ocupante do cargo na Câmara dos Representantes dos EUA em campanha ou deixando o cargo,,yes,,,no,,VCF0966,Satisfied w/response from running or retiring U.S. House incumbent,Satisfecho con la respuesta del titular del cargo en la Cámara de Representantes de EE. UU. en campaña o que se retira
VCF0967,STRING,Conhece alguém (mais) que entrou em contato com o ocupante do cargo na Câmara dos Representantes dos EUA em campanha ou deixando o cargo,,yes,,,no,,VCF0967,Know anyone (else) who contacted running or retiring U.S. House incumbent,Conoce a alguien (más) que se puso en contacto con el titular del cargo en la Cámara de Representantes de EE. UU. en campaña o que se retira
VCF0968,STRING,A outra pessoa obteve resposta do ocupante do cargo na Câmara dos Representantes dos EUA em campanha ou deixando o cargo,,yes,,,no,,VCF0968,Other person get response from running or retiring U.S. House incumbent,La otra persona obtuvo respuesta del titular del cargo en la Cámara de Representantes de EE. UU. en campaña o que se retira
VCF0969,STRING,A outra pessoa ficou satisfeita com a resposta do ocupante do cargo na Câmara dos Representantes dos EUA em campanha ou deixando o cargo,,yes,,,no,,VCF0969,Other person satisfied with response fr running/retiring U.S. House incumbent,La otra persona quedó satisfecha con la respuesta del titular del cargo en la Cámara de Representantes de EE. UU. en campaña o que se retira
VCF0970,STRING,O ocupante do cargo na Câmara dos Representantes dos EUA em campanha ou deixando o cargo ajudaria com um problema,,yes,,,no,,VCF0970,Would running or retiring U.S. House incumbent be helpful with problem,El titular del cargo en la Cámara de Representantes de EE. UU. en campaña o que se retira ayudaría con un problema
VCF0971,STRING,O ocupante do cargo na Câmara dos Representantes dos EUA em campanha ou deixando o cargo fez algo especial pelo distrito,,yes,,,no,,VCF0971,Running or retiring U.S. House incumbent done anything special for district,El titular del cargo en la Cámara de Representantes de EE. UU. en campaña o que se retira hizo algo especial por el distrito
VCF0972,STRING,Lembra os nomes dos candidatos à Câmara dos Representantes dos EUA,,yes,,,no,,VCF0972,Recall names of U.S. House candidates,Recuerda los nombres de los candidatos a la Cámara de Representantes de EE. UU.
VCF0973,STRING,Lembra corretamente o nome do candidato à Câmara dos Representantes dos EUA,,yes,,,no,,VCF0973,Recall correct name of U.S. House candidate,Recuerda correctamente el nombre del candidato a la Cámara de Representantes de EE. UU.
VCF0974,STRING,Lembra corretamente o nome do candidato à Câmara dos Representantes dos EUA,,yes,,,no,,VCF0974,Recall correct name of U.S. House candidate,Recuerda correctamente el nombre del candidato a la Cámara de Representantes de EE. UU.
VCF0975,STRING,Lembra corretamente o nome do candidato à Câmara dos Representantes dos EUA,,yes,,,no,,VCF0975,Recall correct name of U.S. House candidate,Recuerda correctamente el nombre del candidato a la Cámara de Representantes de EE. UU.
VCF0976,STRING,Número de nomes lembrados de candidatos à Câmara dos Representantes dos EUA,,yes,,,no,,VCF0976,Number of recalled names of U.S. House candidates,Número de nombres recordados de candidatos a la Cámara de Representantes de EE. UU.
VCF0977,STRING,Sabe se um candidato à Câmara dos Representantes dos EUA já ocupava a Câmara,,yes,,,no,,VCF0977,Know if one U.S. House candidate was already in the U.S. House,Sabe si un candidato a la Cámara de Representantes de EE. UU. ya estaba en la Cámara
VCF0978,STRING,Acerta se um candidato à Câmara dos Representantes dos EUA já ocupava o cargo,,yes,,,no,,VCF0978,Correct whether a U.S. House candidate was already in office,Acierta si un candidato a la Cámara de Representantes de EE. UU. ya ocupaba el cargo
VCF0980,STRING,Candidato democrata à Câmara dos Representantes dos EUA: aspectos positivos do entrevistado - número de menções,,yes,,,no,,VCF0980,Democratic U.S. House cand: respondent likes - number of mentions,Candidato demócrata a la Cámara de Representantes de EE. UU.: aspectos positivos del entrevistado - número de menciones
VCF0981,STRING,Candidato democrata à Câmara dos Representantes dos EUA: aspectos negativos do entrevistado - número de menções,,yes,,,no,,VCF0981,Democratic U.S. House cand: respondent dislikes - number of mentions,Candidato demócrata a la Cámara de Representantes de EE. UU.: aspectos negativos del entrevistado - número de menciones
VCF0982,STRING,Candidato democrata à Câmara dos Representantes dos EUA: afeto (likes- dislikes),,yes,,,no,,VCF0982,Democratic U.S. House candidate affect (likes- dislikes),Candidato demócrata a la Cámara de Representantes de EE. UU.: afecto (likes- dislikes)
VCF0983,STRING,Candidato democrata à Câmara dos Representantes dos EUA: saliência (likes-dislikes),,yes,,,no,,VCF0983,Democratic U.S. House candidate salience (likes-dislikes),Candidato demócrata a la Cámara de Representantes de EE. UU.: saliencia (likes-dislikes)
VCF0984,STRING,Candidato republicano à Câmara dos Representantes dos EUA: aspectos positivos do entrevistado - número de menções,,yes,,,no,,VCF0984,Republican U.S. House cand: respondent likes - number of mentions,Candidato republicano a la Cámara de Representantes de EE. UU.: aspectos positivos del entrevistado - número de menciones
VCF0985,STRING,Candidato republicano à Câmara dos Representantes dos EUA: aspectos negativos do entrevistado - número de menções,,yes,,,no,,VCF0985,Republican U.S. House cand: respondent dislikes - number of mentions,Candidato republicano a la Cámara de Representantes de EE. UU.: aspectos negativos del entrevistado - número de menciones
VCF0986,STRING,Candidato republicano à Câmara dos Representantes dos EUA: afeto (likes- dislikes),,yes,,,no,,VCF0986,Republican U.S. House cand: affect (likes- dislikes),Candidato republicano a la Cámara de Representantes de EE. UU.: afecto (likes- dislikes)
VCF0987,STRING,Candidato republicano à Câmara dos Representantes dos EUA: saliência (likes- dislikes),,yes,,,no,,VCF0987,Republican U.S. House cand: salience (likes- dislikes),Candidato republicano a la Cámara de Representantes de EE. UU.: saliencia (likes- dislikes)
VCF0988,STRING,Candidato republicano à Câmara dos Representantes dos EUA: afeto (likes- dislikes),,yes,,,no,,VCF0988,Republican U.S. House candidate affect (likes- dislikes),Candidato republicano a la Cámara de Representantes de EE. UU.: afecto (likes- dislikes)
VCF0989,STRING,Candidato à Câmara dos Representantes dos EUA: saliência (likes-dislikes),,yes,,,no,,VCF0989,U.S. House candidate salience (likes-dislikes),Candidato a la Cámara de Representantes de EE. UU.: saliencia (likes-dislikes)
VCF0990,STRING,Candidato à Câmara dos Representantes dos EUA: saliência relativa (likes- dislikes),,yes,,,no,,VCF0990,U.S. House candidate relative salience (likes- dislikes),Candidato a la Cámara de Representantes de EE. UU.: saliencia relativa (likes- dislikes)
VCF0991,STRING,Aprova/desaprova o ocupante do cargo na Câmara dos Representantes dos EUA em campanha,,yes,,,no,,VCF0991,Approve/disapprove of running U.S. House incumbent,Aprueba/desaprueba al titular del cargo en la Cámara de Representantes de EE. UU. en campaña
VCF0992,STRING,Aprova/desaprova o Congresso dos EUA,,yes,,,no,,VCF0992,Approve/disapprove of U.S. Congress,Aprueba/desaprueba al Congreso de EE. UU.
VCF0993,STRING,Candidato ocupante do cargo na Câmara dos Representantes dos EUA: aspectos positivos do entrevistado - número de menções,,yes,,,no,,VCF0993,Incumbent U.S. House cand: respondent likes - number of mentions,Candidato titular del cargo en la Cámara de Representantes de EE. UU.: aspectos positivos del entrevistado - número de menciones
VCF0994,STRING,Candidato ocupante do cargo na Câmara dos Representantes dos EUA: aspectos negativos do entrevistado - número de menções,,yes,,,no,,VCF0994,Incumbent U.S. House cand: respondent dislikes - number of mentions,Candidato titular del cargo en la Cámara de Representantes de EE. UU.: aspectos negativos del entrevistado - número de menciones
VCF0995,STRING,Candidato ocupante do cargo na Câmara dos Representantes dos EUA: afeto (likes- dislikes),,yes,,,no,,VCF0995,Incumbent U.S. House cand: affect (likes- dislikes),Candidato titular del cargo en la Cámara de Representantes de EE. UU.: afecto (likes- dislikes)
VCF0996,STRING,Candidato ocupante do cargo na Câmara dos Representantes dos EUA: saliência (likes- dislikes),,yes,,,no,,VCF0996,Incumbent U.S. House cand: salience (likes- dislikes),Candidato titular del cargo en la Cámara de Representantes de EE. UU.: saliencia (likes- dislikes)
VCF0997,STRING,Desafiante do candidato ocupante do cargo na Câmara dos Representantes dos EUA: aspectos positivos do entrevistado - número de menções,,yes,,,no,,VCF0997,Challenger to incum U.S. House cand: respondent likes - number of mentions,Desafiante del candidato titular del cargo en la Cámara de Representantes de EE. UU.: aspectos positivos del entrevistado - número de menciones
VCF0998,STRING,Desafiante do candidato ocupante do cargo na Câmara dos Representantes dos EUA: aspectos negativos do entrevistado - número de menções,,yes,,,no,,VCF0998,Challenger to incum U.S. House cand: respondent dislikes - number of mentions,Desafiante del candidato titular del cargo en la Cámara de Representantes de EE. UU.: aspectos negativos del entrevistado - número de menciones
VCF0999,STRING,Desafiante do candidato ocupante do cargo na Câmara dos Representantes dos EUA: afeto (likes-dislikes),,yes,,,no,,VCF0999,Challenger to incumbent U.S. House cand: affect (likes-dislikes),Desafiante del candidato titular del cargo en la Cámara de Representantes de EE. UU.: afecto (likes-dislikes)
VCF1000,STRING,Desafiante do candidato ocupante do cargo na Câmara dos Representantes dos EUA: saliência (likes-dislikes),,yes,,,no,,VCF1000,Challenger to incumbent U.S. House cand: salience (likes-dislikes),Desafiante del candidato titular del cargo en la Cámara de Representantes de EE. UU.: saliencia (likes-dislikes)
VCF1001,STRING,Candidato à Câmara dos Representantes dos EUA: afeto (likes-dislikes),,yes,,,no,,VCF1001,U.S. House candidate affect (likes-dislikes),Candidato a la Cámara de Representantes de EE. UU.: afecto (likes-dislikes)
VCF1002,STRING,Candidato à Câmara dos Representantes dos EUA: saliência (likes-dislikes),,yes,,,no,,VCF1002,U.S. House candidate salience (likes-dislikes),Candidato a la Cámara de Representantes de EE. UU.: saliencia (likes-dislikes)
VCF1003,STRING,Candidato à Câmara dos Representantes dos EUA: saliência relativa (likes- dislikes),,yes,,,no,,VCF1003,U.S. House candidate relative salience (likes- dislikes),Candidato a la Cámara de Representantes de EE. UU.: saliencia relativa (likes- dislikes)
VCF1004,STRING,Partido do entrevistado/partido do ocupante do cargo na Câmara dos Representantes dos EUA do distrito da IW,,yes,,,no,,VCF1004,Party of respondent/party of U.S. House incumbent from district of IW,Partido del entrevistado/partido del titular del cargo en la Cámara de Representantes de EE. UU. del distrito de la IW
VCF1005,STRING,Partido do entrevistado votante/partido do ocupante do cargo na Câmara dos Representantes dos EUA,,yes,,,no,,VCF1005,Party of voter respondent/ party of U.S. House incumbent,Partido del entrevistado votante/partido del titular del cargo en la Cámara de Representantes de EE. UU.
VCF1006,STRING,Código do candidato à Câmara dos Representantes dos EUA lembrado corretamente do distrito da IW,,yes,,,no,,VCF1006,Candidate code of correctly recalled U.S. House candidate from IW district,Código del candidato a la Cámara de Representantes de EE. UU. recordado correctamente del distrito de la IW
VCF1007,STRING,Código do candidato à Câmara dos Representantes dos EUA lembrado corretamente do distrito da IW,,yes,,,no,,VCF1007,Candidate code of correctly recalled U.S. House candidate from IW district,Código del candidato a la Cámara de Representantes de EE. UU. recordado correctamente del distrito de la IW
VCF1008,STRING,Código do candidato à Câmara dos Representantes dos EUA lembrado corretamente do distrito da IW,,yes,,,no,,VCF1008,Candidate code of correctly recalled U.S. House candidate from IW district,Código del candidato a la Cámara de Representantes de EE. UU. recordado correctamente del distrito de la IW
VCF1009,STRING,Partido do(s) nome(s) de candidato à Câmara dos Representantes dos EUA lembrado(s) do distrito da IW,,yes,,,no,,VCF1009,Party of recalled U.S. House candidate name(s) from district of IW,Partido del/de los nombre(s) de candidato a la Cámara de Representantes de EE. UU. recordado(s) del distrito de la IW
VCF1010,STRING,O nome de candidato à Câmara dos Representantes dos EUA lembrado é do próprio partido,,yes,,,no,,VCF1010,Is recalled U.S. House cand name from own party,El nombre de candidato a la Cámara de Representantes de EE. UU. recordado es del propio partido
VCF1011,STRING,Entrevistado votou no candidato à Câmara dos Representantes dos EUA do próprio partido no distrito da IW,,yes,,,no,,VCF1011,Respondent vote for U.S. House candidate from own party in district of IW,El entrevistado votó por el candidato a la Cámara de Representantes de EE. UU. del propio partido en el distrito de la IW
VCF1012,STRING,Entrevistado votou no candidato ocupante do cargo na Câmara dos Representantes dos EUA no distrito da IW,,yes,,,no,,VCF1012,Respondent vote for incumbent U.S. House candidate in district of IW,El entrevistado votó por el candidato titular del cargo en la Cámara de Representantes de EE. UU. en el distrito de la IW
VCF1013,STRING,Entrevistado votou no candidato vencedor à Câmara dos Representantes dos EUA no distrito da IW,,yes,,,no,,VCF1013,Respondent vote for winning U.S. House candidate in district of IW,El entrevistado votó por el candidato ganador a la Cámara de Representantes de EE. UU. en el distrito de la IW
VCF1014,STRING,Candidato vencedor à Câmara dos Representantes dos EUA no distrito da IW,,yes,,,no,,VCF1014,Winning U.S. House candidate in district of IW,Candidato ganador a la Cámara de Representantes de EE. UU. en el distrito de la IW
VCF1015,STRING,Número de dias antes da eleição em que a IW pré-eleitoral foi realizada,,yes,,,no,,VCF1015,Number of days pre-election IW conducted before election,Número de días antes de la elección en que se realizó la IW preelectoral
VCF1016,STRING,Número de dias após a eleição em que a IW pós-eleitoral foi realizada,,yes,,,no,,VCF1016,Number of days post-election IW conducted after election,Número de días después de la elección en que se realizó la IW postelectoral
VCF1017,INT64,Média do termômetro - candidatos à Câmara dos Representantes dos EUA,,no,,degrees,no,"Missing sentinels set to NULL: 998, 999",VCF1017,Thermometer average - U.S. House candidates,Promedio del termómetro - candidatos a la Cámara de Representantes de EE. UU.
VCF1018,INT64,Índice do termômetro - candidatos à Câmara dos Representantes dos EUA,,no,,degrees,no,"Missing sentinels set to NULL: 998, 999",VCF1018,Thermometer index - U.S. House candidats,Índice del termómetro - candidatos a la Cámara de Representantes de EE. UU.
VCF1020,STRING,Gosta de algo no candidato democrata à Câmara dos Representantes dos EUA,,yes,,,no,,VCF1020,Likes anything about Democratic U.S. House,Le gusta algo del candidato demócrata a la Cámara de Representantes de EE. UU.
VCF1021a,STRING,1972-2004 menção 1: aspecto positivo do candidato democrata à Câmara dos Representantes dos EUA,,yes,,,no,,VCF1021a,1972-2004 mention 1: like about Democratic U.S. House cand,1972-2004 mención 1: aspecto positivo del candidato demócrata a la Cámara de Representantes de EE. UU.
VCF1021b,STRING,1972-2004 menção 1: aspecto positivo do candidato democrata à Câmara dos Representantes dos EUA agrupado,,yes,,,no,,VCF1021b,1972-2004 mention 1: like about Democratic U.S. House cand collapsed,1972-2004 mención 1: aspecto positivo del candidato demócrata a la Cámara de Representantes de EE. UU. agrupado
VCF1022a,STRING,1972-2004 menção 2: aspecto positivo do candidato democrata à Câmara dos Representantes dos EUA,,no,,,no,Coded per ANES codebook; full value list in the codebook,VCF1022a,1972-2004 mention 2: like about Democratic U.S. House cand,1972-2004 mención 2: aspecto positivo del candidato demócrata a la Cámara de Representantes de EE. UU.
VCF1022b,STRING,1972-2004 menção 2: aspecto positivo do candidato democrata à Câmara dos Representantes dos EUA agrupado,,yes,,,no,,VCF1022b,1972-2004 mention 2: like about Democratic U.S. House cand collapsed,1972-2004 mención 2: aspecto positivo del candidato demócrata a la Cámara de Representantes de EE. UU. agrupado
VCF1023a,STRING,1972-2004 menção 3: aspecto positivo do candidato democrata à Câmara dos Representantes dos EUA,,no,,,no,Coded per ANES codebook; full value list in the codebook,VCF1023a,1972-2004 mention 3: like about Democratic U.S. House cand,1972-2004 mención 3: aspecto positivo del candidato demócrata a la Cámara de Representantes de EE. UU.
VCF1023b,STRING,1972-2004 menção 3: aspecto positivo do candidato democrata à Câmara dos Representantes dos EUA agrupado,,yes,,,no,,VCF1023b,1972-2004 mention 3: like about Democratic U.S. House cand collapsed,1972-2004 mención 3: aspecto positivo del candidato demócrata a la Cámara de Representantes de EE. UU. agrupado
VCF1024a,STRING,1972-2004 menção 4: aspecto positivo do candidato democrata à Câmara dos Representantes dos EUA,,no,,,no,Coded per ANES codebook; full value list in the codebook,VCF1024a,1972-2004 mention 4: like about Democratic U.S. House cand,1972-2004 mención 4: aspecto positivo del candidato demócrata a la Cámara de Representantes de EE. UU.
VCF1024b,STRING,1972-2004 menção 4: aspecto positivo do candidato democrata à Câmara dos Representantes dos EUA agrupado,,yes,,,no,,VCF1024b,1972-2004 mention 4: like about Democratic U.S. House cand collapsed,1972-2004 mención 4: aspecto positivo del candidato demócrata a la Cámara de Representantes de EE. UU. agrupado
VCF1025a,STRING,1972-2004 menção 5: aspecto positivo do candidato democrata à Câmara dos Representantes dos EUA,,no,,,no,Coded per ANES codebook; full value list in the codebook,VCF1025a,1972-2004 mention 5: like about Democratic U.S. House cand,1972-2004 mención 5: aspecto positivo del candidato demócrata a la Cámara de Representantes de EE. UU.
VCF1025b,STRING,"1972-2004 menção 5: aspecto positivo sobre o candidato democrata à Câmara dos Representantes dos EUA, agrupado",,yes,,,no,,VCF1025b,1972-2004 mention 5: like about Democratic U.S. House cand collapsed,"1972-2004 mención 5: aspecto positivo sobre el candidato demócrata a la Cámara de Representantes de EE. UU., agrupado"
VCF1026,STRING,Aspectos negativos sobre o candidato democrata à Câmara dos Representantes dos EUA,,yes,,,no,,VCF1026,Dislikes anything about Democratic U.S. House cand,Aspectos negativos sobre el candidato demócrata a la Cámara de Representantes de EE. UU.
VCF1027a,STRING,1972-2004 menção 1: aspecto negativo sobre o candidato democrata à Câmara dos Representantes dos EUA,,yes,,,no,,VCF1027a,1972-2004 mention 1: dislike about Democratic U.S. House cand,1972-2004 mención 1: aspecto negativo sobre el candidato demócrata a la Cámara de Representantes de EE. UU.
VCF1027b,STRING,"1972-2004 menção 1: aspecto negativo sobre o candidato democrata à Câmara dos Representantes dos EUA, agrupado",,yes,,,no,,VCF1027b,1972-2004 mention 1: dislike about Democratic U.S. House cand collapsed,"1972-2004 mención 1: aspecto negativo sobre el candidato demócrata a la Cámara de Representantes de EE. UU., agrupado"
VCF1028a,STRING,1972-2004 menção 2: aspecto negativo sobre o candidato democrata à Câmara dos Representantes dos EUA,,no,,,no,Coded per ANES codebook; full value list in the codebook,VCF1028a,1972-2004 mention 2: dislike about Democratic U.S. House cand,1972-2004 mención 2: aspecto negativo sobre el candidato demócrata a la Cámara de Representantes de EE. UU.
VCF1028b,STRING,"1972-2004 menção 2: aspecto negativo sobre o candidato democrata à Câmara dos Representantes dos EUA, agrupado",,yes,,,no,,VCF1028b,1972-2004 mention 2: dislike about Democratic U.S. House cand collapsed,"1972-2004 mención 2: aspecto negativo sobre el candidato demócrata a la Cámara de Representantes de EE. UU., agrupado"
VCF1029a,STRING,1972-2004 menção 3: aspecto negativo sobre o candidato democrata à Câmara dos Representantes dos EUA,,no,,,no,Coded per ANES codebook; full value list in the codebook,VCF1029a,1972-2004 mention 3: dislike about Democratic U.S. House cand,1972-2004 mención 3: aspecto negativo sobre el candidato demócrata a la Cámara de Representantes de EE. UU.
VCF1029b,STRING,"1972-2004 menção 3: aspecto negativo sobre o candidato democrata à Câmara dos Representantes dos EUA, agrupado",,yes,,,no,,VCF1029b,1972-2004 mention 3: dislike about Democratic U.S. House cand collapsed,"1972-2004 mención 3: aspecto negativo sobre el candidato demócrata a la Cámara de Representantes de EE. UU., agrupado"
VCF1030a,STRING,1972-2004 menção 4: aspecto negativo sobre o candidato democrata à Câmara dos Representantes dos EUA,,no,,,no,Coded per ANES codebook; full value list in the codebook,VCF1030a,1972-2004 mention 4: dislike about Democratic U.S. House cand,1972-2004 mención 4: aspecto negativo sobre el candidato demócrata a la Cámara de Representantes de EE. UU.
VCF1030b,STRING,"1972-2004 menção 4: aspecto negativo sobre o candidato democrata à Câmara dos Representantes dos EUA, agrupado",,yes,,,no,,VCF1030b,1972-2004 mention 4: dislike about Democratic U.S. House cand collapsed,"1972-2004 mención 4: aspecto negativo sobre el candidato demócrata a la Cámara de Representantes de EE. UU., agrupado"
VCF1031a,STRING,1972-2004 menção 5: aspecto negativo sobre o candidato democrata à Câmara dos Representantes dos EUA,,no,,,no,Coded per ANES codebook; full value list in the codebook,VCF1031a,1972-2004 mention 5: dislike about Democratic U.S. House cand,1972-2004 mención 5: aspecto negativo sobre el candidato demócrata a la Cámara de Representantes de EE. UU.
VCF1031b,STRING,"1972-2004 menção 5: aspecto negativo sobre o candidato democrata à Câmara dos Representantes dos EUA, agrupado",,yes,,,no,,VCF1031b,1972-2004 mention 5: dislike about Democratic U.S. House cand collapsed,"1972-2004 mención 5: aspecto negativo sobre el candidato demócrata a la Cámara de Representantes de EE. UU., agrupado"
VCF1032,STRING,Aspectos positivos sobre o candidato republicano à Câmara dos Representantes dos EUA,,yes,,,no,,VCF1032,Likes anything about Republican U.S. House cand,Aspectos positivos sobre el candidato republicano a la Cámara de Representantes de EE. UU.
VCF1033a,STRING,1972-2004 menção 1: aspecto positivo sobre o candidato republicano à Câmara dos Representantes dos EUA,,yes,,,no,,VCF1033a,1972-2004 mention 1: like about Republican U.S. House cand,1972-2004 mención 1: aspecto positivo sobre el candidato republicano a la Cámara de Representantes de EE. UU.
VCF1033b,STRING,"1972-2004 menção 1: aspecto positivo sobre o candidato republicano à Câmara dos Representantes dos EUA, agrupado",,yes,,,no,,VCF1033b,1972-2004 mention 1: like about Republican U.S. House cand collapsed,"1972-2004 mención 1: aspecto positivo sobre el candidato republicano a la Cámara de Representantes de EE. UU., agrupado"
VCF1034a,STRING,1972-2004 menção 2: aspecto positivo sobre o candidato republicano à Câmara dos Representantes dos EUA,,no,,,no,Coded per ANES codebook; full value list in the codebook,VCF1034a,1972-2004 mention 2: like about Republican U.S. House cand,1972-2004 mención 2: aspecto positivo sobre el candidato republicano a la Cámara de Representantes de EE. UU.
VCF1034b,STRING,"1972-2004 menção 2: aspecto positivo sobre o candidato republicano à Câmara dos Representantes dos EUA, agrupado",,yes,,,no,,VCF1034b,1972-2004 mention 2: like about Republican U.S. House cand collapsed,"1972-2004 mención 2: aspecto positivo sobre el candidato republicano a la Cámara de Representantes de EE. UU., agrupado"
VCF1035a,STRING,1972-2004 menção 3: aspecto positivo sobre o candidato republicano à Câmara dos Representantes dos EUA,,no,,,no,Coded per ANES codebook; full value list in the codebook,VCF1035a,1972-2004 mention 3: like about Republican U.S. House cand,1972-2004 mención 3: aspecto positivo sobre el candidato republicano a la Cámara de Representantes de EE. UU.
VCF1035b,STRING,"1972-2004 menção 3: aspecto positivo sobre o candidato republicano à Câmara dos Representantes dos EUA, agrupado",,yes,,,no,,VCF1035b,1972-2004 mention 3: like about Republican U.S. House cand collapsed,"1972-2004 mención 3: aspecto positivo sobre el candidato republicano a la Cámara de Representantes de EE. UU., agrupado"
VCF1036a,STRING,1972-2004 menção 4: aspecto positivo sobre o candidato republicano à Câmara dos Representantes dos EUA,,no,,,no,Coded per ANES codebook; full value list in the codebook,VCF1036a,1972-2004 mention 4: like about Republican U.S. House cand,1972-2004 mención 4: aspecto positivo sobre el candidato republicano a la Cámara de Representantes de EE. UU.
VCF1036b,STRING,"1972-2004 menção 4: aspecto positivo sobre o candidato republicano à Câmara dos Representantes dos EUA, agrupado",,yes,,,no,,VCF1036b,1972-2004 mention 4: like about Republican U.S. House cand collapsed,"1972-2004 mención 4: aspecto positivo sobre el candidato republicano a la Cámara de Representantes de EE. UU., agrupado"
VCF1037a,STRING,1972-2004 menção 5: aspecto positivo sobre o candidato republicano à Câmara dos Representantes dos EUA,,no,,,no,Coded per ANES codebook; full value list in the codebook,VCF1037a,1972-2004 mention 5: like about Republican U.S. House cand,1972-2004 mención 5: aspecto positivo sobre el candidato republicano a la Cámara de Representantes de EE. UU.
VCF1037b,STRING,"1972-2004 menção 5: aspecto positivo sobre o candidato republicano à Câmara dos Representantes dos EUA, agrupado",,yes,,,no,,VCF1037b,1972-2004 mention 5: like about Republican U.S. House cand collapsed,"1972-2004 mención 5: aspecto positivo sobre el candidato republicano a la Cámara de Representantes de EE. UU., agrupado"
VCF1038,STRING,Aspectos negativos sobre o candidato republicano à Câmara dos Representantes dos EUA,,yes,,,no,,VCF1038,Dislikes anything about Republican U.S. House cand,Aspectos negativos sobre el candidato republicano a la Cámara de Representantes de EE. UU.
VCF1039a,STRING,1972-2004 menção 1: aspecto negativo sobre o candidato republicano à Câmara dos Representantes dos EUA,,yes,,,no,,VCF1039a,1972-2004 mention 1: dislike about Republican U.S. House cand,1972-2004 mención 1: aspecto negativo sobre el candidato republicano a la Cámara de Representantes de EE. UU.
VCF1039b,STRING,"1972-2004 menção 1: aspecto negativo sobre o candidato republicano à Câmara dos Representantes dos EUA, agrupado",,yes,,,no,,VCF1039b,1972-2004 mention 1: dislike about Republican U.S. House cand collapsed,"1972-2004 mención 1: aspecto negativo sobre el candidato republicano a la Cámara de Representantes de EE. UU., agrupado"
VCF1040a,STRING,1972-2004 menção 2: aspecto negativo sobre o candidato republicano à Câmara dos Representantes dos EUA,,no,,,no,Coded per ANES codebook; full value list in the codebook,VCF1040a,1972-2004 mention 2: dislike about Republican U.S. House cand,1972-2004 mención 2: aspecto negativo sobre el candidato republicano a la Cámara de Representantes de EE. UU.
VCF1040b,STRING,"1972-2004 menção 2: aspecto negativo sobre o candidato republicano à Câmara dos Representantes dos EUA, agrupado",,yes,,,no,,VCF1040b,1972-2004 mention 2: dislike about Republican U.S. House cand collapsed,"1972-2004 mención 2: aspecto negativo sobre el candidato republicano a la Cámara de Representantes de EE. UU., agrupado"
VCF1041a,STRING,1972-2004 menção 3: aspecto negativo sobre o candidato republicano à Câmara dos Representantes dos EUA,,no,,,no,Coded per ANES codebook; full value list in the codebook,VCF1041a,1972-2004 mention 3: dislike about Republican U.S. House cand,1972-2004 mención 3: aspecto negativo sobre el candidato republicano a la Cámara de Representantes de EE. UU.
VCF1041b,STRING,"1972-2004 menção 3: aspecto negativo sobre o candidato republicano à Câmara dos Representantes dos EUA, agrupado",,yes,,,no,,VCF1041b,1972-2004 mention 3: dislike about Republican U.S. House cand collapsed,"1972-2004 mención 3: aspecto negativo sobre el candidato republicano a la Cámara de Representantes de EE. UU., agrupado"
VCF1042a,STRING,1972-2004 menção 4: aspecto negativo sobre o candidato republicano à Câmara dos Representantes dos EUA,,no,,,no,Coded per ANES codebook; full value list in the codebook,VCF1042a,1972-2004 mention 4: dislike about Republican U.S. House cand,1972-2004 mención 4: aspecto negativo sobre el candidato republicano a la Cámara de Representantes de EE. UU.
VCF1042b,STRING,"1972-2004 menção 4: aspecto negativo sobre o candidato republicano à Câmara dos Representantes dos EUA, agrupado",,yes,,,no,,VCF1042b,1972-2004 mention 4: dislike about Republican U.S. House cand collapsed,"1972-2004 mención 4: aspecto negativo sobre el candidato republicano a la Cámara de Representantes de EE. UU., agrupado"
VCF1043a,STRING,1972-2004 menção 5: aspecto negativo sobre o candidato republicano à Câmara dos Representantes dos EUA,,no,,,no,Coded per ANES codebook; full value list in the codebook,VCF1043a,1972-2004 mention 5: dislike about Republican U.S. House cand,1972-2004 mención 5: aspecto negativo sobre el candidato republicano a la Cámara de Representantes de EE. UU.
VCF1043b,STRING,"1972-2004 menção 5: aspecto negativo sobre o candidato republicano à Câmara dos Representantes dos EUA, agrupado",,yes,,,no,,VCF1043b,1972-2004 mention 5: dislike about Republican U.S. House cand collapsed,"1972-2004 mención 5: aspecto negativo sobre el candidato republicano a la Cámara de Representantes de EE. UU., agrupado"
VCF9001,STRING,Tempo de residência na comunidade,,yes,,,no,,VCF9001,Length of residence in community,Tiempo de residencia en la comunidad
VCF9002,STRING,Tempo de residência no domicílio,,yes,,,no,,VCF9002,Length of residence in home,Tiempo de residencia en el hogar
VCF9003,INT64,Termômetro - grupos evangélicos,,no,,degrees,no,"Missing sentinels set to NULL: 98, 99",VCF9003,Thermometer - evangelical groups,Termómetro - grupos evangélicos
VCF9004,INT64,Termômetro - idosos,,no,,degrees,no,"Missing sentinels set to NULL: 98, 99",VCF9004,Thermometer - elderly,Termómetro - personas mayores
VCF9005,INT64,Termômetro - suprema corte,,no,,degrees,no,"Missing sentinels set to NULL: 98, 99",VCF9005,Thermometer - Supreme Court,Termómetro - corte suprema
VCF9006,INT64,Termômetro - mulheres,,no,,degrees,no,"Missing sentinels set to NULL: 98, 99",VCF9006,Thermometer - women,Termómetro - mujeres
VCF9007,INT64,Termômetro - jesse Jackson,,no,,degrees,no,"Missing sentinels set to NULL: 98, 99",VCF9007,Thermometer - jesse Jackson,Termómetro - jesse Jackson
VCF9008,STRING,Qual partido lidaria melhor com a poluição e a proteção do meio ambiente,,yes,,,no,,VCF9008,Which party would best handle pollution and protecting environment,Qué partido manejaría mejor la contaminación y la protección del medio ambiente
VCF9009,STRING,Aprova o desempenho do presidente na economia,,yes,,,no,,VCF9009,Approve of president performance on economy,Aprueba el desempeño del presidente en la economía
VCF9010,STRING,Qual lidaria melhor com a inflação,,yes,,,no,,VCF9010,Which would best handle inflation,Cuál manejaría mejor la inflación
VCF9011,STRING,Qual lidaria melhor com o desemprego,,yes,,,no,,VCF9011,Which would best handle unemployment,Cuál manejaría mejor el desempleo
VCF9012,STRING,Qual partido lidaria melhor com o problema mais importante,,yes,,,no,,VCF9012,Which party would best handle most important problem,Qué partido manejaría mejor el problema más importante
VCF9013,STRING,A sociedade deve garantir oportunidade igual de sucesso,,yes,,,no,,VCF9013,Society ensure equal opportunity to succeed,La sociedad debe garantizar igual oportunidad de éxito
VCF9014,STRING,Fomos longe demais promovendo direitos iguais,,yes,,,no,,VCF9014,We have gone too far pushing equal rights,Hemos ido demasiado lejos promoviendo la igualdad de derechos
VCF9015,STRING,É um grande problema que nem todos tenham chances iguais,,yes,,,no,,VCF9015,Big problem that not everyone has equal chance,Es un gran problema que no todos tengan iguales oportunidades
VCF9016,STRING,Não é grande problema se alguns têm mais chances na vida,,yes,,,no,,VCF9016,Not big problem if some have more chance in life,No es un gran problema si algunos tienen más oportunidades en la vida
VCF9017,STRING,Deveríamos nos preocupar menos com o quanto as pessoas são iguais,,yes,,,no,,VCF9017,Should worry less about how equal people are,Deberíamos preocuparnos menos por cuán iguales son las personas
VCF9018,STRING,Os EUA teriam menos problemas se todos fossem tratados igualmente,,yes,,,no,,VCF9018,U.S. fewer problems if everyone treated equally,EE. UU. tendría menos problemas si todos fueran tratados por igual
VCF9019,STRING,Objetivo mais desejável para a nação: #1,,yes,,,no,,VCF9019,Most desirable goal for the nation: #1,Objetivo más deseable para la nación: #1
VCF9020,STRING,Objetivo mais desejável para a nação: #2,,yes,,,no,,VCF9020,Most desirable goal for the nation: #2,Objetivo más deseable para la nación: #2
VCF9021,STRING,Alguém conversou com o entrevistado sobre votar ou se registrar,,yes,,,no,,VCF9021,Did anyone talk to r about voting or registering,Alguien habló con el entrevistado sobre votar o registrarse
VCF9022,STRING,Intensidade da preferência do eleitor - candidato presidencial,,yes,,,no,,VCF9022,Voter strength of preference- presidential cand,Intensidad de la preferencia del votante - candidato presidencial
VCF9023,STRING,Preferência de quem não vota - candidato presidencial,,yes,,,no,,VCF9023,Nonvoter preference- presidential cand,Preferencia de quien no vota - candidato presidencial
VCF9024,STRING,Intensidade da preferência do eleitor - candidato à Câmara dos Representantes dos EUA,,yes,,,no,,VCF9024,Voter strength of preference- U.S. House cand,Intensidad de la preferencia del votante - candidato a la Cámara de Representantes de EE. UU.
VCF9025,STRING,Voto para governador - partido,,yes,,,no,,VCF9025,Vote for governor- party,Voto para gobernador - partido
VCF9026,STRING,Voto na primária do ano presidencial - partido,,yes,,,no,,VCF9026,Vote in presidential year primary- party,Voto en la primaria del año presidencial - partido
VCF9027,STRING,Voto na eleição presidencial anterior - partido,,yes,,,no,,VCF9027,Vote in previous presidential election - party,Voto en la elección presidencial anterior - partido
VCF9028,STRING,Qual candidato presidencial vencerá no estado,,yes,,,no,,VCF9028,Which presidential candidate will win in state,Qué candidato presidencial ganará en el estado
VCF9029,STRING,Qual disputa presidencial no estado será acirrada,,yes,,,no,,VCF9029,Which presidential race in state be close,Qué contienda presidencial en el estado será reñida
VCF9030,STRING,Contatado por qual partido principal,,yes,,,no,,VCF9030,Contacted by which major party,Contactado por qué partido principal
VCF9030a,STRING,Contatado por algum partido principal,,yes,,,no,,VCF9030a,Contacted by any major party,Contactado por algún partido principal
VCF9030b,STRING,Contatado pelo Partido Democrata,,yes,,,no,,VCF9030b,Contacted by Democratic party,Contactado por el Partido Demócrata
VCF9030c,STRING,Contatado pelo Partido Republicano,,yes,,,no,,VCF9030c,Contacted by Republican party,Contactado por el Partido Republicano
VCF9031,STRING,Contatado por alguém que não os partidos,,yes,,,no,,VCF9031,Contacted by anyone other than parties,Contactado por alguien distinto a los partidos
VCF9032,STRING,"Ouve programas sobre campanhas no rádio, 4 categorias",,yes,,,no,,VCF9032,Hear programs about campaigns on the radio 4-category,"Escucha programas sobre campañas en la radio, 4 categorías"
VCF9033,STRING,Número de dias que leu jornal na última semana,,yes,,,no,,VCF9033,Number of days read newspaper in last week,Número de días que leyó el periódico en la última semana
VCF9034,STRING,Lê jornal diário,,yes,,,no,,VCF9034,Read daily newspaper,Lee el periódico diario
VCF9035,STRING,Número de dias que assistiu ao noticiário nacional na TV na última semana,,yes,,,no,,VCF9035,Number of days watched national TV news in past week,Número de días que vio el noticiero nacional en la TV en la última semana
VCF9036,STRING,Partido com maioria no Senado antes da eleição,,yes,,,no,,VCF9036,Party with Senate majority before the election,Partido con mayoría en el Senado antes de la elección
VCF9037,STRING,O governo deve garantir empregos justos para negros,,yes,,,no,,VCF9037,Government should ensure fair jobs for blacks,El gobierno debe garantizar empleos justos para los negros
VCF9038,STRING,Garantir oportunidade igual não é função do governo,,yes,,,no,,VCF9038,Guaranteed equal opportunity is not government job,Garantizar la igualdad de oportunidades no es función del gobierno
VCF9039,STRING,As condições dificultam o sucesso dos negros,,yes,,,no,,VCF9039,Conditions make it difficult for blacks to succeed,Las condiciones dificultan el éxito de los negros
VCF9040,STRING,Os negros não deveriam ter favores especiais para ter sucesso,,yes,,,no,,VCF9040,Blacks should not have special favors to succeed,Los negros no deberían tener favores especiales para tener éxito
VCF9041,STRING,Os negros devem se esforçar mais para ter sucesso,,yes,,,no,,VCF9041,Blacks must try harder to succeed,Los negros deben esforzarse más para tener éxito
VCF9042,STRING,Os negros receberam menos do que merecem nos últimos anos,,yes,,,no,,VCF9042,Blacks gotten less than they deserve over the past few years,Los negros han recibido menos de lo que merecen en los últimos años
VCF9043,STRING,"Oração nas escolas permitida, 4 categorias",,yes,,,no,,VCF9043,School prayer allowed 4-category,"Oración en las escuelas permitida, 4 categorías"
VCF9043a,STRING,"Intensidade da opinião quando oração nas escolas permitida, 4 categorias",,yes,,,no,,VCF9043a,Strength of opinion when school prayer allowed 4-category,"Intensidad de la opinión cuando la oración en las escuelas está permitida, 4 categorías"
VCF9044,STRING,"Efeito das políticas econômicas federais, 7 categorias",,yes,,,no,,VCF9044,Effect of federal economic policies 7- category,"Efecto de las políticas económicas federales, 7 categorías"
VCF9044a,STRING,"Efeito das políticas econômicas federais, 3 categorias",,yes,,,no,,VCF9044a,Effect of federal economic policies 3- category,"Efecto de las políticas económicas federales, 3 categorías"
VCF9045,STRING,Posição dos EUA mais fraca/mais forte no último ano,,yes,,,no,,VCF9045,Position of the U.S. weaker/stronger in the past year,Posición de EE. UU. más débil/más fuerte en el último año
VCF9046,STRING,Gasto federal - vale-alimentação,,yes,,,no,,VCF9046,Federal spending- food stamps,Gasto federal - cupones de alimentos
VCF9047,STRING,Gasto federal - melhorar e proteger o meio ambiente,,yes,,,no,,VCF9047,Federal spending- improve and protect the environment,Gasto federal - mejorar y proteger el medio ambiente
VCF9048,STRING,Gasto federal - espaço/ciência/tecnologia,,yes,,,no,,VCF9048,Federal spending- space/science/technology,Gasto federal - espacio/ciencia/tecnología
VCF9049,STRING,Gasto federal - previdência social,,yes,,,no,,VCF9049,Federal spending- Social Security,Gasto federal - seguridad social
VCF9050,STRING,Gasto federal - assistência a negros,,yes,,,no,,VCF9050,Federal spending- assistance to blacks,Gasto federal - asistencia a los negros
VCF9051,STRING,"Oração nas escolas permitida, 2 categorias",,yes,,,no,,VCF9051,School prayer allowed 2-category,"Oración en las escuelas permitida, 2 categorías"
VCF9052,STRING,As coisas nos EUA vão bem ou não,,yes,,,no,,VCF9052,Are things in U.S. going well or not,Las cosas en EE. UU. van bien o no
VCF9053,STRING,A renda acompanhou os custos no último ano,,yes,,,no,,VCF9053,Income kept up with costs in last year,El ingreso siguió el ritmo de los costos en el último año
VCF9054,STRING,Disputa para o Senado no estado,,yes,,,no,,VCF9054,Senate race in state,Contienda para el Senado en el estado
VCF9055,STRING,Tipo de disputa para o Senado dos EUA,,yes,,,no,,VCF9055,Type of U.S. Senate race,Tipo de contienda para el Senado de EE. UU.
VCF9056,INT64,Termômetro - candidato democrata ao Senado,,no,,degrees,no,"Missing sentinels set to NULL: 990, 996, 997, 998, 999",VCF9056,Thermometer - Senate Democratic candidate,Termómetro - candidato demócrata al Senado
VCF9057,INT64,Termômetro - candidato republicano ao Senado,,no,,degrees,no,"Missing sentinels set to NULL: 990, 996, 997, 998, 999",VCF9057,Thermometer - Senate Republican candidate,Termómetro - candidato republicano al Senado
VCF9058,INT64,Termômetro - candidato ocupante do cargo ao Senado,,no,,degrees,no,"Missing sentinels set to NULL: 990, 996, 997, 998, 999",VCF9058,Thermometer - Senate incumbent candidate,Termómetro - candidato titular del cargo al Senado
VCF9059,INT64,Termômetro - candidato desafiante ao Senado,,no,,degrees,no,"Missing sentinels set to NULL: 990, 996, 997, 998, 999",VCF9059,Thermometer - Senate challenger,Termómetro - candidato retador al Senado
VCF9060,INT64,Termômetro - senador no estado com disputa para o Senado,,no,,degrees,no,"Missing sentinels set to NULL: 996, 997, 998, 999",VCF9060,Thermometer - senator in state with Senate race,Termómetro - senador en el estado con contienda para el Senado
VCF9061,INT64,Termômetro - senador 1 no estado sem disputa para o Senado),,no,,degrees,no,"Missing sentinels set to NULL: 996, 997, 998, 999",VCF9061,Thermometer - senator 1 in state with no Senate race),Termómetro - senador 1 en el estado sin contienda para el Senado)
VCF9062,INT64,Termômetro - senador 2 no estado sem disputa para o Senado),,no,,degrees,no,"Missing sentinels set to NULL: 996, 997, 998, 999",VCF9062,Thermometer - senator 2 in state with no Senate race),Termómetro - senador 2 en el estado sin contienda para el Senado)
VCF9063,STRING,Lembra os nomes dos candidatos ao Senado dos EUA,,yes,,,no,,VCF9063,Recall names of U.S. Senate candidates,Recuerda los nombres de los candidatos al Senado de EE. UU.
VCF9064,STRING,Lembra corretamente o nome do candidato ao Senado dos EUA,,yes,,,no,,VCF9064,Recall correct name of U.S. Senate candidate,Recuerda correctamente el nombre del candidato al Senado de EE. UU.
VCF9065,STRING,Lembra corretamente o nome do candidato ao Senado dos EUA,,yes,,,no,,VCF9065,Recall correct name of U.S. Senate candidate,Recuerda correctamente el nombre del candidato al Senado de EE. UU.
VCF9066,STRING,Lembra corretamente o nome do candidato ao Senado dos EUA,,yes,,,no,,VCF9066,Recall correct name of U.S. Senate candidate,Recuerda correctamente el nombre del candidato al Senado de EE. UU.
VCF9067,STRING,Número de nomes lembrados de candidatos ao Senado dos EUA,,yes,,,no,,VCF9067,Number of recalled names of U.S. Senate candidates,Número de nombres recordados de candidatos al Senado de EE. UU.
VCF9069,STRING,Intensidade de aprova/desaprova o ocupante do cargo em disputa na Câmara dos EUA,,yes,,,no,,VCF9069,Strength approve/disapprove running U.S. House incumbent,Intensidad de aprueba/desaprueba al titular del cargo en contienda en la Cámara de EE. UU.
VCF9070,STRING,Concordância com os votos legislativos do ocupante do cargo em disputa na Câmara,,yes,,,no,,VCF9070,Agreement w/ running House incumbent’s legislative votes,Acuerdo con los votos legislativos del titular del cargo en contienda en la Cámara
VCF9071,STRING,Lembra o voto do ocupante do cargo em disputa na Câmara dos EUA em algum projeto de lei,,yes,,,no,,VCF9071,Remember running U.S. House incumbent vote on any bill,Recuerda el voto del titular del cargo en contienda en la Cámara de EE. UU. en algún proyecto de ley
VCF9072,STRING,Concorda com o voto do ocupante do cargo em disputa na Câmara dos EUA em projeto de lei,,yes,,,no,,VCF9072,Agree with running U.S. House incumbent vote on bill,Concuerda con el voto del titular del cargo en contienda en la Cámara de EE. UU. en un proyecto de ley
VCF9073,STRING,Presidente na escala de gastos com defesa,,yes,,,no,,VCF9073,President on defense spending scale,Presidente en la escala de gastos en defensa
VCF9074,STRING,Presidente na escala de cooperação com a URSS,,yes,,,no,,VCF9074,President on cooperation with ussr scale,Presidente en la escala de cooperación con la URSS
VCF9075,STRING,Presidente na escala do papel igual das mulheres,,yes,,,no,,VCF9075,President on women’s equal role scale,Presidente en la escala del papel igualitario de las mujeres
VCF9076,STRING,Presidente na escala de ajuda a negros,,yes,,,no,,VCF9076,President on aid to blacks scale,Presidente en la escala de ayuda a los negros
VCF9077,STRING,Presidente na escala de seguro-saúde do governo,,yes,,,no,,VCF9077,President on government health insurance scale,Presidente en la escala de seguro de salud del gobierno
VCF9078,STRING,Presidente na escala de gastos/serviços do governo,,yes,,,no,,VCF9078,President on government spending/services scale,Presidente en la escala de gastos/servicios del gobierno
VCF9079,STRING,Presidente na escala de empregos e sustento garantidos,,yes,,,no,,VCF9079,President on guaranteed jobs and living scale,Presidente en la escala de empleos y sustento garantizados
VCF9080,STRING,Presidente na escala liberal-conservador,,yes,,,no,,VCF9080,President on liberal-conservative scale,Presidente en la escala liberal-conservador
VCF9081,STRING,Candidato presidencial democrata - escala de gastos com defesa,,yes,,,no,,VCF9081,Democratic presidential cand- defense spending scale,Candidato presidencial demócrata - escala de gastos en defensa
VCF9082,STRING,Candidato presidencial democrata - escala de cooperação com a URSS,,yes,,,no,,VCF9082,Democratic presidential cand- cooperation with u.s.s.r. scale,Candidato presidencial demócrata - escala de cooperación con la URSS
VCF9083,STRING,Candidato presidencial democrata - escala do papel igual das mulheres,,yes,,,no,,VCF9083,Democratic presidential cand- women equal role scale,Candidato presidencial demócrata - escala del papel igualitario de las mujeres
VCF9084,STRING,Candidato presidencial democrata - escala de ajuda a negros,,yes,,,no,,VCF9084,Democratic presidential cand- aid to blacks scale,Candidato presidencial demócrata - escala de ayuda a los negros
VCF9085,STRING,Candidato presidencial democrata - escala de seguro-saúde do governo,,yes,,,no,,VCF9085,Democratic presidential cand- government health insurance scale,Candidato presidencial demócrata - escala de seguro de salud del gobierno
VCF9086,STRING,Candidato presidencial democrata - escala de serviços/gastos do governo,,yes,,,no,,VCF9086,Democratic presidential cand- government services-spending scale,Candidato presidencial demócrata - escala de servicios/gastos del gobierno
VCF9087,STRING,Candidato presidencial democrata - escala de empregos e sustento garantidos,,yes,,,no,,VCF9087,Democratic presidential cand- guaranteed jobs and living scale,Candidato presidencial demócrata - escala de empleos y sustento garantizados
VCF9088,STRING,Candidato presidencial democrata - escala liberal-conservador,,yes,,,no,,VCF9088,Democratic presidential cand- liberal- conservative scale,Candidato presidencial demócrata - escala liberal-conservador
VCF9089,STRING,Candidato presidencial republicano - escala de gastos com defesa,,yes,,,no,,VCF9089,Republican presidential cand- defense spending scale,Candidato presidencial republicano - escala de gastos en defensa
VCF9090,STRING,Candidato presidencial republicano - escala de cooperação com a URSS,,yes,,,no,,VCF9090,Republican presidential cand- cooperation with u.s.s.r. scale,Candidato presidencial republicano - escala de cooperación con la URSS
VCF9091,STRING,Candidato presidencial republicano - escala do papel igual das mulheres,,yes,,,no,,VCF9091,Republican presidential cand- women equal role scale,Candidato presidencial republicano - escala del papel igualitario de las mujeres
VCF9092,STRING,Candidato presidencial republicano - escala de ajuda aos negros,,yes,,,no,,VCF9092,Republican presidential cand- aid to blacks scale,Candidato presidencial republicano - escala de ayuda a los negros
VCF9093,STRING,Candidato presidencial republicano - escala de seguro de saúde governamental,,yes,,,no,,VCF9093,Republican presidential cand- government health insurance scale,Candidato presidencial republicano - escala de seguro de salud gubernamental
VCF9094,STRING,Candidato presidencial republicano - escala de serviços-gastos do governo,,yes,,,no,,VCF9094,Republican presidential cand- government services-spending scale,Candidato presidencial republicano - escala de servicios-gasto del gobierno
VCF9095,STRING,Candidato presidencial republicano - escala de empregos e padrão de vida garantidos,,yes,,,no,,VCF9095,Republican presidential cand- guaranteed jobs and living scale,Candidato presidencial republicano - escala de empleos y nivel de vida garantizados
VCF9096,STRING,Candidato presidencial republicano - escala liberal-conservador,,yes,,,no,,VCF9096,Republican presidential cand- liberal- conservative scale,Candidato presidencial republicano - escala liberal-conservador
VCF9097,STRING,Candidato democrata à Câmara dos Representantes dos EUA - escala de papel igualitário das mulheres,,yes,,,no,,VCF9097,Democratic U.S. House cand- women equal role scale,Candidato demócrata a la Cámara de Representantes de EE. UU. - escala de rol igualitario de las mujeres
VCF9098,STRING,Candidato democrata à Câmara dos Representantes dos EUA - escala de ajuda aos negros,,yes,,,no,,VCF9098,Democratic U.S. House cand- aid to blacks scale,Candidato demócrata a la Cámara de Representantes de EE. UU. - escala de ayuda a los negros
VCF9099,STRING,Candidato democrata à Câmara dos Representantes dos EUA - escala de serviços-gastos do governo,,yes,,,no,,VCF9099,Democratic U.S. House cand- government services-spending scale,Candidato demócrata a la Cámara de Representantes de EE. UU. - escala de servicios-gasto del gobierno
VCF9100,STRING,Candidato democrata à Câmara dos Representantes dos EUA - escala de empregos e padrão de vida garantidos,,yes,,,no,,VCF9100,Democratic U.S. House cand- guaranteed jobs and living scale,Candidato demócrata a la Cámara de Representantes de EE. UU. - escala de empleos y nivel de vida garantizados
VCF9101,STRING,Candidato democrata à Câmara dos Representantes dos EUA - escala liberal-conservador,,yes,,,no,,VCF9101,Democratic U.S. House cand- liberal- conservative scale,Candidato demócrata a la Cámara de Representantes de EE. UU. - escala liberal-conservador
VCF9102,STRING,Candidato republicano à Câmara dos Representantes dos EUA - escala de papel igualitário das mulheres,,yes,,,no,,VCF9102,Republican U.S. House cand- women equal role scale,Candidato republicano a la Cámara de Representantes de EE. UU. - escala de rol igualitario de las mujeres
VCF9103,STRING,Candidato republicano à Câmara dos Representantes dos EUA - escala de ajuda aos negros,,yes,,,no,,VCF9103,Republican U.S. House cand- aid to blacks scale,Candidato republicano a la Cámara de Representantes de EE. UU. - escala de ayuda a los negros
VCF9104,STRING,Candidato republicano à Câmara dos Representantes dos EUA - escala de serviços-gastos do governo,,yes,,,no,,VCF9104,Republican U.S. House cand- government services-spending scale,Candidato republicano a la Cámara de Representantes de EE. UU. - escala de servicios-gasto del gobierno
VCF9105,STRING,Candidato republicano à Câmara dos Representantes dos EUA - escala de empregos e padrão de vida garantidos,,yes,,,no,,VCF9105,Republican U.S. House cand- guaranteed jobs and living scale,Candidato republicano a la Cámara de Representantes de EE. UU. - escala de empleos y nivel de vida garantizados
VCF9106,STRING,Candidato republicano à Câmara dos Representantes dos EUA - escala liberal-conservador,,yes,,,no,,VCF9106,Republican U.S. House cand- liberal- conservative scale,Candidato republicano a la Cámara de Representantes de EE. UU. - escala liberal-conservador
VCF9107,STRING,Candidato ocupante do cargo à Câmara dos Representantes dos EUA - escala de papel igualitário das mulheres,,yes,,,no,,VCF9107,Incumbent U.S. House cand- women equal role scale,Candidato titular del cargo a la Cámara de Representantes de EE. UU. - escala de rol igualitario de las mujeres
VCF9108,STRING,Candidato ocupante do cargo à Câmara dos Representantes dos EUA - escala de ajuda aos negros,,yes,,,no,,VCF9108,Incumbent U.S. House cand- aid to blacks scale,Candidato titular del cargo a la Cámara de Representantes de EE. UU. - escala de ayuda a los negros
VCF9109,STRING,Candidato ocupante do cargo à Câmara dos Representantes dos EUA - escala de serviços-gastos do governo,,yes,,,no,,VCF9109,Incumbent U.S. House cand- government services-spending scale,Candidato titular del cargo a la Cámara de Representantes de EE. UU. - escala de servicios-gasto del gobierno
VCF9110,STRING,Candidato ocupante do cargo à Câmara dos Representantes dos EUA - escala de empregos e padrão de vida garantidos,,yes,,,no,,VCF9110,Incumbent U.S. House cand- guaranteed jobs and living scale,Candidato titular del cargo a la Cámara de Representantes de EE. UU. - escala de empleos y nivel de vida garantizados
VCF9111,STRING,Candidato ocupante do cargo à Câmara dos Representantes dos EUA - escala liberal-conservador,,yes,,,no,,VCF9111,Incumbent U.S. House cand- liberal- conservative scale,Candidato titular del cargo a la Cámara de Representantes de EE. UU. - escala liberal-conservador
VCF9112,STRING,Candidato desafiante ao ocupante do cargo à Câmara dos Representantes dos EUA - escala de papel igualitário das mulheres,,yes,,,no,,VCF9112,Challenger to incumbent U.S. House cand- women equal role scale,Candidato retador del titular del cargo a la Cámara de Representantes de EE. UU. - escala de rol igualitario de las mujeres
VCF9113,STRING,Candidato desafiante ao ocupante do cargo à Câmara dos Representantes dos EUA - escala de ajuda aos negros,,yes,,,no,,VCF9113,Challenger to incumbent U.S. House cand- aid to blacks scale,Candidato retador del titular del cargo a la Cámara de Representantes de EE. UU. - escala de ayuda a los negros
VCF9114,STRING,Candidato desafiante ao ocupante do cargo à Câmara dos Representantes dos EUA - escala de serviços-gastos do governo,,yes,,,no,,VCF9114,Challenger to incumbent U.S. House cand- government services-spending scale,Candidato retador del titular del cargo a la Cámara de Representantes de EE. UU. - escala de servicios-gasto del gobierno
VCF9115,STRING,Candidato desafiante ao ocupante do cargo à Câmara dos Representantes dos EUA - escala de empregos e padrão de vida garantidos,,yes,,,no,,VCF9115,Challenger to incumbent U.S. House cand- guaranteed jobs and living scale,Candidato retador del titular del cargo a la Cámara de Representantes de EE. UU. - escala de empleos y nivel de vida garantizados
VCF9116,STRING,Candidato desafiante ao ocupante do cargo à Câmara dos Representantes dos EUA - escala liberal-conservador,,yes,,,no,,VCF9116,Challenger to incumbent U.S. House cand- liberal-conservative scale,Candidato retador del titular del cargo a la Cámara de Representantes de EE. UU. - escala liberal-conservador
VCF9117,STRING,Governo federal quanto à cooperação com a URSS - escala,,yes,,,no,,VCF9117,Federal government on cooperation with ussr scale,Gobierno federal sobre la cooperación con la URSS - escala
VCF9118,STRING,Governo federal quanto aos gastos com defesa - escala,,yes,,,no,,VCF9118,Federal government on defense spending scale,Gobierno federal sobre el gasto en defensa - escala
VCF9119,STRING,Governo federal quanto à ajuda aos negros - escala,,yes,,,no,,VCF9119,Federal government on aid to blacks scale,Gobierno federal sobre la ayuda a los negros - escala
VCF9120,STRING,Governo federal quanto a serviços/gastos do governo - escala,,yes,,,no,,VCF9120,Federal government on government services/spending scale,Gobierno federal sobre servicios/gasto del gobierno - escala
VCF9121,STRING,Governo federal quanto a empregos e padrão de vida garantidos - escala,,yes,,,no,,VCF9121,Federal government on guaranteed jobs and living scale,Gobierno federal sobre empleos y nivel de vida garantizados - escala
VCF9122,STRING,Número de adultos politicamente elegíveis no domicílio,,yes,,,no,,VCF9122,Number of politically eligible adults in hh,Número de adultos políticamente elegibles en el hogar
VCF9123,STRING,Número de contatos do entrevistador na pré-eleição,,yes,,,no,,VCF9123,Number of pre-election interviewer calls,Número de contactos del entrevistador antes de la elección
VCF9124,STRING,Número de contatos do entrevistador na pós-eleição,,yes,,,no,,VCF9124,Number of post-election interviewer calls,Número de contactos del entrevistador después de la elección
VCF9125,STRING,Carta de persuasão pós-eleição 1978-2012,,yes,,,no,,VCF9125,Post-election persuasion letter 1978-2012,Carta de persuasión postelectoral 1978-2012
VCF9131,STRING,Menos governo é melhor ou o governo deve fazer mais,,yes,,,no,,VCF9131,Less government better or government do more,Menos gobierno es mejor o el gobierno debe hacer más
VCF9132,STRING,Governo deve cuidar da economia ou o livre mercado pode cuidar,,yes,,,no,,VCF9132,Govt handle economy or free market can handle,El gobierno debe manejar la economía o el libre mercado puede hacerlo
VCF9133,STRING,Governo envolvido demais nas coisas ou os problemas exigem,,yes,,,no,,VCF9133,Govt too involved in things or problems require,El gobierno está demasiado involucrado en las cosas o los problemas requieren
VCF9134,STRING,Mais importante ser cooperativo ou autossuficiente,,yes,,,no,,VCF9134,More important to be cooperative or self- reliant,Más importante ser cooperativo o autosuficiente
VCF9149,STRING,Número do cartório eleitoral,,yes,,,no,,VCF9149,Election office number,Número de la oficina electoral
VCF9150,STRING,Situação de registro do entrevistado (autodeclarada),,yes,,,no,,VCF9150,R registration status (self-reported),Estado de registro del entrevistado (autodeclarado)
VCF9151,STRING,Comparecimento eleitoral do entrevistado (autodeclarado),,yes,,,no,,VCF9151,R turnout (self-reported),Participación electoral del entrevistado (autodeclarada)
VCF9152,STRING,Tentativa de validação do registro,,yes,,,no,,VCF9152,Attempted validation of registration,Intento de validación del registro
VCF9153,STRING,Situação dos registros de votação do cartório,,yes,,,no,,VCF9153,Status of office voting records,Estado de los registros de votación de la oficina
VCF9154,STRING,O registro do entrevistado foi validado,,yes,,,no,,VCF9154,Was r registration validated,Se validó el registro del entrevistado
VCF9155,STRING,O voto do entrevistado foi validado,,yes,,,no,,VCF9155,Was r vote validated,Se validó el voto del entrevistado
VCF9201,STRING,CSES: posição na escala gosta-não gosta (11pt) para o Partido Democrata,,yes,,,no,,VCF9201,Cses: like-dislike (11pt) scale placement for Democratic party,CSES: ubicación en la escala gusta-no gusta (11pt) para el Partido Demócrata
VCF9202,STRING,CSES: posição na escala gosta-não gosta (11pt) para o Partido Republicano,,yes,,,no,,VCF9202,Cses: like-dislike (11pt) scale placement for Republican party,CSES: ubicación en la escala gusta-no gusta (11pt) para el Partido Republicano
VCF9203,STRING,CSES: algum dos partidos nos EUA representa razoavelmente bem a visão do entrevistado,,yes,,,no,,VCF9203,Cses: do any of the parties in the U.S. represent r’s view reasonably well,CSES: alguno de los partidos en EE. UU. representa razonablemente bien la opinión del entrevistado
VCF9204,STRING,CSES: qual partido político representa melhor as visões do entrevistado,,yes,,,no,,VCF9204,Cses: which political party is it that represents r’s views best,CSES: qué partido político representa mejor las opiniones del entrevistado
VCF9205,STRING,Qual partido faria um trabalho melhor com a economia do país,,yes,,,no,,VCF9205,Which party would do a better job handling the nation’s economy,Qué partido haría un mejor trabajo manejando la economía del país
VCF9206,STRING,Melhor quando um partido controla tanto a presidência quanto o Congresso dos EUA ou quando,,yes,,,no,,VCF9206,Better when one party controls both the presidency and U.S. Congress or when,Mejor cuando un partido controla tanto la presidencia como el Congreso de EE. UU. o cuando
VCF9207,STRING,CSES: posição na escala gosta-não gosta (11pt) para o candidato presidencial democrata,,yes,,,no,,VCF9207,Cses: like-dislike (11pt) scale placement for Democratic presidential candidate,CSES: ubicación en la escala gusta-no gusta (11pt) para el candidato presidencial demócrata
VCF9208,STRING,CSES: posição na escala gosta-não gosta (11pt) para o candidato presidencial republicano,,yes,,,no,,VCF9208,Cses: like-dislike (11pt) scale placement for Republican presidential candidate,CSES: ubicación en la escala gusta-no gusta (11pt) para el candidato presidencial republicano
VCF9209,STRING,"Quão bem ""oferece liderança forte"" descreve: candidato presidencial democrata",,yes,,,no,,VCF9209,How well does provides strong leadership describe: Democratic presidential candidate,"Qué tan bien ""ofrece un liderazgo fuerte"" describe: candidato presidencial demócrata"
VCF9210,STRING,"Quão bem ""realmente se importa com pessoas como você"" descreve: presidencial democrata",,yes,,,no,,VCF9210,How well does really cares about people like you describe: Democratic presidential,"Qué tan bien ""realmente se preocupa por personas como usted"" describe: presidencial demócrata"
VCF9211,STRING,"Quão bem ""é bem informado"" descreve: candidato presidencial democrata (no rb, 5",,yes,,,no,,VCF9211,"How well does knowledgeable describe: Democratic presidential candidate (no rb, 5","Qué tan bien ""es conocedor"" describe: candidato presidencial demócrata (no rb, 5"
VCF9212,STRING,"Quão bem ""honesto"" descreve: candidato presidencial democrata (no rb, 5 cat)",,yes,,,no,,VCF9212,"How well does honest describe: Democratic presidential candidate (no rb, 5 cat)","Qué tan bien ""honesto"" describe: candidato presidencial demócrata (no rb, 5 cat)"
VCF9213,STRING,"Quão bem ""oferece liderança forte"" descreve: candidato presidencial republicano",,yes,,,no,,VCF9213,How well does provides strong leadership describe: Republican presidential candidate,"Qué tan bien ""ofrece un liderazgo fuerte"" describe: candidato presidencial republicano"
VCF9214,STRING,"Quão bem ""realmente se importa com pessoas como você"" descreve: presidencial republicano",,yes,,,no,,VCF9214,How well does really cares about people like you describe: Republican presidential,"Qué tan bien ""realmente se preocupa por personas como usted"" describe: presidencial republicano"
VCF9215,STRING,"Quão bem ""é bem informado"" descreve:",,yes,,,no,,VCF9215,How well does knowledgeable describe:,"Qué tan bien ""es conocedor"" describe:"
VCF9216,STRING,"Quão bem ""honesto"" descreve: candidato presidencial republicano (no rb, 5 cat)",,yes,,,no,,VCF9216,"How well does honest describe: Republican presidential candidate (no rb, 5 cat)","Qué tan bien ""honesto"" describe: candidato presidencial republicano (no rb, 5 cat)"
VCF9217,STRING,O entrevistado aprova ou desaprova a maneira como o atual presidente dos EUA está conduzindo os assuntos externos,,yes,,,no,,VCF9217,Does r approve or disapprove of the way current U.S. president is handling foreign,El entrevistado aprueba o desaprueba la manera como el actual presidente de EE. UU. está manejando los asuntos exteriores
VCF9218,STRING,O entrevistado aprova ou desaprova a maneira como o atual presidente dos EUA está conduzindo a saúde,,yes,,,no,,VCF9218,Does r approve or disapprove of the way current U.S. president is handling health care,El entrevistado aprueba o desaprueba la manera como el actual presidente de EE. UU. está manejando la atención médica
VCF9219,STRING,"Retrospectiva do atual presidente dos EUA: EUA mais ou menos seguros, ou sem mudança",,yes,,,no,,VCF9219,"Current U.S. president retrospective: U.S. more or less secure, or not changed","Retrospectiva del actual presidente de EE. UU.: EE. UU. más o menos seguro, o sin cambios"
VCF9220,STRING,"Retrospectiva do atual presidente dos EUA (desde o início do mandato): economia melhor, pior, ou",,yes,,,no,,VCF9220,"Current U.S. president retrospective (since beginning of term): economy better, worse, or","Retrospectiva del actual presidente de EE. UU. (desde el inicio del mandato): economía mejor, peor, o"
VCF9221,STRING,CSES: quão bom ou ruim foi o trabalho do governo em geral ao longo do último,,yes,,,no,,VCF9221,Cses: how good or bad a job has the government done in general over the last,CSES: qué tan bueno o malo ha sido el trabajo del gobierno en general durante el último
VCF9222,STRING,As coisas neste país estão no caminho certo ou saíram seriamente do rumo no,,yes,,,no,,VCF9222,Are things in this country on the right track or have things seriously gotten off on the,Las cosas en este país van por buen camino o se han desviado seriamente en el
VCF9223,STRING,Qual a probabilidade de que os níveis recentes de imigração tirem empregos de pessoas que já estão aqui,,yes,,,no,,VCF9223,How likely is it that recent immigration levels will take jobs away from people already here,Qué tan probable es que los niveles recientes de inmigración quiten empleos a las personas que ya están aquí
VCF9224,STRING,O entrevistado tem investimentos no mercado de ações,,yes,,,no,,VCF9224,Is r invested in the stock market,El entrevistado tiene inversiones en el mercado de valores
VCF9225,STRING,"O desemprego no país melhorou, permaneceu igual, ou piorou em",,yes,,,no,,VCF9225,"Has unemployment in the country gotten better, stayed the same, or gotten worse in","El desempleo en el país mejoró, se mantuvo igual, o empeoró en"
VCF9226,STRING,Muito ou um pouco que o nível de desemprego melhorou/piorou,,yes,,,no,,VCF9226,Much or somewhat that the level of unemployment has gotten better/worse,Mucho o algo que el nivel de desempleo mejoró/empeoró
VCF9227,STRING,"O entrevistado acha que a diferença de renda entre ricos e pobres nos EUA é maior,",,yes,,,no,,VCF9227,"Does r think the difference in incomes between rich and poor in the U.S. is larger,","El entrevistado cree que la diferencia de ingresos entre ricos y pobres en EE. UU. es mayor,"
VCF9228,STRING,Muito ou um pouco maior/menor diferença de renda entre ricos e pobres nos EUA do que,,yes,,,no,,VCF9228,Much or somewhat larger/smaller gap in incomes between rich and poor in the U.S. than,Mucho o algo mayor/menor brecha de ingresos entre ricos y pobres en EE. UU. que
VCF9229,STRING,"O desemprego vai melhorar, permanecer igual, ou piorar nos próximos 12 meses",,yes,,,no,,VCF9229,"Will unemployment get better, stay the same, or get worse in the next 12 months","El desempleo mejorará, se mantendrá igual, o empeorará en los próximos 12 meses"
VCF9230,STRING,"O governo federal deveria incentivar ou desestimular empresas americanas a substituir trabalhadores dos EUA por trabalhadores estrangeiros, ou permanecer",,yes,,,no,,VCF9230,"Should the federal government encourage or discourage american companies to replace U.S. workers with foreign workers, or stay","El gobierno federal debería alentar o desalentar a las empresas estadounidenses a reemplazar trabajadores de EE. UU. por trabajadores extranjeros, o mantenerse"
VCF9231,STRING,O entrevistado é a favor ou contra impor limites às importações para proteger empregos americanos (or haven't,,yes,,,no,,VCF9231,Does r favor or oppose placing limits on imports to protect american jobs (or haven’t,El entrevistado está a favor o en contra de imponer límites a las importaciones para proteger empleos estadounidenses (or haven't
VCF9232,STRING,O entrevistado é a favor ou contra o governo dos EUA torturar pessoas suspeitas de serem,,yes,,,no,,VCF9232,Does r favor or oppose the U.S. government torturing people who are suspected of being,El entrevistado está a favor o en contra de que el gobierno de EE. UU. torture a personas sospechosas de ser
VCF9233,STRING,Quanto o entrevistado é a favor/contra o uso de tortura pelo governo dos EUA [of those suspected of being,,yes,,,no,,VCF9233,How much does r favor/oppose use of U.S. govt torture [of those suspected of being,Cuánto el entrevistado favorece/se opone al uso de tortura por el gobierno de EE. UU. [of those suspected of being
VCF9234,STRING,Posicionamento sobre a questão do aborto para o candidato presidencial democrata,,yes,,,no,,VCF9234,Abortion issue placement for Democratic presidential candidate,Ubicación en el tema del aborto para el candidato presidencial demócrata
VCF9235,STRING,Posicionamento sobre a questão do aborto para o candidato presidencial republicano,,yes,,,no,,VCF9235,Abortion issue placement for Republican presidential candidate,Ubicación en el tema del aborto para el candidato presidencial republicano
VCF9236,STRING,O entrevistado é a favor ou contra a pena de morte para pessoas condenadas por homicídio,,yes,,,no,,VCF9236,Does r favor or oppose the death penalty for persons convicted of murder,El entrevistado está a favor o en contra de la pena de muerte para personas condenadas por homicidio
VCF9237,STRING,Entrevistado fortemente ou não fortemente a favor/contra a pena de morte para pessoas condenadas por,,yes,,,no,,VCF9237,R strongly or not strongly favor/oppose the death penalty for persons convicted of,Entrevistado fuertemente o no fuertemente a favor/en contra de la pena de muerte para personas condenadas por
VCF9238,STRING,"O governo deveria tornar mais difícil ou mais fácil comprar uma arma, ou as regras deveriam",,yes,,,no,,VCF9238,"Should the government make it more difficult or easier to buy a gun, or should the rules","El gobierno debería hacer más difícil o más fácil comprar un arma, o las reglas deberían"
VCF9239,STRING,Quão importante é a questão do controle de armas para o entrevistado,,yes,,,no,,VCF9239,How important is gun control issue to r,Qué tan importante es el tema del control de armas para el entrevistado
VCF9240,STRING,CSES: posição na escala esquerda-direita (11pt) para o entrevistado,,yes,,,no,,VCF9240,Cses: left-right (11pt) scale placement for r,CSES: ubicación en la escala izquierda-derecha (11pt) para el entrevistado
VCF9241,STRING,CSES: posição na escala esquerda-direita (11pt) para o Partido Democrata,,yes,,,no,,VCF9241,Cses: left-right (11pt) scale placement for Democratic party,CSES: ubicación en la escala izquierda-derecha (11pt) para el Partido Demócrata
VCF9242,STRING,CSES: posição na escala esquerda-direita (11pt) para o Partido Republicano,,yes,,,no,,VCF9242,Cses: left-right (11pt) scale placement for Republican party,CSES: ubicación en la escala izquierda-derecha (11pt) para el Partido Republicano
VCF9243,STRING,O entrevistado se consideraria um cristão renascido / se considera um cristão renascido / teve a profunda experiência religiosa descrita como,,yes,,,no,,VCF9243,Would r call self a born-again Christian /consider self a born-again Christian / had the deep religious experience described as,El entrevistado se llamaría a sí mismo un cristiano renacido / se considera un cristiano renacido / tuvo la profunda experiencia religiosa descrita como
VCF9244,STRING,Com que frequência o entrevistado pode confiar nas pessoas,,yes,,,no,,VCF9244,How often can r trust people,Con qué frecuencia el entrevistado puede confiar en las personas
VCF9245,STRING,Quão satisfeito o entrevistado está com a própria vida,,yes,,,no,,VCF9245,How satisfied is r with r’s life,Qué tan satisfecho está el entrevistado con su vida
VCF9246,STRING,O que é mais importante uma criança ter: curiosidade ou boas maneiras,,yes,,,no,,VCF9246,Which is more important for a child to have: curiosity or good manners,Qué es más importante que un niño tenga: curiosidad o buenos modales
VCF9247,STRING,O que é mais importante uma criança ter: obediência ou autossuficiência,,yes,,,no,,VCF9247,Which is more important for a child to have: obedience or self-reliance,Qué es más importante que un niño tenga: obediencia o autosuficiencia
VCF9248,STRING,O que é mais importante uma criança ser: atenciosa ou bem-comportada,,yes,,,no,,VCF9248,Which is more important for a child to be: considerate or well-behaved,Qué es más importante que un niño sea: considerado o bien portado
VCF9249,STRING,O que é mais importante uma criança ter: independência ou respeito aos mais velhos,,yes,,,no,,VCF9249,Which is more important for a child to have: independence or respect for elders,Qué es más importante que un niño tenga: independencia o respeto a los mayores
VCF9250,STRING,CSES: em quem se vota faz uma grande diferença - posição na escala (5pt) para o entrevistado,,yes,,,no,,VCF9250,Cses: who votes for makes a big diffence - (5pt) scale placement for r,CSES: por quién se vota hace una gran diferencia - ubicación en la escala (5pt) para el entrevistado
VCF9251,STRING,Quão bem o entrevistado entende as questões políticas importantes que o país enfrenta,,yes,,,no,,VCF9251,How well does r understand the important political issues facing our country,Qué tan bien entiende el entrevistado los temas políticos importantes que enfrenta el país
VCF9252,STRING,Com que frequência a política e o governo parecem tão complicados que o entrevistado não consegue realmente,,yes,,,no,,VCF9252,How often do politics and government seem so complicated that r can’t really,Con qué frecuencia la política y el gobierno parecen tan complicados que el entrevistado no puede realmente
VCF9253,STRING,CSES: faz grande diferença quem está no poder - posição na escala (5pt) para o entrevistado,,yes,,,no,,VCF9253,Cses: make big difference who is in power (5pt) scale placement for r,CSES: hace gran diferencia quién está en el poder - ubicación en la escala (5pt) para el entrevistado
VCF9254,STRING,CSES: quão satisfeito o entrevistado está com o funcionamento da democracia nos EUA (4cat: satisfied-,,yes,,,no,,VCF9254,Cses: how satisfied is r with the way democracy works in the U.S. (4cat: satisfied-,CSES: qué tan satisfecho está el entrevistado con el funcionamiento de la democracia en EE. UU. (4cat: satisfied-
VCF9255,STRING,CSES: quão satisfeito o entrevistado está com o funcionamento da democracia nos EUA (4cat: very,,yes,,,no,,VCF9255,Cses: how satisfied is r with the way democracy works in the U.S. (4cat: very,CSES: qué tan satisfecho está el entrevistado con el funcionamiento de la democracia en EE. UU. (4cat: very
VCF9256,STRING,O entrevistado conseguiu dedicar algum tempo a trabalho voluntário nos últimos 12 meses,,yes,,,no,,VCF9256,Was r able to devote any time to volunteer work in the last 12 months,El entrevistado pudo dedicar algo de tiempo a trabajo voluntario en los últimos 12 meses
VCF9257,STRING,O entrevistado trabalhou com outras pessoas para lidar com uma questão na comunidade durante os últimos 12 meses,,yes,,,no,,VCF9257,Has r worked with others to deal with issue in community during the past 12 months,El entrevistado trabajó con otros para abordar un problema en la comunidad durante los últimos 12 meses
VCF9258,STRING,O entrevistado compareceu a uma reunião sobre uma questão na comunidade ou escolas durante os últimos 12,,yes,,,no,,VCF9258,Did r attend a meeting about an issue in community or schools during the past 12,El entrevistado asistió a una reunión sobre un tema en la comunidad o escuelas durante los últimos 12
VCF9259,STRING,Com que frequência o entrevistado acompanha informações sobre política e governo,,yes,,,no,,VCF9259,How often does r follow information about politics and government,Con qué frecuencia el entrevistado sigue información sobre política y gobierno
VCF9260,STRING,Que cargo ou função ocupa o presidente da Câmara dos Representantes dos EUA mencionado,,yes,,,no,,VCF9260,What job or office is held by named speaker of the U.S. House,Qué cargo o puesto ocupa el presidente de la Cámara de Representantes de EE. UU. mencionado
VCF9261,STRING,Que cargo ou função ocupa o vice-presidente mencionado,,yes,,,no,,VCF9261,What job or office is held by named vice- president,Qué cargo o puesto ocupa el vicepresidente mencionado
VCF9262,STRING,Que cargo ou função ocupa o presidente da Suprema Corte dos EUA mencionado,,yes,,,no,,VCF9262,What job or office is held by named chief justice of the U.S. Supreme Court,Qué cargo o puesto ocupa el presidente de la Corte Suprema de EE. UU. mencionado
VCF9263,STRING,Qual era o partido do candidato concorrente ao qual o entrevistado deu dinheiro,,yes,,,no,,VCF9263,What was the party of the running candidate to which r gave money,Cuál era el partido del candidato contendiente al que el entrevistado dio dinero
VCF9264,STRING,Qual era o partido político ao qual o entrevistado deu dinheiro,,yes,,,no,,VCF9264,What was the political party to which r gave money,Cuál era el partido político al que el entrevistado dio dinero
VCF9265,STRING,Pré-eleição: o entrevistado votou na eleição primária presidencial estadual ou caucus,,yes,,,no,,VCF9265,Pre-election: did r vote in the state presidential primary election or caucus,Preelección: el entrevistado votó en la elección primaria presidencial estatal o caucus
VCF9266,STRING,"(entrevistados hispânicos) para informações sobre política, o entrevistado obtém a maior parte das informações de televisão, rádio em espanhol ou inglês, e",,yes,,,no,,VCF9266,"(Hispanic rs) for information about politics does r get the most information from spanish or english language television, radio, and","(entrevistados hispanos) para información sobre política, el entrevistado obtiene la mayor parte de la información de televisión, radio en español o inglés, y"
VCF9267,INT64,Termômetro para: muçulmanos,,no,,degrees,no,,VCF9267,Thermometer for: muslims,Termómetro para: musulmanes
VCF9268,INT64,Termômetro para: pessoas ricas,,no,,degrees,no,,VCF9268,Thermometer for: rich people,Termómetro para: personas ricas
VCF9269,INT64,Termômetro para: cristãos,,no,,degrees,no,,VCF9269,Thermometer for: christians,Termómetro para: cristianos
VCF9270,STRING,Posição na escala trabalhador-preguiçoso (7pt) para brancos,,yes,,,no,,VCF9270,Hardworking-lazy (7pt) scale placement for whites,Ubicación en la escala trabajador-perezoso (7pt) para blancos
VCF9271,STRING,Posição na escala trabalhador-preguiçoso (7pt) para negros,,yes,,,no,,VCF9271,Hardworking-lazy (7pt) scale placement for blacks,Ubicación en la escala trabajador-perezoso (7pt) para negros
VCF9272,STRING,Posição na escala trabalhador-preguiçoso (7pt) para,,yes,,,no,,VCF9272,Hardworking-lazy (7pt) scale placement for,Ubicación en la escala trabajador-perezoso (7pt) para
VCF9273,STRING,Posição na escala trabalhador-preguiçoso (7pt) para asiático-americanos,,yes,,,no,,VCF9273,Hardworking-lazy (7pt) scale placement for Asian americans,Ubicación en la escala trabajador-perezoso (7pt) para asiático-estadounidenses
VCF9274,STRING,"Na vida e na política americanas, os negros têm influência demais, na medida certa, ou muito",,yes,,,no,,VCF9274,"In american life and politics, do blacks have too much, about the right amount of, or too","En la vida y la política estadounidenses, los negros tienen demasiada influencia, la cantidad adecuada, o muy"
VCF9275,STRING,"Na política americana, os negros têm influência demais, na medida certa, ou pouca demais",,yes,,,no,,VCF9275,"In american politics, do blacks have too much, about the right amount of, or too little","En la política estadounidense, los negros tienen demasiada influencia, la cantidad adecuada, o muy poca"
VCF9277,STRING,"O entrevistado que trabalha/está temporariamente afastado trabalha para outra pessoa, por conta própria, ou o quê",,yes,,,no,,VCF9277,"Does working/temporarily laid off r work for someone else, self, or what","El entrevistado que trabaja/está temporalmente cesanteado trabaja para otra persona, por cuenta propia, o qué"
VCF9278,STRING,"O entrevistado que trabalha/está temporariamente afastado trabalha para o governo federal, estadual ou local",,yes,,,no,,VCF9278,"Does working/temporarily laid off r work for the federal, state, or local government","El entrevistado que trabaja/está temporalmente cesanteado trabaja para el gobierno federal, estatal o local"
VCF9279,STRING,"O entrevistado se considera heterossexual, homossexual ou [gay/lésbica], ou",,yes,,,no,,VCF9279,"Does r consider self to be heterosexual or straight, homosexual or [gay/lesbian], or","El entrevistado se considera heterosexual, homosexual o [gay/lesbiana], o"
VCF9280,STRING,O entrevistado conhece alguém entre familiares e amigos que seja bissexual ou gay,,yes,,,no,,VCF9280,Does r know anyone among family and friends who is bisexual or gay,El entrevistado conoce a alguien entre familiares y amigos que sea bisexual o gay
VCF9281,STRING,O entrevistado tem algum (1994: some) tipo de seguro de saúde,,yes,,,no,,VCF9281,Does r have any (1994: some) kind of health insurance,El entrevistado tiene algún (1994: some) tipo de seguro de salud
VCF9282,STRING,O entrevistado mora com familiares,,yes,,,no,,VCF9282,Is r living with family members,El entrevistado vive con familiares
