chave_truncada,id_municipio,gex,sigla_uf,nome
02001-AL-Água Branca,2700102,02001,AL,Água Branca
02002-AL-Anadia,2700201,02002,AL,Anadia
02003-AL-Arapiraca,2700300,02003,AL,Arapiraca
02004-AL-Atalaia,2700409,02004,AL,Atalaia
02005-AL-Barra de Sa,2700508,02005,AL,Barra de Santo Antônio
02006-AL-Barra de Sã,2700607,02006,AL,Barra de São Miguel
02007-AL-Batalha,2700706,02007,AL,Batalha
02008-AL-Belém,2700805,02008,AL,Belém
02009-AL-Belo Monte,2700904,02009,AL,Belo Monte
02010-AL-Boca da Mat,2701001,02010,AL,Boca da Mata
02011-AL-Branquinha,2701100,02011,AL,Branquinha
02012-AL-Cacimbinhas,2701209,02012,AL,Cacimbinhas
02013-AL-Cajueiro,2701308,02013,AL,Cajueiro
02014-AL-Campo Alegr,2701407,02014,AL,Campo Alegre
02015-AL-Campo Grand,2701506,02015,AL,Campo Grande
02016-AL-Canapi,2701605,02016,AL,Canapi
02017-AL-Capela,2701704,02017,AL,Capela
02018-AL-Carneiros,2701803,02018,AL,Carneiros
02019-AL-Chã Preta,2701902,02019,AL,Chã Preta
02020-AL-Coité do Nó,2702009,02020,AL,Coité do Nóia
02021-AL-Colônia Leo,2702108,02021,AL,Colônia Leopoldina
02022-AL-Coqueiro Se,2702207,02022,AL,Coqueiro Seco
02023-AL-Coruripe,2702306,02023,AL,Coruripe
02024-AL-Delmiro Gou,2702405,02024,AL,Delmiro Gouveia
02025-AL-Dois Riacho,2702504,02025,AL,Dois Riachos
02026-AL-Feira Grand,2702603,02026,AL,Feira Grande
02027-AL-Feliz Deser,2702702,02027,AL,Feliz Deserto
02028-AL-Flexeiras,2702801,02028,AL,Flexeiras
02029-AL-Girau do Po,2702900,02029,AL,Girau do Ponciano
02030-AL-Ibateguara,2703007,02030,AL,Ibateguara
02031-AL-Igaci,2703106,02031,AL,Igaci
02032-AL-Igreja Nova,2703205,02032,AL,Igreja Nova
02033-AL-Inhapi,2703304,02033,AL,Inhapi
02034-AL-Jacaré dos ,2703403,02034,AL,Jacaré dos Homens
02035-AL-Jacuípe,2703502,02035,AL,Jacuípe
02036-AL-Japaratinga,2703601,02036,AL,Japaratinga
02037-AL-Jaramataia,2703700,02037,AL,Jaramataia
02038-AL-Joaquim Gom,2703809,02038,AL,Joaquim Gomes
02039-AL-Jundiá,2703908,02039,AL,Jundiá
02040-AL-Junqueiro,2704005,02040,AL,Junqueiro
02041-AL-Lagoa da Ca,2704104,02041,AL,Lagoa da Canoa
02042-AL-Limoeiro de,2704203,02042,AL,Limoeiro de Anadia
02043-AL-Maceió,2704302,02043,AL,Maceió
02044-AL-Major Isido,2704401,02044,AL,Major Isidoro
02045-AL-Maragogi,2704500,02045,AL,Maragogi
02046-AL-Maravilha,2704609,02046,AL,Maravilha
02047-AL-Marechal De,2704708,02047,AL,Marechal Deodoro
02048-AL-Maribondo,2704807,02048,AL,Maribondo
02049-AL-Mar Vermelh,2704906,02049,AL,Mar Vermelho
02050-AL-Mata Grande,2705002,02050,AL,Mata Grande
02051-AL-Matriz de C,2705101,02051,AL,Matriz de Camaragibe
02052-AL-Messias,2705200,02052,AL,Messias
02053-AL-Minador do ,2705309,02053,AL,Minador do Negrão
02054-AL-Monteirópol,2705408,02054,AL,Monteirópolis
02055-AL-Murici,2705507,02055,AL,Murici
02056-AL-Novo Lino,2705606,02056,AL,Novo Lino
02057-AL-Olho d Água,2705705,02057,AL,Olho d Água das Flores
02058-AL-Olho d Água,2705804,02058,AL,Olho d Água do Casado
02059-AL-Olho d Água,2705903,02059,AL,Olho d Água Grande
02060-AL-Olivença,2706000,02060,AL,Olivença
02061-AL-Ouro Branco,2706109,02061,AL,Ouro Branco
02062-AL-Palestina,2706208,02062,AL,Palestina
02063-AL-Palmeira do,2706307,02063,AL,Palmeira dos Índios
02064-AL-Pão de Açúc,2706406,02064,AL,Pão de Açúcar
02065-AL-Passo de Ca,2706505,02065,AL,Passo de Camaragibe
02066-AL-Paulo Jacin,2706604,02066,AL,Paulo Jacinto
02067-AL-Penedo,2706703,02067,AL,Penedo
02068-AL-Piaçabuçu,2706802,02068,AL,Piaçabuçu
02069-AL-Pilar,2706901,02069,AL,Pilar
02070-AL-Pindoba,2707008,02070,AL,Pindoba
02071-AL-Piranhas,2707107,02071,AL,Piranhas
02072-AL-Poço das Tr,2707206,02072,AL,Poço das Trincheiras
02073-AL-Porto Calvo,2707305,02073,AL,Porto Calvo
02074-AL-Porto de Pe,2707404,02074,AL,Porto de Pedras
02075-AL-Porto Real ,2707503,02075,AL,Porto Real do Colégio
02076-AL-Quebrangulo,2707602,02076,AL,Quebrangulo
02077-AL-Rio Largo,2707701,02077,AL,Rio Largo
02078-AL-Roteiro,2707800,02078,AL,Roteiro
02079-AL-Santa Luzia,2707909,02079,AL,Santa Luzia do Norte
02080-AL-Santana do ,2708006,02080,AL,Santana do Ipanema
02081-AL-Santana do ,2708105,02081,AL,Santana do Mundaú
02082-AL-São Brás,2708204,02082,AL,São Brás
02083-AL-São José da,2708303,02083,AL,São José da Laje
02084-AL-São José da,2708402,02084,AL,São José da Tapera
02085-AL-São Luís do,2708501,02085,AL,São Luís do Quitunde
02086-AL-São Miguel ,2708600,02086,AL,São Miguel dos Campos
02087-AL-São Miguel ,2708709,02087,AL,São Miguel dos Milagres
02088-AL-São Sebasti,2708808,02088,AL,São Sebastião
02089-AL-Satuba,2708907,02089,AL,Satuba
02090-AL-Tanque d Ar,2709004,02090,AL,Tanque d Arca
02091-AL-Taquarana,2709103,02091,AL,Taquarana
02092-AL-Traipu,2709202,02092,AL,Traipu
02093-AL-União dos P,2709301,02093,AL,União dos Palmares
02094-AL-Viçosa,2709400,02094,AL,Viçosa
02095-AL-Craíbas,2702355,02095,AL,Craíbas
02096-AL-Senador Rui,2708956,02096,AL,Senador Rui Palmeira
02097-AL-Teotônio Vi,2709152,02097,AL,Teotônio Vilela
02098-AL-Pariconha,2706422,02098,AL,Pariconha
02099-AL-Paripueira,2706448,02099,AL,Paripueira
02100-AL-Estrela de ,2702553,02100,AL,Estrela de Alagoas
02101-AL-Campestre,2701357,02101,AL,Campestre
02102-AL-Jequia da P,2703759,02102,AL,Jequia da Praia
03001-AM-Novo Airão,1303205,03001,AM,Novo Airão
03002-AM-Anori,1300102,03002,AM,Anori
03003-AM-Atalaia do ,1300201,03003,AM,Atalaia do Norte
03004-AM-Autazes,1300300,03004,AM,Autazes
03005-AM-Barcelos,1300409,03005,AM,Barcelos
03006-AM-Barreirinha,1300508,03006,AM,Barreirinha
03007-AM-Benjamin Co,1300607,03007,AM,Benjamin Constant
03008-AM-Boca do Acr,1300706,03008,AM,Boca do Acre
03009-AM-Borba,1300805,03009,AM,Borba
03010-AM-Canutama,1300904,03010,AM,Canutama
03011-AM-Carauari,1301001,03011,AM,Carauari
03012-AM-Careiro,1301100,03012,AM,Careiro
03013-AM-Coari,1301209,03013,AM,Coari
03014-AM-Codajás,1301308,03014,AM,Codajás
03015-AM-Eirunepé,1301407,03015,AM,Eirunepé
03016-AM-Envira,1301506,03016,AM,Envira
03017-AM-Fonte Boa,1301605,03017,AM,Fonte Boa
03018-AM-Humaitá,1301704,03018,AM,Humaitá
03019-AM-Santa Isabe,1303601,03019,AM,Santa Isabel do Rio Negro
03020-AM-Ipixuna,1301803,03020,AM,Ipixuna
03021-AM-Itacoatiara,1301902,03021,AM,Itacoatiara
03022-AM-Itapiranga,1302009,03022,AM,Itapiranga
03023-AM-Japurá,1302108,03023,AM,Japurá
03024-AM-Juruá,1302207,03024,AM,Juruá
03025-AM-Jutaí,1302306,03025,AM,Jutaí
03026-AM-Lábrea,1302405,03026,AM,Lábrea
03027-AM-Manacapuru,1302504,03027,AM,Manacapuru
03028-AM-Manaus,1302603,03028,AM,Manaus
03029-AM-Manicoré,1302702,03029,AM,Manicoré
03030-AM-Maraã,1302801,03030,AM,Maraã
03031-AM-Maués,1302900,03031,AM,Maués
03032-AM-Nhamundá,1303007,03032,AM,Nhamundá
03033-AM-Nova Olinda,1303106,03033,AM,Nova Olinda do Norte
03034-AM-Novo Aripua,1303304,03034,AM,Novo Aripuanã
03035-AM-Parintins,1303403,03035,AM,Parintins
03036-AM-Pauini,1303502,03036,AM,Pauini
03037-AM-Santo Antôn,1303700,03037,AM,Santo Antônio do Içá
03038-AM-São Paulo d,1303908,03038,AM,São Paulo de Olivença
03039-AM-Silves,1304005,03039,AM,Silves
03040-AM-Tapauá,1304104,03040,AM,Tapauá
03041-AM-Tefé,1304203,03041,AM,Tefé
03042-AM-São Gabriel,1303809,03042,AM,São Gabriel da Cachoeira
03043-AM-Urucará,1304302,03043,AM,Urucará
03044-AM-Urucurituba,1304401,03044,AM,Urucurituba
03045-AM-Presidente ,1303536,03045,AM,Presidente Figueiredo
03046-AM-Alvarães,1300029,03046,AM,Alvarães
03048-AM-Amaturá,1300060,03048,AM,Amaturá
03049-AM-Anamã,1300086,03049,AM,Anamã
03050-AM-Apuí,1300144,03050,AM,Apuí
03053-AM-Beruri,1300631,03053,AM,Beruri
03055-AM-Boa Vista d,1300680,03055,AM,Boa Vista do Ramos
03056-AM-Caapiranga,1300839,03056,AM,Caapiranga
03061-AM-Iranduba,1301852,03061,AM,Iranduba
03062-AM-Itamarati,1301951,03062,AM,Itamarati
03063-AM-Manaquiri,1302553,03063,AM,Manaquiri
03065-AM-Rio Preto d,1303569,03065,AM,Rio Preto da Eva
03066-AM-São Sebasti,1303957,03066,AM,São Sebastião do Uatumã
03068-AM-Tabatinga,1304062,03068,AM,Tabatinga
03070-AM-Tonantins,1304237,03070,AM,Tonantins
03071-AM-Uarini,1304260,03071,AM,Uarini
03072-AM-Careiro da ,1301159,03072,AM,Careiro da Várzea
03073-AM-Guajará,1301654,03073,AM,Guajará
04001-BA-Abaíra,2900108,04001,BA,Abaíra
04002-BA-Abaré,2900207,04002,BA,Abaré
04003-BA-Acajutiba,2900306,04003,BA,Acajutiba
04004-BA-Água Fria,2900405,04004,BA,Água Fria
04005-BA-Érico Cardo,2900504,04005,BA,Érico Cardoso
04006-BA-Aiquara,2900603,04006,BA,Aiquara
04007-BA-Alagoinhas,2900702,04007,BA,Alagoinhas
04008-BA-Alcobaça,2900801,04008,BA,Alcobaça
04009-BA-Almadina,2900900,04009,BA,Almadina
04010-BA-Amargosa,2901007,04010,BA,Amargosa
04011-BA-Amélia Rodr,2901106,04011,BA,Amélia Rodrigues
04012-BA-Anagé,2901205,04012,BA,Anagé
04013-BA-Andaraí,2901304,04013,BA,Andaraí
04014-BA-Angical,2901403,04014,BA,Angical
04015-BA-Anguera,2901502,04015,BA,Anguera
04016-BA-Antas,2901601,04016,BA,Antas
04017-BA-Antônio Car,2901700,04017,BA,Antônio Cardoso
04018-BA-Antônio Gon,2901809,04018,BA,Antônio Gonçalves
04019-BA-Aporá,2901908,04019,BA,Aporá
04020-BA-Aracatu,2902005,04020,BA,Aracatu
04021-BA-Araci,2902104,04021,BA,Araci
04022-BA-Aramari,2902203,04022,BA,Aramari
04023-BA-Aratuípe,2902302,04023,BA,Aratuípe
04024-BA-Aurelino Le,2902401,04024,BA,Aurelino Leal
04025-BA-Baianópolis,2902500,04025,BA,Baianópolis
04026-BA-Baixa Grand,2902609,04026,BA,Baixa Grande
04027-BA-Barra,2902708,04027,BA,Barra
04028-BA-Barra da Es,2902807,04028,BA,Barra da Estiva
04029-BA-Barra do Ch,2902906,04029,BA,Barra do Choça
04030-BA-Barra do Me,2903003,04030,BA,Barra do Mendes
04031-BA-Barra do Ro,2903102,04031,BA,Barra do Rocha
04032-BA-Barreiras,2903201,04032,BA,Barreiras
04033-BA-Barro Preto,2903300,04033,BA,Barro Preto
04034-BA-Belmonte,2903409,04034,BA,Belmonte
04035-BA-Belo Campo,2903508,04035,BA,Belo Campo
04036-BA-Biritinga,2903607,04036,BA,Biritinga
04037-BA-Boa Nova,2903706,04037,BA,Boa Nova
04038-BA-Boa Vista d,2903805,04038,BA,Boa Vista do Tupim
04039-BA-Bom Jesus d,2903904,04039,BA,Bom Jesus da Lapa
04040-BA-Boninal,2904001,04040,BA,Boninal
04041-BA-Boquira,2904100,04041,BA,Boquira
04042-BA-Botuporã,2904209,04042,BA,Botuporã
04043-BA-Brejões,2904308,04043,BA,Brejões
04044-BA-Brejolândia,2904407,04044,BA,Brejolândia
04045-BA-Brotas de M,2904506,04045,BA,Brotas de Macaúbas
04046-BA-Brumado,2904605,04046,BA,Brumado
04047-BA-Buerarema,2904704,04047,BA,Buerarema
04048-BA-Caatiba,2904803,04048,BA,Caatiba
04049-BA-Cachoeira,2904902,04049,BA,Cachoeira
04050-BA-Caculé,2905008,04050,BA,Caculé
04051-BA-Caém,2905107,04051,BA,Caém
04052-BA-Caetité,2905206,04052,BA,Caetité
04053-BA-Cafarnaum,2905305,04053,BA,Cafarnaum
04054-BA-Cairu,2905404,04054,BA,Cairu
04055-BA-Caldeirão G,2905503,04055,BA,Caldeirão Grande
04056-BA-Camacan,2905602,04056,BA,Camacan
04057-BA-Camaçari,2905701,04057,BA,Camaçari
04058-BA-Camamu,2905800,04058,BA,Camamu
04059-BA-Campo Alegr,2905909,04059,BA,Campo Alegre de Lourdes
04060-BA-Campo Formo,2906006,04060,BA,Campo Formoso
04061-BA-Canápolis,2906105,04061,BA,Canápolis
04062-BA-Canarana,2906204,04062,BA,Canarana
04063-BA-Canavieiras,2906303,04063,BA,Canavieiras
04064-BA-Candeal,2906402,04064,BA,Candeal
04065-BA-Candeias,2906501,04065,BA,Candeias
04066-BA-Candiba,2906600,04066,BA,Candiba
04067-BA-Cândido Sal,2906709,04067,BA,Cândido Sales
04068-BA-Cansanção,2906808,04068,BA,Cansanção
04069-BA-Caravelas,2906907,04069,BA,Caravelas
04070-BA-Cardeal da ,2907004,04070,BA,Cardeal da Silva
04071-BA-Carinhanha,2907103,04071,BA,Carinhanha
04072-BA-Casa Nova,2907202,04072,BA,Casa Nova
04073-BA-Castro Alve,2907301,04073,BA,Castro Alves
04074-BA-Catolândia,2907400,04074,BA,Catolândia
04075-BA-Catu,2907509,04075,BA,Catu
04076-BA-Central,2907608,04076,BA,Central
04077-BA-Chorrochó,2907707,04077,BA,Chorrochó
04078-BA-Cícero Dant,2907806,04078,BA,Cícero Dantas
04079-BA-Cipó,2907905,04079,BA,Cipó
04080-BA-Coaraci,2908002,04080,BA,Coaraci
04081-BA-Cocos,2908101,04081,BA,Cocos
04082-BA-Conceição d,2908200,04082,BA,Conceição da Feira
04083-BA-Conceição d,2908309,04083,BA,Conceição do Almeida
04084-BA-Conceição d,2908408,04084,BA,Conceição do Coité
04085-BA-Conceição d,2908507,04085,BA,Conceição do Jacuípe
04086-BA-Conde,2908606,04086,BA,Conde
04087-BA-Condeúba,2908705,04087,BA,Condeúba
04088-BA-Contendas d,2908804,04088,BA,Contendas do Sincorá
04089-BA-Coração de ,2908903,04089,BA,Coração de Maria
04090-BA-Cordeiros,2909000,04090,BA,Cordeiros
04091-BA-Coribe,2909109,04091,BA,Coribe
04092-BA-Coronel Joã,2909208,04092,BA,Coronel João Sá
04093-BA-Correntina,2909307,04093,BA,Correntina
04094-BA-Cotegipe,2909406,04094,BA,Cotegipe
04095-BA-Cravolândia,2909505,04095,BA,Cravolândia
04096-BA-Crisópolis,2909604,04096,BA,Crisópolis
04097-BA-Cristópolis,2909703,04097,BA,Cristópolis
04098-BA-Cruz das Al,2909802,04098,BA,Cruz das Almas
04099-BA-Curaçá,2909901,04099,BA,Curaçá
04100-BA-Dário Meira,2910008,04100,BA,Dário Meira
04101-BA-Dom Basílio,2910107,04101,BA,Dom Basílio
04102-BA-Dom Macedo ,2910206,04102,BA,Dom Macedo Costa
04103-BA-Elísio Medr,2910305,04103,BA,Elísio Medrado
04104-BA-Encruzilhad,2910404,04104,BA,Encruzilhada
04105-BA-Entre Rios,2910503,04105,BA,Entre Rios
04106-BA-Esplanada,2910602,04106,BA,Esplanada
04107-BA-Euclides da,2910701,04107,BA,Euclides da Cunha
04108-BA-Feira de Sa,2910800,04108,BA,Feira de Santana
04109-BA-Firmino Alv,2910909,04109,BA,Firmino Alves
04110-BA-Floresta Az,2911006,04110,BA,Floresta Azul
04111-BA-Formosa do ,2911105,04111,BA,Formosa do Rio Preto
04112-BA-Gandu,2911204,04112,BA,Gandu
04113-BA-Gentio do O,2911303,04113,BA,Gentio do Ouro
04114-BA-Glória,2911402,04114,BA,Glória
04115-BA-Gongogi,2911501,04115,BA,Gongogi
04116-BA-Governador ,2911600,04116,BA,Governador Mangabeira
04117-BA-Guanambi,2911709,04117,BA,Guanambi
04118-BA-Guaratinga,2911808,04118,BA,Guaratinga
04119-BA-Iaçu,2911907,04119,BA,Iaçu
04120-BA-Ibiassucê,2912004,04120,BA,Ibiassucê
04121-BA-Ibicaraí,2912103,04121,BA,Ibicaraí
04122-BA-Ibicoara,2912202,04122,BA,Ibicoara
04123-BA-Ibicuí,2912301,04123,BA,Ibicuí
04124-BA-Ibipeba,2912400,04124,BA,Ibipeba
04125-BA-Santa Rita ,2928406,04125,BA,Santa Rita de Cássia
04126-BA-Ibipitanga,2912509,04126,BA,Ibipitanga
04127-BA-Ibiquera,2912608,04127,BA,Ibiquera
04128-BA-Ibirapitang,2912707,04128,BA,Ibirapitanga
04129-BA-Ibirapuã,2912806,04129,BA,Ibirapuã
04130-BA-Ibirataia,2912905,04130,BA,Ibirataia
04131-BA-Ibitiara,2913002,04131,BA,Ibitiara
04132-BA-Ibititá,2913101,04132,BA,Ibititá
04133-BA-Ibotirama,2913200,04133,BA,Ibotirama
04134-BA-Ichu,2913309,04134,BA,Ichu
04135-BA-Igaporã,2913408,04135,BA,Igaporã
04136-BA-Iguaí,2913507,04136,BA,Iguaí
04137-BA-Ilhéus,2913606,04137,BA,Ilhéus
04138-BA-Inhambupe,2913705,04138,BA,Inhambupe
04139-BA-Ipecaetá,2913804,04139,BA,Ipecaetá
04140-BA-Ipiaú,2913903,04140,BA,Ipiaú
04141-BA-Ipirá,2914000,04141,BA,Ipirá
04142-BA-Ipupiara,2914109,04142,BA,Ipupiara
04143-BA-Irajuba,2914208,04143,BA,Irajuba
04144-BA-Iramaia,2914307,04144,BA,Iramaia
04145-BA-Iraquara,2914406,04145,BA,Iraquara
04146-BA-Irará,2914505,04146,BA,Irará
04147-BA-Irecê,2914604,04147,BA,Irecê
04148-BA-Itaberaba,2914703,04148,BA,Itaberaba
04149-BA-Itabuna,2914802,04149,BA,Itabuna
04150-BA-Itacaré,2914901,04150,BA,Itacaré
04151-BA-Itaeté,2915007,04151,BA,Itaeté
04152-BA-Itagi,2915106,04152,BA,Itagi
04153-BA-Itagibá,2915205,04153,BA,Itagibá
04154-BA-Itagimirim,2915304,04154,BA,Itagimirim
04155-BA-Itaju do Co,2915403,04155,BA,Itaju do Colônia
04156-BA-Itajuípe,2915502,04156,BA,Itajuípe
04157-BA-Itamaraju,2915601,04157,BA,Itamaraju
04158-BA-Itamari,2915700,04158,BA,Itamari
04159-BA-Itambé,2915809,04159,BA,Itambé
04160-BA-Itanagra,2915908,04160,BA,Itanagra
04161-BA-Itanhém,2916005,04161,BA,Itanhém
04162-BA-Itaparica,2916104,04162,BA,Itaparica
04163-BA-Itapé,2916203,04163,BA,Itapé
04164-BA-Itapebi,2916302,04164,BA,Itapebi
04165-BA-Itapetinga,2916401,04165,BA,Itapetinga
04166-BA-Itapicuru,2916500,04166,BA,Itapicuru
04167-BA-Itapitanga,2916609,04167,BA,Itapitanga
04168-BA-Itaquara,2916708,04168,BA,Itaquara
04169-BA-Itarantim,2916807,04169,BA,Itarantim
04170-BA-Itiruçu,2916906,04170,BA,Itiruçu
04171-BA-Itiúba,2917003,04171,BA,Itiúba
04172-BA-Itororó,2917102,04172,BA,Itororó
04173-BA-Ituaçu,2917201,04173,BA,Ituaçu
04174-BA-Ituberá,2917300,04174,BA,Ituberá
04175-BA-Jacaraci,2917409,04175,BA,Jacaraci
04176-BA-Jacobina,2917508,04176,BA,Jacobina
04177-BA-Jaguaquara,2917607,04177,BA,Jaguaquara
04178-BA-Jaguarari,2917706,04178,BA,Jaguarari
04179-BA-Jaguaripe,2917805,04179,BA,Jaguaripe
04180-BA-Jandaíra,2917904,04180,BA,Jandaíra
04181-BA-Jequié,2918001,04181,BA,Jequié
04182-BA-Jeremoabo,2918100,04182,BA,Jeremoabo
04183-BA-Jiquiriçá,2918209,04183,BA,Jiquiriçá
04184-BA-Jitaúna,2918308,04184,BA,Jitaúna
04185-BA-Juazeiro,2918407,04185,BA,Juazeiro
04186-BA-Jussara,2918506,04186,BA,Jussara
04187-BA-Jussiape,2918605,04187,BA,Jussiape
04188-BA-Lafaiete Co,2918704,04188,BA,Lafaiete Coutinho
04189-BA-Laje,2918803,04189,BA,Laje
04190-BA-Lajedão,2918902,04190,BA,Lajedão
04191-BA-Lajedinho,2919009,04191,BA,Lajedinho
04192-BA-Lamarão,2919108,04192,BA,Lamarão
04193-BA-Lauro de Fr,2919207,04193,BA,Lauro de Freitas
04194-BA-Lençóis,2919306,04194,BA,Lençóis
04195-BA-Licínio de ,2919405,04195,BA,Licínio de Almeida
04196-BA-Livramento ,2919504,04196,BA,Livramento do Brumado
04197-BA-Macajuba,2919603,04197,BA,Macajuba
04198-BA-Macarani,2919702,04198,BA,Macarani
04199-BA-Macaúbas,2919801,04199,BA,Macaúbas
04200-BA-Macururé,2919900,04200,BA,Macururé
04201-BA-Maiquinique,2920007,04201,BA,Maiquinique
04202-BA-Mairi,2920106,04202,BA,Mairi
04203-BA-Malhada,2920205,04203,BA,Malhada
04204-BA-Malhada de ,2920304,04204,BA,Malhada de Pedras
04205-BA-Manoel Vito,2920403,04205,BA,Manoel Vitorino
04206-BA-Maracás,2920502,04206,BA,Maracás
04207-BA-Maragogipe,2920601,04207,BA,Maragogipe
04208-BA-Maraú,2920700,04208,BA,Maraú
04209-BA-Marcionílio,2920809,04209,BA,Marcionílio Souza
04210-BA-Mascote,2920908,04210,BA,Mascote
04211-BA-Mata de São,2921005,04211,BA,Mata de São João
04212-BA-Medeiros Ne,2921104,04212,BA,Medeiros Neto
04213-BA-Miguel Calm,2921203,04213,BA,Miguel Calmon
04214-BA-Milagres,2921302,04214,BA,Milagres
04215-BA-Mirangaba,2921401,04215,BA,Mirangaba
04216-BA-Monte Santo,2921500,04216,BA,Monte Santo
04217-BA-Morpará,2921609,04217,BA,Morpará
04218-BA-Morro do Ch,2921708,04218,BA,Morro do Chapéu
04219-BA-Mortugaba,2921807,04219,BA,Mortugaba
04220-BA-Mucugê,2921906,04220,BA,Mucugê
04221-BA-Mucuri,2922003,04221,BA,Mucuri
04222-BA-Mundo Novo,2922102,04222,BA,Mundo Novo
04223-BA-Muniz Ferre,2922201,04223,BA,Muniz Ferreira
04224-BA-Muritiba,2922300,04224,BA,Muritiba
04225-BA-Mutuípe,2922409,04225,BA,Mutuípe
04226-BA-Nazaré,2922508,04226,BA,Nazaré
04227-BA-Nilo Peçanh,2922607,04227,BA,Nilo Peçanha
04228-BA-Nova Canaã,2922706,04228,BA,Nova Canaã
04229-BA-Nova Itaran,2922805,04229,BA,Nova Itarana
04230-BA-Nova Soure,2922904,04230,BA,Nova Soure
04231-BA-Nova Viçosa,2923001,04231,BA,Nova Viçosa
04232-BA-Olindina,2923100,04232,BA,Olindina
04233-BA-Oliveira do,2923209,04233,BA,Oliveira dos Brejinhos
04234-BA-Ouriçangas,2923308,04234,BA,Ouriçangas
04235-BA-Palmas de M,2923407,04235,BA,Palmas de Monte Alto
04236-BA-Palmeiras,2923506,04236,BA,Palmeiras
04237-BA-Paramirim,2923605,04237,BA,Paramirim
04238-BA-Paratinga,2923704,04238,BA,Paratinga
04239-BA-Paripiranga,2923803,04239,BA,Paripiranga
04240-BA-Pau Brasil,2923902,04240,BA,Pau Brasil
04241-BA-Paulo Afons,2924009,04241,BA,Paulo Afonso
04242-BA-Pedrão,2924108,04242,BA,Pedrão
04243-BA-Pedro Alexa,2924207,04243,BA,Pedro Alexandre
04244-BA-Piatã,2924306,04244,BA,Piatã
04245-BA-Pilão Arcad,2924405,04245,BA,Pilão Arcado
04246-BA-Pindaí,2924504,04246,BA,Pindaí
04247-BA-Pindobaçu,2924603,04247,BA,Pindobaçu
04248-BA-Piripá,2924702,04248,BA,Piripá
04249-BA-Piritiba,2924801,04249,BA,Piritiba
04250-BA-Planaltino,2924900,04250,BA,Planaltino
04251-BA-Planalto,2925006,04251,BA,Planalto
04252-BA-Poções,2925105,04252,BA,Poções
04253-BA-Pojuca,2925204,04253,BA,Pojuca
04254-BA-Porto Segur,2925303,04254,BA,Porto Seguro
04255-BA-Potiraguá,2925402,04255,BA,Potiraguá
04256-BA-Prado,2925501,04256,BA,Prado
04257-BA-Presidente ,2925600,04257,BA,Presidente Dutra
04258-BA-Presidente ,2925709,04258,BA,Presidente Jânio Quadros
04259-BA-Queimadas,2925808,04259,BA,Queimadas
04260-BA-Quijingue,2925907,04260,BA,Quijingue
04261-BA-Remanso,2926004,04261,BA,Remanso
04262-BA-Retirolândi,2926103,04262,BA,Retirolândia
04263-BA-Riachão das,2926202,04263,BA,Riachão das Neves
04264-BA-Riachão do ,2926301,04264,BA,Riachão do Jacuípe
04265-BA-Riacho de S,2926400,04265,BA,Riacho de Santana
04266-BA-Ribeira do ,2926509,04266,BA,Ribeira do Amparo
04267-BA-Ribeira do ,2926608,04267,BA,Ribeira do Pombal
04268-BA-Rio de Cont,2926707,04268,BA,Rio de Contas
04269-BA-Rio do Antô,2926806,04269,BA,Rio do Antônio
04270-BA-Rio do Pire,2926905,04270,BA,Rio do Pires
04271-BA-Rio Real,2927002,04271,BA,Rio Real
04272-BA-Rodelas,2927101,04272,BA,Rodelas
04273-BA-Ruy Barbosa,2927200,04273,BA,Ruy Barbosa
04274-BA-Salinas da ,2927309,04274,BA,Salinas da Margarida
04275-BA-Salvador,2927408,04275,BA,Salvador
04276-BA-Santa Bárba,2927507,04276,BA,Santa Bárbara
04277-BA-Santa Brígi,2927606,04277,BA,Santa Brígida
04278-BA-Santa Cruz ,2927705,04278,BA,Santa Cruz Cabrália
04279-BA-Santa Cruz ,2927804,04279,BA,Santa Cruz da Vitória
04280-BA-Santa Inês,2927903,04280,BA,Santa Inês
04281-BA-Santaluz,2928000,04281,BA,Santaluz
04282-BA-Santa Maria,2928109,04282,BA,Santa Maria da Vitória
04283-BA-Santana,2928208,04283,BA,Santana
04284-BA-Santanópoli,2928307,04284,BA,Santanópolis
04285-BA-Santa Teres,2928505,04285,BA,Santa Teresinha
04286-BA-Santo Amaro,2928604,04286,BA,Santo Amaro
04287-BA-Santo Antôn,2928703,04287,BA,Santo Antônio de Jesus
04288-BA-Santo Estêv,2928802,04288,BA,Santo Estêvão
04289-BA-São Desidér,2928901,04289,BA,São Desidério
04290-BA-São Félix,2929008,04290,BA,São Félix
04291-BA-São Felipe,2929107,04291,BA,São Felipe
04292-BA-São Francis,2929206,04292,BA,São Francisco do Conde
04293-BA-São Gonçalo,2929305,04293,BA,São Gonçalo dos Campos
04294-BA-São Miguel ,2929404,04294,BA,São Miguel das Matas
04295-BA-São Sebasti,2929503,04295,BA,São Sebastião do Passé
04296-BA-Sapeaçu,2929602,04296,BA,Sapeaçu
04297-BA-Sátiro Dias,2929701,04297,BA,Sátiro Dias
04298-BA-Saúde,2929800,04298,BA,Saúde
04299-BA-Seabra,2929909,04299,BA,Seabra
04300-BA-Sebastião L,2930006,04300,BA,Sebastião Laranjeiras
04301-BA-Senhor do B,2930105,04301,BA,Senhor do Bonfim
04302-BA-Sento Sé,2930204,04302,BA,Sento Sé
04303-BA-Serra Doura,2930303,04303,BA,Serra Dourada
04304-BA-Serra Preta,2930402,04304,BA,Serra Preta
04305-BA-Serrinha,2930501,04305,BA,Serrinha
04306-BA-Serrolândia,2930600,04306,BA,Serrolândia
04307-BA-Simões Filh,2930709,04307,BA,Simões Filho
04308-BA-Souto Soare,2930808,04308,BA,Souto Soares
04309-BA-Tabocas do ,2930907,04309,BA,Tabocas do Brejo Velho
04310-BA-Tanhaçu,2931004,04310,BA,Tanhaçu
04311-BA-Tanquinho,2931103,04311,BA,Tanquinho
04312-BA-Taperoá,2931202,04312,BA,Taperoá
04313-BA-Tapiramutá,2931301,04313,BA,Tapiramutá
04314-BA-Teodoro Sam,2931400,04314,BA,Teodoro Sampaio
04315-BA-Teofilândia,2931509,04315,BA,Teofilândia
04316-BA-Teolândia,2931608,04316,BA,Teolândia
04317-BA-Terra Nova,2931707,04317,BA,Terra Nova
04318-BA-Tremedal,2931806,04318,BA,Tremedal
04319-BA-Tucano,2931905,04319,BA,Tucano
04320-BA-Uauá,2932002,04320,BA,Uauá
04321-BA-Ubaíra,2932101,04321,BA,Ubaíra
04322-BA-Ubaitaba,2932200,04322,BA,Ubaitaba
04323-BA-Ubatã,2932309,04323,BA,Ubatã
04324-BA-Uibaí,2932408,04324,BA,Uibaí
04325-BA-Una,2932507,04325,BA,Una
04326-BA-Urandi,2932606,04326,BA,Urandi
04327-BA-Uruçuca,2932705,04327,BA,Uruçuca
04328-BA-Utinga,2932804,04328,BA,Utinga
04329-BA-Valença,2932903,04329,BA,Valença
04330-BA-Valente,2933000,04330,BA,Valente
04331-BA-Várzea do P,2933109,04331,BA,Várzea do Poço
04332-BA-Vera Cruz,2933208,04332,BA,Vera Cruz
04333-BA-Vitória da ,2933307,04333,BA,Vitória da Conquista
04334-BA-Wagner,2933406,04334,BA,Wagner
04335-BA-Wenceslau G,2933505,04335,BA,Wenceslau Guimarães
04336-BA-Xique-Xique,2933604,04336,BA,Xique-Xique
04337-BA-América Dou,2901155,04337,BA,América Dourada
04338-BA-Barro Alto,2903235,04338,BA,Barro Alto
04339-BA-João Dourad,2918357,04339,BA,João Dourado
04340-BA-Lapão,2919157,04340,BA,Lapão
04341-BA-São Gabriel,2929255,04341,BA,São Gabriel
04342-BA-Arataca,2902252,04342,BA,Arataca
04344-BA-Buritirama,2904753,04344,BA,Buritirama
04345-BA-Canudos,2906824,04345,BA,Canudos
04346-BA-Capela do A,2906857,04346,BA,Capela do Alto Alegre
04347-BA-Capim Gross,2906873,04347,BA,Capim Grosso
04348-BA-Dias d Ávil,2910057,04348,BA,Dias d Ávila
04349-BA-Fátima,2910750,04349,BA,Fátima
04350-BA-Filadélfia,2910859,04350,BA,Filadélfia
04351-BA-Gavião,2911253,04351,BA,Gavião
04352-BA-Guajeru,2911659,04352,BA,Guajeru
04353-BA-Heliópolis,2911857,04353,BA,Heliópolis
04354-BA-Jaborandi,2917359,04354,BA,Jaborandi
04355-BA-Jussari,2918555,04355,BA,Jussari
04356-BA-Maetinga,2919959,04356,BA,Maetinga
04357-BA-Mansidão,2920452,04357,BA,Mansidão
04358-BA-Nordestina,2922656,04358,BA,Nordestina
04359-BA-Pé de Serra,2924058,04359,BA,Pé de Serra
04360-BA-Pintadas,2924652,04360,BA,Pintadas
04361-BA-Rafael Jamb,2925956,04361,BA,Rafael Jambeiro
04362-BA-Santa Luzia,2928059,04362,BA,Santa Luzia
04363-BA-Tanque Novo,2931053,04363,BA,Tanque Novo
04364-BA-Teixeira de,2931350,04364,BA,Teixeira de Freitas
04365-BA-Várzea da R,2933059,04365,BA,Várzea da Roça
04366-BA-Várzea Nova,2933158,04366,BA,Várzea Nova
04367-BA-Wanderley,2933455,04367,BA,Wanderley
04368-BA-Eunápolis,2910727,04368,BA,Eunápolis
04369-BA-Adustina,2900355,04369,BA,Adustina
04370-BA-Araçás,2902054,04370,BA,Araçás
04371-BA-Banzaê,2902658,04371,BA,Banzaê
04372-BA-Caetanos,2905156,04372,BA,Caetanos
04373-BA-Caraíbas,2906899,04373,BA,Caraíbas
04374-BA-Feira da Ma,2910776,04374,BA,Feira da Mata
04375-BA-Igrapiúna,2913457,04375,BA,Igrapiúna
04376-BA-Itaguaçu da,2915353,04376,BA,Itaguaçu da Bahia
04377-BA-Iuiú,2917334,04377,BA,Iuiú
04378-BA-Jucuruçu,2918456,04378,BA,Jucuruçu
04379-BA-Matina,2921054,04379,BA,Matina
04380-BA-Nova Redenç,2922854,04380,BA,Nova Redenção
04381-BA-Novo Triunf,2923050,04381,BA,Novo Triunfo
04382-BA-Piraí do No,2924678,04382,BA,Piraí do Norte
04383-BA-Ponto Novo,2925253,04383,BA,Ponto Novo
04384-BA-Presidente ,2925758,04384,BA,Presidente Tancredo Neves
04385-BA-Ribeirão do,2926657,04385,BA,Ribeirão do Largo
04386-BA-Sítio do Ma,2930758,04386,BA,Sítio do Mato
04387-BA-Sobradinho,2930774,04387,BA,Sobradinho
04388-BA-Umburanas,2932457,04388,BA,Umburanas
04389-BA-Vereda,2933257,04389,BA,Vereda
04390-BA-Andorinha,2901353,04390,BA,Andorinha
04391-BA-Apuarema,2901957,04391,BA,Apuarema
04392-BA-Bom Jesus d,2903953,04392,BA,Bom Jesus da Serra
04393-BA-Bonito,2904050,04393,BA,Bonito
04394-BA-Cabaceiras ,2904852,04394,BA,Cabaceiras do Paraguaçu
04395-BA-Caturama,2907558,04395,BA,Caturama
04396-BA-Itabela,2914653,04396,BA,Itabela
04397-BA-Itatim,2916856,04397,BA,Itatim
04398-BA-Lajedo do T,2919058,04398,BA,Lajedo do Tabocal
04399-BA-Lagoa Real,2918753,04399,BA,Lagoa Real
04400-BA-Madre de De,2919926,04400,BA,Madre de Deus
04401-BA-Mirante,2921450,04401,BA,Mirante
04402-BA-Mulungu do ,2922052,04402,BA,Mulungu do Morro
04403-BA-Muquém de S,2922250,04403,BA,Muquém de São Francisco
04404-BA-Nova Fátima,2922730,04404,BA,Nova Fátima
04405-BA-Nova Ibiá,2922755,04405,BA,Nova Ibiá
04406-BA-Novo Horizo,2923035,04406,BA,Novo Horizonte
04407-BA-Ourolândia,2923357,04407,BA,Ourolândia
04408-BA-Quixabeira,2925931,04408,BA,Quixabeira
04409-BA-São Domingo,2928950,04409,BA,São Domingos
04410-BA-São Félix d,2929057,04410,BA,São Félix do Coribe
04411-BA-São José da,2929354,04411,BA,São José da Vitória
04412-BA-São José do,2929370,04412,BA,São José do Jacuípe
04413-BA-Saubara,2929750,04413,BA,Saubara
04414-BA-Serra do Ra,2930154,04414,BA,Serra do Ramalho
04415-BA-Sítio do Qu,2930766,04415,BA,Sítio do Quinto
04416-BA-Varzedo,2933174,04416,BA,Varzedo
04417-BA-Barrocas,2903276,04417,BA,Barrocas
04418-BA-Luis Eduard,2919553,04418,BA,Luis Eduardo Magalhaes
05001-CE-Abaiara,2300101,05001,CE,Abaiara
05002-CE-Acaraú,2300200,05002,CE,Acaraú
05003-CE-Acopiara,2300309,05003,CE,Acopiara
05004-CE-Aiuaba,2300408,05004,CE,Aiuaba
05005-CE-Alcântaras,2300507,05005,CE,Alcântaras
05006-CE-Altaneira,2300606,05006,CE,Altaneira
05007-CE-Alto Santo,2300705,05007,CE,Alto Santo
05008-CE-Antonina do,2300804,05008,CE,Antonina do Norte
05009-CE-Apuiarés,2300903,05009,CE,Apuiarés
05010-CE-Aquiraz,2301000,05010,CE,Aquiraz
05011-CE-Aracati,2301109,05011,CE,Aracati
05012-CE-Aracoiaba,2301208,05012,CE,Aracoiaba
05013-CE-Araripe,2301307,05013,CE,Araripe
05014-CE-Aratuba,2301406,05014,CE,Aratuba
05015-CE-Arneiroz,2301505,05015,CE,Arneiroz
05016-CE-Assaré,2301604,05016,CE,Assaré
05017-CE-Aurora,2301703,05017,CE,Aurora
05018-CE-Baixio,2301802,05018,CE,Baixio
05019-CE-Barbalha,2301901,05019,CE,Barbalha
05020-CE-Barro,2302008,05020,CE,Barro
05021-CE-Baturité,2302107,05021,CE,Baturité
05022-CE-Beberibe,2302206,05022,CE,Beberibe
05023-CE-Bela Cruz,2302305,05023,CE,Bela Cruz
05024-CE-Boa Viagem,2302404,05024,CE,Boa Viagem
05025-CE-Brejo Santo,2302503,05025,CE,Brejo Santo
05026-CE-Camocim,2302602,05026,CE,Camocim
05027-CE-Campos Sale,2302701,05027,CE,Campos Sales
05028-CE-Canindé,2302800,05028,CE,Canindé
05029-CE-Capistrano,2302909,05029,CE,Capistrano
05030-CE-Caridade,2303006,05030,CE,Caridade
05031-CE-Cariré,2303105,05031,CE,Cariré
05032-CE-Caririaçu,2303204,05032,CE,Caririaçu
05033-CE-Cariús,2303303,05033,CE,Cariús
05034-CE-Carnaubal,2303402,05034,CE,Carnaubal
05035-CE-Cascavel,2303501,05035,CE,Cascavel
05036-CE-Catarina,2303600,05036,CE,Catarina
05037-CE-Caucaia,2303709,05037,CE,Caucaia
05038-CE-Cedro,2303808,05038,CE,Cedro
05039-CE-Chaval,2303907,05039,CE,Chaval
05041-CE-Coreaú,2304004,05041,CE,Coreaú
05042-CE-Crateús,2304103,05042,CE,Crateús
05043-CE-Crato,2304202,05043,CE,Crato
05044-CE-Farias Brit,2304301,05044,CE,Farias Brito
05045-CE-Fortaleza,2304400,05045,CE,Fortaleza
05046-CE-Frecheirinh,2304509,05046,CE,Frecheirinha
05047-CE-General Sam,2304608,05047,CE,General Sampaio
05048-CE-Granja,2304707,05048,CE,Granja
05049-CE-Granjeiro,2304806,05049,CE,Granjeiro
05050-CE-Groaíras,2304905,05050,CE,Groaíras
05051-CE-Guaraciaba ,2305001,05051,CE,Guaraciaba do Norte
05052-CE-Guaramirang,2305100,05052,CE,Guaramiranga
05053-CE-Hidrolândia,2305209,05053,CE,Hidrolândia
05054-CE-Ibiapina,2305308,05054,CE,Ibiapina
05055-CE-Icó,2305407,05055,CE,Icó
05056-CE-Iguatu,2305506,05056,CE,Iguatu
05057-CE-Independênc,2305605,05057,CE,Independência
05058-CE-Ipaumirim,2305704,05058,CE,Ipaumirim
05059-CE-Ipu,2305803,05059,CE,Ipu
05060-CE-Ipueiras,2305902,05060,CE,Ipueiras
05061-CE-Iracema,2306009,05061,CE,Iracema
05062-CE-Irauçuba,2306108,05062,CE,Irauçuba
05063-CE-Itaiçaba,2306207,05063,CE,Itaiçaba
05064-CE-Itapagé,2306306,05064,CE,Itapagé
05065-CE-Itapipoca,2306405,05065,CE,Itapipoca
05066-CE-Itapiúna,2306504,05066,CE,Itapiúna
05067-CE-Itatira,2306603,05067,CE,Itatira
05068-CE-Jaguaretama,2306702,05068,CE,Jaguaretama
05069-CE-Jaguaribara,2306801,05069,CE,Jaguaribara
05070-CE-Jaguaribe,2306900,05070,CE,Jaguaribe
05071-CE-Jaguaruana,2307007,05071,CE,Jaguaruana
05072-CE-Jardim,2307106,05072,CE,Jardim
05073-CE-Jati,2307205,05073,CE,Jati
05074-CE-Juazeiro do,2307304,05074,CE,Juazeiro do Norte
05075-CE-Jucás,2307403,05075,CE,Jucás
05076-CE-Lavras da M,2307502,05076,CE,Lavras da Mangabeira
05077-CE-Limoeiro do,2307601,05077,CE,Limoeiro do Norte
05078-CE-Maranguape,2307700,05078,CE,Maranguape
05079-CE-Marco,2307809,05079,CE,Marco
05080-CE-Martinópole,2307908,05080,CE,Martinópole
05081-CE-Massapê,2308005,05081,CE,Massapê
05082-CE-Mauriti,2308104,05082,CE,Mauriti
05083-CE-Meruoca,2308203,05083,CE,Meruoca
05084-CE-Milagres,2308302,05084,CE,Milagres
05085-CE-Missão Velh,2308401,05085,CE,Missão Velha
05086-CE-Mombaça,2308500,05086,CE,Mombaça
05087-CE-Monsenhor T,2308609,05087,CE,Monsenhor Tabosa
05088-CE-Morada Nova,2308708,05088,CE,Morada Nova
05089-CE-Moraújo,2308807,05089,CE,Moraújo
05090-CE-Morrinhos,2308906,05090,CE,Morrinhos
05091-CE-Mucambo,2309003,05091,CE,Mucambo
05092-CE-Mulungu,2309102,05092,CE,Mulungu
05093-CE-Nova Olinda,2309201,05093,CE,Nova Olinda
05094-CE-Nova Russas,2309300,05094,CE,Nova Russas
05095-CE-Novo Orient,2309409,05095,CE,Novo Oriente
05096-CE-Orós,2309508,05096,CE,Orós
05097-CE-Pacajus,2309607,05097,CE,Pacajus
05098-CE-Pacatuba,2309706,05098,CE,Pacatuba
05099-CE-Pacoti,2309805,05099,CE,Pacoti
05100-CE-Pacujá,2309904,05100,CE,Pacujá
05101-CE-Palhano,2310001,05101,CE,Palhano
05102-CE-Palmácia,2310100,05102,CE,Palmácia
05103-CE-Paracuru,2310209,05103,CE,Paracuru
05104-CE-Parambu,2310308,05104,CE,Parambu
05105-CE-Paramoti,2310407,05105,CE,Paramoti
05106-CE-Pedra Branc,2310506,05106,CE,Pedra Branca
05107-CE-Penaforte,2310605,05107,CE,Penaforte
05108-CE-Pentecoste,2310704,05108,CE,Pentecoste
05109-CE-Pereiro,2310803,05109,CE,Pereiro
05110-CE-Piquet Carn,2310902,05110,CE,Piquet Carneiro
05111-CE-Poranga,2311009,05111,CE,Poranga
05112-CE-Porteiras,2311108,05112,CE,Porteiras
05113-CE-Potengi,2311207,05113,CE,Potengi
05114-CE-Quixadá,2311306,05114,CE,Quixadá
05115-CE-Quixeramobi,2311405,05115,CE,Quixeramobim
05116-CE-Quixeré,2311504,05116,CE,Quixeré
05117-CE-Redenção,2311603,05117,CE,Redenção
05118-CE-Reriutaba,2311702,05118,CE,Reriutaba
05119-CE-Russas,2311801,05119,CE,Russas
05120-CE-Saboeiro,2311900,05120,CE,Saboeiro
05121-CE-Santana do ,2312007,05121,CE,Santana do Acaraú
05122-CE-Santana do ,2312106,05122,CE,Santana do Cariri
05123-CE-Santa Quité,2312205,05123,CE,Santa Quitéria
05124-CE-São Benedit,2312304,05124,CE,São Benedito
05125-CE-São Gonçalo,2312403,05125,CE,São Gonçalo do Amarante
05126-CE-São João do,2312502,05126,CE,São João do Jaguaribe
05127-CE-São Luís do,2312601,05127,CE,São Luís do Curu
05128-CE-Senador Pom,2312700,05128,CE,Senador Pompeu
05129-CE-Senador Sá,2312809,05129,CE,Senador Sá
05130-CE-Sobral,2312908,05130,CE,Sobral
05131-CE-Solonópole,2313005,05131,CE,Solonópole
05132-CE-Tabuleiro d,2313104,05132,CE,Tabuleiro do Norte
05133-CE-Tamboril,2313203,05133,CE,Tamboril
05134-CE-Tauá,2313302,05134,CE,Tauá
05135-CE-Tianguá,2313401,05135,CE,Tianguá
05136-CE-Trairi,2313500,05136,CE,Trairi
05137-CE-Ubajara,2313609,05137,CE,Ubajara
05138-CE-Umari,2313708,05138,CE,Umari
05139-CE-Uruburetama,2313807,05139,CE,Uruburetama
05140-CE-Uruoca,2313906,05140,CE,Uruoca
05141-CE-Várzea Aleg,2314003,05141,CE,Várzea Alegre
05142-CE-Viçosa do C,2314102,05142,CE,Viçosa do Ceará
05145-CE-Maracanaú,2307650,05145,CE,Maracanaú
05146-CE-Cruz,2304251,05146,CE,Cruz
05147-CE-Paraipaba,2310258,05147,CE,Paraipaba
05148-CE-Varjota,2313955,05148,CE,Varjota
05149-CE-Icapuí,2305357,05149,CE,Icapuí
05150-CE-Milhã,2308351,05150,CE,Milhã
05151-CE-Quixelô,2311355,05151,CE,Quixelô
05152-CE-Forquilha,2304350,05152,CE,Forquilha
05153-CE-Amontada,2300754,05153,CE,Amontada
05154-CE-Itarema,2306553,05154,CE,Itarema
05155-CE-Umirim,2313757,05155,CE,Umirim
05156-CE-Acarapé,2300150,05156,CE,Acarapé
05157-CE-Barreira,2301950,05157,CE,Barreira
05158-CE-Chorozinho,2303956,05158,CE,Chorozinho
05159-CE-Ererê,2304277,05159,CE,Ererê
05160-CE-Eusébio,2304285,05160,CE,Eusébio
05161-CE-Graça,2304657,05161,CE,Graça
05162-CE-Guaiúba,2304954,05162,CE,Guaiúba
05163-CE-Horizonte,2305233,05163,CE,Horizonte
05164-CE-Pires Ferre,2310951,05164,CE,Pires Ferreira
05165-CE-Potiretama,2311231,05165,CE,Potiretama
05166-CE-Quiterianóp,2311264,05166,CE,Quiterianópolis
05167-CE-Tururu,2313559,05167,CE,Tururu
05168-CE-Banabuiú,2301851,05168,CE,Banabuiú
05169-CE-Ipaporanga,2305654,05169,CE,Ipaporanga
05170-CE-Madalena,2307635,05170,CE,Madalena
05171-CE-Ocara,2309458,05171,CE,Ocara
05172-CE-Pindoretama,2310852,05172,CE,Pindoretama
05173-CE-Tarrafas,2313252,05173,CE,Tarrafas
05174-CE-Tejuçuoca,2313351,05174,CE,Tejuçuoca
05175-CE-Barroquinha,2302057,05175,CE,Barroquinha
05176-CE-Croatá,2304236,05176,CE,Croatá
05177-CE-Deputado Ir,2304269,05177,CE,Deputado Irapuan Pinheiro
05178-CE-Ibaretama,2305266,05178,CE,Ibaretama
05179-CE-Ibicuitinga,2305332,05179,CE,Ibicuitinga
05180-CE-Miraíma,2308377,05180,CE,Miraíma
05181-CE-Salitre,2311959,05181,CE,Salitre
05182-CE-Ararendá,2301257,05182,CE,Ararendá
05183-CE-Catunda,2303659,05183,CE,Catunda
05184-CE-Jijoca de J,2307254,05184,CE,Jijoca de Jericoacoara
05185-CE-Choró,2303931,05185,CE,Choró
05186-CE-Fortim,2304459,05186,CE,Fortim
05187-CE-Itaitinga,2306256,05187,CE,Itaitinga
06002-MS-Água Clara,5000203,06002,MS,Água Clara
06006-MS-Amambaí,5000609,06006,MS,Amambaí
06007-MS-Anastácio,5000708,06007,MS,Anastácio
06008-MS-Anaurilândi,5000807,06008,MS,Anaurilândia
06009-MS-Antônio Joã,5000906,06009,MS,Antônio João
06010-MS-Aparecida d,5001003,06010,MS,Aparecida do Taboado
06011-MS-Aquidauana,5001102,06011,MS,Aquidauana
06015-MS-Bandeirante,5001508,06015,MS,Bandeirantes
06019-MS-Bataguassu,5001904,06019,MS,Bataguassu
06020-MS-Bataiporã,5002001,06020,MS,Bataiporã
06021-MS-Bela Vista,5002100,06021,MS,Bela Vista
06022-MS-Bonito,5002209,06022,MS,Bonito
06023-MS-Brasilândia,5002308,06023,MS,Brasilândia
06025-MS-Camapuã,5002605,06025,MS,Camapuã
06026-MS-Campo Grand,5002704,06026,MS,Campo Grande
06027-MS-Caracol,5002803,06027,MS,Caracol
06028-MS-Caarapó,5002407,06028,MS,Caarapó
06029-MS-Cassilândia,5002902,06029,MS,Cassilândia
06031-MS-Corguinho,5003108,06031,MS,Corguinho
06032-MS-Corumbá,5003207,06032,MS,Corumbá
06033-MS-Coxim,5003306,06033,MS,Coxim
06037-MS-Dourados,5003702,06037,MS,Dourados
06038-MS-Fátima do S,5003801,06038,MS,Fátima do Sul
06040-MS-Glória de D,5004007,06040,MS,Glória de Dourados
06041-MS-Guia Lopes ,5004106,06041,MS,Guia Lopes da Laguna
06043-MS-Iguatemi,5004304,06043,MS,Iguatemi
06044-MS-Inocência,5004403,06044,MS,Inocência
06045-MS-Itaporã,5004502,06045,MS,Itaporã
06047-MS-Ivinhema,5004700,06047,MS,Ivinhema
06049-MS-Jaraguari,5004908,06049,MS,Jaraguari
06050-MS-Jardim,5005004,06050,MS,Jardim
06051-MS-Jateí,5005103,06051,MS,Jateí
06052-MS-Ladário,5005202,06052,MS,Ladário
06054-MS-Maracaju,5005400,06054,MS,Maracaju
06056-MS-Miranda,5005608,06056,MS,Miranda
06057-MS-Naviraí,5005707,06057,MS,Naviraí
06058-MS-Nioaque,5005806,06058,MS,Nioaque
06062-MS-Nova Andrad,5006200,06062,MS,Nova Andradina
06063-MS-Paranaíba,5006309,06063,MS,Paranaíba
06064-MS-Pedro Gomes,5006408,06064,MS,Pedro Gomes
06066-MS-Ponta Porã,5006606,06066,MS,Ponta Porã
06069-MS-Porto Murti,5006903,06069,MS,Porto Murtinho
06071-MS-Ribas do Ri,5007109,06071,MS,Ribas do Rio Pardo
06072-MS-Rio Brilhan,5007208,06072,MS,Rio Brilhante
06073-MS-Rio Negro,5007307,06073,MS,Rio Negro
06074-MS-Rio Verde d,5007406,06074,MS,Rio Verde de Mato Grosso
06075-MS-Rochedo,5007505,06075,MS,Rochedo
06079-MS-Sidrolândia,5007901,06079,MS,Sidrolândia
06080-MS-Terenos,5008008,06080,MS,Terenos
06083-MS-Três Lagoas,5008305,06083,MS,Três Lagoas
06085-MS-Angélica,5000856,06085,MS,Angélica
06086-MS-Aral Moreir,5001243,06086,MS,Aral Moreira
06087-MS-Deodápolis,5003454,06087,MS,Deodápolis
06088-MS-Eldorado,5003751,06088,MS,Eldorado
06090-MS-Mundo Novo,5005681,06090,MS,Mundo Novo
06112-MS-Bodoquena,5002159,06112,MS,Bodoquena
06113-MS-Costa Rica,5003256,06113,MS,Costa Rica
06114-MS-Douradina,5003504,06114,MS,Douradina
06115-MS-Itaquiraí,5004601,06115,MS,Itaquiraí
06116-MS-São Gabriel,5007695,06116,MS,São Gabriel do Oeste
06117-MS-Selvíria,5007802,06117,MS,Selvíria
06118-MS-Sete Quedas,5007703,06118,MS,Sete Quedas
06119-MS-Tacuru,5007950,06119,MS,Tacuru
06120-MS-Taquarussu,5007976,06120,MS,Taquarussu
06121-MS-Coronel Sap,5003157,06121,MS,Coronel Sapucaia
06122-MS-Chapadão do,5002951,06122,MS,Chapadão do Sul
06123-MS-Dois Irmãos,5003488,06123,MS,Dois Irmãos do Buriti
06124-MS-Paranhos,5006358,06124,MS,Paranhos
06125-MS-Juti,5005152,06125,MS,Juti
06126-MS-Santa Rita ,5007554,06126,MS,Santa Rita do Pardo
06127-MS-Vicentina,5008404,06127,MS,Vicentina
06128-MS-Sonora,5007935,06128,MS,Sonora
06129-MS-Nova Alvora,5006002,06129,MS,Nova Alvorada do Sul
06130-MS-Alcinópolis,5000252,06130,MS,Alcinópolis
06131-MS-Japorã,5004809,06131,MS,Japorã
06132-MS-Laguna Cara,5005251,06132,MS,Laguna Carapã
06133-MS-Novo Horizo,5006259,06133,MS,Novo Horizonte do Sul
06134-MS-Figueirão,5003900,06134,MS,Figueirão
06135-MS-Paraiso das,5006275,06135,MS,Paraiso das Aguas
07001-ES-Afonso Cláu,3200102,07001,ES,Afonso Cláudio
07002-ES-Alegre,3200201,07002,ES,Alegre
07003-ES-Alfredo Cha,3200300,07003,ES,Alfredo Chaves
07004-ES-Anchieta,3200409,07004,ES,Anchieta
07005-ES-Apiacá,3200508,07005,ES,Apiacá
07006-ES-Aracruz,3200607,07006,ES,Aracruz
07007-ES-Atílio Viva,3200706,07007,ES,Atílio Vivacqua
07008-ES-Baixo Guand,3200805,07008,ES,Baixo Guandu
07009-ES-Barra de Sã,3200904,07009,ES,Barra de São Francisco
07010-ES-Boa Esperan,3201001,07010,ES,Boa Esperança
07011-ES-Bom Jesus d,3201100,07011,ES,Bom Jesus do Norte
07012-ES-Cachoeiro d,3201209,07012,ES,Cachoeiro de Itapemirim
07013-ES-Cariacica,3201308,07013,ES,Cariacica
07014-ES-Castelo,3201407,07014,ES,Castelo
07015-ES-Colatina,3201506,07015,ES,Colatina
07016-ES-Conceição d,3201605,07016,ES,Conceição da Barra
07017-ES-Conceição d,3201704,07017,ES,Conceição do Castelo
07018-ES-Divino de S,3201803,07018,ES,Divino de São Lourenço
07019-ES-Domingos Ma,3201902,07019,ES,Domingos Martins
07020-ES-Dores do Ri,3202009,07020,ES,Dores do Rio Preto
07021-ES-Ecoporanga,3202108,07021,ES,Ecoporanga
07022-ES-Fundão,3202207,07022,ES,Fundão
07023-ES-Guaçuí,3202306,07023,ES,Guaçuí
07024-ES-Guarapari,3202405,07024,ES,Guarapari
07025-ES-Ibiraçu,3202504,07025,ES,Ibiraçu
07026-ES-Iconha,3202603,07026,ES,Iconha
07027-ES-Itaguaçu,3202702,07027,ES,Itaguaçu
07028-ES-Itapemirim,3202801,07028,ES,Itapemirim
07029-ES-Itarana,3202900,07029,ES,Itarana
07030-ES-Iúna,3203007,07030,ES,Iúna
07031-ES-Jerônimo Mo,3203106,07031,ES,Jerônimo Monteiro
07032-ES-Linhares,3203205,07032,ES,Linhares
07033-ES-Mantenópoli,3203304,07033,ES,Mantenópolis
07034-ES-Mimoso do S,3203403,07034,ES,Mimoso do Sul
07035-ES-Montanha,3203502,07035,ES,Montanha
07036-ES-Mucurici,3203601,07036,ES,Mucurici
07037-ES-Muniz Freir,3203700,07037,ES,Muniz Freire
07038-ES-Muqui,3203809,07038,ES,Muqui
07039-ES-Nova Venéci,3203908,07039,ES,Nova Venécia
07040-ES-Pancas,3204005,07040,ES,Pancas
07041-ES-Pinheiros,3204104,07041,ES,Pinheiros
07042-ES-Piúma,3204203,07042,ES,Piúma
07043-ES-Presidente ,3204302,07043,ES,Presidente Kennedy
07044-ES-Rio Novo do,3204401,07044,ES,Rio Novo do Sul
07045-ES-Santa Leopo,3204500,07045,ES,Santa Leopoldina
07046-ES-Santa Teres,3204609,07046,ES,Santa Teresa
07047-ES-São Gabriel,3204708,07047,ES,São Gabriel da Palha
07048-ES-São José do,3204807,07048,ES,São José do Calçado
07049-ES-São Mateus,3204906,07049,ES,São Mateus
07050-ES-Serra,3205002,07050,ES,Serra
07051-ES-Viana,3205101,07051,ES,Viana
07052-ES-Vila Velha,3205200,07052,ES,Vila Velha
07053-ES-Vitória,3205309,07053,ES,Vitória
07054-ES-Ibatiba,3202454,07054,ES,Ibatiba
07055-ES-Jaguaré,3203056,07055,ES,Jaguaré
07056-ES-Marilândia,3203353,07056,ES,Marilândia
07057-ES-Rio Bananal,3204351,07057,ES,Rio Bananal
07058-ES-Pedro Canár,3204054,07058,ES,Pedro Canário
07059-ES-Água Doce d,3200169,07059,ES,Água Doce do Norte
07060-ES-Águia Branc,3200136,07060,ES,Águia Branca
07061-ES-Alto Rio No,3200359,07061,ES,Alto Rio Novo
07062-ES-Ibitirama,3202553,07062,ES,Ibitirama
07063-ES-João Neiva,3203130,07063,ES,João Neiva
07064-ES-Laranja da ,3203163,07064,ES,Laranja da Terra
07065-ES-Santa Maria,3204559,07065,ES,Santa Maria de Jetibá
07066-ES-Vargem Alta,3205036,07066,ES,Vargem Alta
07067-ES-Venda Nova ,3205069,07067,ES,Venda Nova do Imigrante
07068-ES-São Domingo,3204658,07068,ES,São Domingos do Norte
07069-ES-Marechal Fl,3203346,07069,ES,Marechal Floriano
07070-ES-Irupi,3202652,07070,ES,Irupi
07071-ES-Marataizes,3203320,07071,ES,Marataizes
07072-ES-Vila Pavão,3205150,07072,ES,Vila Pavão
07073-ES-Brejetuba,3201159,07073,ES,Brejetuba
07074-ES-Ponto Belo,3204252,07074,ES,Ponto Belo
07075-ES-São Roque d,3204955,07075,ES,São Roque do Canaã
07076-ES-Sooretama,3205010,07076,ES,Sooretama
07077-ES-Vila Valéri,3205176,07077,ES,Vila Valério
07078-ES-Governador ,3202256,07078,ES,Governador Lindenberg
08001-GO-Abadiânia,5200100,08001,GO,Abadiânia
08002-GO-Água Limpa,5200209,08002,GO,Água Limpa
08003-GO-Alexânia,5200308,08003,GO,Alexânia
08005-GO-Aloândia,5200506,08005,GO,Aloândia
08006-GO-Alto Paraís,5200605,08006,GO,Alto Paraíso de Goiás
08008-GO-Alvorada do,5200803,08008,GO,Alvorada do Norte
08009-GO-Amorinópoli,5200902,08009,GO,Amorinópolis
08011-GO-Anápolis,5201108,08011,GO,Anápolis
08012-GO-Anhangüera,5201207,08012,GO,Anhangüera
08013-GO-Anicuns,5201306,08013,GO,Anicuns
08014-GO-Aparecida d,5201405,08014,GO,Aparecida de Goiânia
08015-GO-Aporé,5201504,08015,GO,Aporé
08016-GO-Araçu,5201603,08016,GO,Araçu
08017-GO-Aragarças,5201702,08017,GO,Aragarças
08018-GO-Aragoiânia,5201801,08018,GO,Aragoiânia
08025-GO-Aruanã,5202502,08025,GO,Aruanã
08026-GO-Aurilândia,5202601,08026,GO,Aurilândia
08028-GO-Avelinópoli,5202809,08028,GO,Avelinópolis
08031-GO-Baliza,5203104,08031,GO,Baliza
08032-GO-Barro Alto,5203203,08032,GO,Barro Alto
08033-GO-Bela Vista ,5203302,08033,GO,Bela Vista de Goiás
08034-GO-Bom Jardim ,5203401,08034,GO,Bom Jardim de Goiás
08035-GO-Bom Jesus d,5203500,08035,GO,Bom Jesus de Goiás
08036-GO-Brazabrante,5203609,08036,GO,Brazabrantes
08038-GO-Britânia,5203807,08038,GO,Britânia
08039-GO-Buriti Aleg,5203906,08039,GO,Buriti Alegre
08040-GO-Cabeceiras,5204003,08040,GO,Cabeceiras
08041-GO-Cachoeira A,5204102,08041,GO,Cachoeira Alta
08042-GO-Cachoeira d,5204201,08042,GO,Cachoeira de Goiás
08043-GO-Caçu,5204300,08043,GO,Caçu
08044-GO-Caiapônia,5204409,08044,GO,Caiapônia
08045-GO-Caldas Nova,5204508,08045,GO,Caldas Novas
08046-GO-Campestre d,5204607,08046,GO,Campestre de Goiás
08047-GO-Campinorte,5204706,08047,GO,Campinorte
08048-GO-Campo Alegr,5204805,08048,GO,Campo Alegre de Goiás
08049-GO-Campos Belo,5204904,08049,GO,Campos Belos
08050-GO-Carmo do Ri,5205000,08050,GO,Carmo do Rio Verde
08051-GO-Catalão,5205109,08051,GO,Catalão
08052-GO-Caturaí,5205208,08052,GO,Caturaí
08053-GO-Cavalcante,5205307,08053,GO,Cavalcante
08054-GO-Ceres,5205406,08054,GO,Ceres
08055-GO-Divinópolis,5208301,08055,GO,Divinópolis de Goiás
08058-GO-Córrego do ,5205703,08058,GO,Córrego do Ouro
08059-GO-Corumbá de ,5205802,08059,GO,Corumbá de Goiás
08060-GO-Corumbaíba,5205901,08060,GO,Corumbaíba
08063-GO-Cristalina,5206206,08063,GO,Cristalina
08064-GO-Cristianópo,5206305,08064,GO,Cristianópolis
08065-GO-Crixás,5206404,08065,GO,Crixás
08066-GO-Cromínia,5206503,08066,GO,Cromínia
08067-GO-Cumari,5206602,08067,GO,Cumari
08068-GO-Damianópoli,5206701,08068,GO,Damianópolis
08069-GO-Damolândia,5206800,08069,GO,Damolândia
08070-GO-Davinópolis,5206909,08070,GO,Davinópolis
08072-GO-Diorama,5207105,08072,GO,Diorama
08075-GO-Edéia,5207402,08075,GO,Edéia
08076-GO-Estrela do ,5207501,08076,GO,Estrela do Norte
08077-GO-Fazenda Nov,5207600,08077,GO,Fazenda Nova
08079-GO-Firminópoli,5207808,08079,GO,Firminópolis
08080-GO-Flores de G,5207907,08080,GO,Flores de Goiás
08081-GO-Formosa,5208004,08081,GO,Formosa
08082-GO-Formoso,5208103,08082,GO,Formoso
08084-GO-Goianápolis,5208400,08084,GO,Goianápolis
08085-GO-Goiandira,5208509,08085,GO,Goiandira
08086-GO-Goianésia,5208608,08086,GO,Goianésia
08087-GO-Goiânia,5208707,08087,GO,Goiânia
08088-GO-Goianira,5208806,08088,GO,Goianira
08089-GO-Goiás,5208905,08089,GO,Goiás
08090-GO-Goiatuba,5209101,08090,GO,Goiatuba
08091-GO-Guapó,5209200,08091,GO,Guapó
08092-GO-Guarani de ,5209408,08092,GO,Guarani de Goiás
08094-GO-Heitoraí,5209606,08094,GO,Heitoraí
08095-GO-Hidrolândia,5209705,08095,GO,Hidrolândia
08096-GO-Hidrolina,5209804,08096,GO,Hidrolina
08097-GO-Iaciara,5209903,08097,GO,Iaciara
08098-GO-Inhumas,5210000,08098,GO,Inhumas
08099-GO-Ipameri,5210109,08099,GO,Ipameri
08100-GO-Iporá,5210208,08100,GO,Iporá
08101-GO-Israelândia,5210307,08101,GO,Israelândia
08102-GO-Itaberaí,5210406,08102,GO,Itaberaí
08104-GO-Itaguaru,5210604,08104,GO,Itaguaru
08106-GO-Itajá,5210802,08106,GO,Itajá
08107-GO-Itapaci,5210901,08107,GO,Itapaci
08108-GO-Itapirapuã,5211008,08108,GO,Itapirapuã
08110-GO-Itapuranga,5211206,08110,GO,Itapuranga
08111-GO-Itarumã,5211305,08111,GO,Itarumã
08112-GO-Itauçu,5211404,08112,GO,Itauçu
08113-GO-Itumbiara,5211503,08113,GO,Itumbiara
08114-GO-Ivolândia,5211602,08114,GO,Ivolândia
08115-GO-Jandaia,5211701,08115,GO,Jandaia
08116-GO-Jaraguá,5211800,08116,GO,Jaraguá
08117-GO-Jataí,5211909,08117,GO,Jataí
08118-GO-Jaupaci,5212006,08118,GO,Jaupaci
08119-GO-Joviânia,5212105,08119,GO,Joviânia
08120-GO-Jussara,5212204,08120,GO,Jussara
08122-GO-Leopoldo de,5212303,08122,GO,Leopoldo de Bulhões
08123-GO-Luziânia,5212501,08123,GO,Luziânia
08124-GO-Mairipotaba,5212600,08124,GO,Mairipotaba
08125-GO-Mambaí,5212709,08125,GO,Mambaí
08126-GO-Mara Rosa,5212808,08126,GO,Mara Rosa
08127-GO-Marzagão,5212907,08127,GO,Marzagão
08128-GO-Paranaiguar,5216304,08128,GO,Paranaiguara
08129-GO-Maurilândia,5213004,08129,GO,Maurilândia
08130-GO-Mineiros,5213103,08130,GO,Mineiros
08133-GO-Moiporá,5213400,08133,GO,Moiporá
08134-GO-Monte Alegr,5213509,08134,GO,Monte Alegre de Goiás
08136-GO-Montes Clar,5213707,08136,GO,Montes Claros de Goiás
08137-GO-Morrinhos,5213806,08137,GO,Morrinhos
08138-GO-Mossâmedes,5213905,08138,GO,Mossâmedes
08139-GO-Mozarlândia,5214002,08139,GO,Mozarlândia
08140-GO-Mutunópolis,5214101,08140,GO,Mutunópolis
08143-GO-Nazário,5214408,08143,GO,Nazário
08144-GO-Nerópolis,5214507,08144,GO,Nerópolis
08145-GO-Niquelândia,5214606,08145,GO,Niquelândia
08146-GO-Nova Améric,5214705,08146,GO,Nova América
08147-GO-Nova Aurora,5214804,08147,GO,Nova Aurora
08148-GO-Nova Roma,5214903,08148,GO,Nova Roma
08149-GO-Nova Veneza,5215009,08149,GO,Nova Veneza
08151-GO-Novo Brasil,5215207,08151,GO,Novo Brasil
08152-GO-Orizona,5215306,08152,GO,Orizona
08153-GO-Ouro Verde ,5215405,08153,GO,Ouro Verde de Goiás
08154-GO-Ouvidor,5215504,08154,GO,Ouvidor
08155-GO-Padre Berna,5215603,08155,GO,Padre Bernardo
08156-GO-Palmeiras d,5215702,08156,GO,Palmeiras de Goiás
08157-GO-Palmelo,5215801,08157,GO,Palmelo
08158-GO-Palminópoli,5215900,08158,GO,Palminópolis
08159-GO-Panamá,5216007,08159,GO,Panamá
08162-GO-Paraúna,5216403,08162,GO,Paraúna
08166-GO-Petrolina d,5216809,08166,GO,Petrolina de Goiás
08168-GO-Pilar de Go,5216908,08168,GO,Pilar de Goiás
08170-GO-Piracanjuba,5217104,08170,GO,Piracanjuba
08171-GO-Piranhas,5217203,08171,GO,Piranhas
08172-GO-Pirenópolis,5217302,08172,GO,Pirenópolis
08173-GO-Pires do Ri,5217401,08173,GO,Pires do Rio
08175-GO-Pontalina,5217708,08175,GO,Pontalina
08178-GO-Porangatu,5218003,08178,GO,Porangatu
08179-GO-Portelândia,5218102,08179,GO,Portelândia
08181-GO-Posse,5218300,08181,GO,Posse
08182-GO-Quirinópoli,5218508,08182,GO,Quirinópolis
08183-GO-Rialma,5218607,08183,GO,Rialma
08184-GO-Rianápolis,5218706,08184,GO,Rianápolis
08186-GO-Rio Verde,5218805,08186,GO,Rio Verde
08187-GO-Rubiataba,5218904,08187,GO,Rubiataba
08188-GO-Sanclerlând,5219001,08188,GO,Sanclerlândia
08189-GO-Santa Bárba,5219100,08189,GO,Santa Bárbara de Goiás
08190-GO-Santa Cruz ,5219209,08190,GO,Santa Cruz de Goiás
08191-GO-Santa Helen,5219308,08191,GO,Santa Helena de Goiás
08192-GO-Santa Rita ,5219407,08192,GO,Santa Rita do Araguaia
08193-GO-Santa Rosa ,5219506,08193,GO,Santa Rosa de Goiás
08194-GO-Santa Terez,5219605,08194,GO,Santa Tereza de Goiás
08195-GO-Santa Terez,5219704,08195,GO,Santa Terezinha de Goiás
08196-GO-São Domingo,5219803,08196,GO,São Domingos
08197-GO-São Francis,5219902,08197,GO,São Francisco de Goiás
08198-GO-Planaltina,5217609,08198,GO,Planaltina
08199-GO-São João d ,5220009,08199,GO,São João d Aliança
08200-GO-São Luís de,5220108,08200,GO,São Luís de Montes Belos
08201-GO-São Miguel ,5220207,08201,GO,São Miguel do Araguaia
08203-GO-São Simão,5220405,08203,GO,São Simão
08204-GO-Serranópoli,5220504,08204,GO,Serranópolis
08205-GO-Silvânia,5220603,08205,GO,Silvânia
08206-GO-Sítio d Aba,5220702,08206,GO,Sítio d Abadia
08209-GO-Taquaral de,5221007,08209,GO,Taquaral de Goiás
08212-GO-Três Rancho,5221304,08212,GO,Três Ranchos
08213-GO-Trindade,5221403,08213,GO,Trindade
08216-GO-Turvânia,5221502,08216,GO,Turvânia
08217-GO-Uruaçu,5221601,08217,GO,Uruaçu
08218-GO-Uruana,5221700,08218,GO,Uruana
08219-GO-Urutaí,5221809,08219,GO,Urutaí
08220-GO-Varjão,5221908,08220,GO,Varjão
08221-GO-Vianópolis,5222005,08221,GO,Vianópolis
08223-GO-Acreúna,5200134,08223,GO,Acreúna
08224-GO-Minaçu,5213087,08224,GO,Minaçu
08225-GO-Americano d,5200852,08225,GO,Americano do Brasil
08227-GO-Mundo Novo,5214051,08227,GO,Mundo Novo
08228-GO-Nova Crixás,5214838,08228,GO,Nova Crixás
08229-GO-Nova Glória,5214861,08229,GO,Nova Glória
08233-GO-Vicentinópo,5222054,08233,GO,Vicentinópolis
08235-GO-Araguapaz,5202155,08235,GO,Araguapaz
08236-GO-Arenópolis,5202353,08236,GO,Arenópolis
08237-GO-Cachoeira D,5204250,08237,GO,Cachoeira Dourada
08239-GO-Campinaçu,5204656,08239,GO,Campinaçu
08240-GO-Doverlândia,5207253,08240,GO,Doverlândia
08242-GO-Indiara,5209952,08242,GO,Indiara
08244-GO-Santa Isabe,5219357,08244,GO,Santa Isabel
08245-GO-Santo Antôn,5219753,08245,GO,Santo Antônio do Descoberto
08246-GO-Adelândia,5200159,08246,GO,Adelândia
08247-GO-Água Fria d,5200175,08247,GO,Água Fria de Goiás
08252-GO-Bonfinópoli,5203559,08252,GO,Bonfinópolis
08254-GO-Campos Verd,5204953,08254,GO,Campos Verdes
08256-GO-Cezarina,5205455,08256,GO,Cezarina
08257-GO-Colinas do ,5205521,08257,GO,Colinas do Sul
08260-GO-Edealina,5207352,08260,GO,Edealina
08261-GO-Faina,5207535,08261,GO,Faina
08263-GO-Gouvelândia,5209150,08263,GO,Gouvelândia
08264-GO-Itaguari,5210562,08264,GO,Itaguari
08266-GO-Matrinchã,5212956,08266,GO,Matrinchã
08267-GO-Mimoso de G,5213053,08267,GO,Mimoso de Goiás
08268-GO-Montividiu,5213756,08268,GO,Montividiu
08269-GO-Morro Agudo,5213855,08269,GO,Morro Agudo de Goiás
08270-GO-Nova Iguaçu,5214879,08270,GO,Nova Iguaçu de Goiás
08273-GO-Novo Planal,5215256,08273,GO,Novo Planalto
08274-GO-Palestina d,5215652,08274,GO,Palestina de Goiás
08279-GO-Santa Fé de,5219258,08279,GO,Santa Fé de Goiás
08282-GO-São João da,5220058,08282,GO,São João da Paraúna
08283-GO-São Luiz do,5220157,08283,GO,São Luiz do Norte
08284-GO-São Miguel ,5220264,08284,GO,São Miguel do Passa Quatro
08286-GO-Senador Can,5220454,08286,GO,Senador Canedo
08287-GO-Simolândia,5220686,08287,GO,Simolândia
08289-GO-Teresina de,5221080,08289,GO,Teresina de Goiás
08290-GO-Trombas,5221452,08290,GO,Trombas
08291-GO-Turvelândia,5221551,08291,GO,Turvelândia
08292-GO-Guarinos,5209457,08292,GO,Guarinos
08293-GO-Rio Quente,5218789,08293,GO,Rio Quente
08294-GO-Santo Antôn,5219738,08294,GO,Santo Antônio de Goiás
08295-GO-Alto Horizo,5200555,08295,GO,Alto Horizonte
08296-GO-Castelândia,5205059,08296,GO,Castelândia
08297-GO-Chapadão do,5205471,08297,GO,Chapadão do Céu
08298-GO-Cidade Ocid,5205497,08298,GO,Cidade Ocidental
08299-GO-Cocalzinho ,5205513,08299,GO,Cocalzinho de Goiás
08300-GO-Jesúpolis,5212055,08300,GO,Jesúpolis
08301-GO-Perolândia,5216452,08301,GO,Perolândia
08302-GO-Professor J,5218391,08302,GO,Professor Jamil
08303-GO-Aparecida d,5201454,08303,GO,Aparecida do Rio Doce
08304-GO-Terezópolis,5221197,08304,GO,Terezópolis de Goiás
08305-GO-Buriti de G,5203939,08305,GO,Buriti de Goiás
08306-GO-Guaraíta,5209291,08306,GO,Guaraíta
08307-GO-Inaciolândi,5209937,08307,GO,Inaciolândia
08308-GO-Santo Antôn,5219712,08308,GO,Santo Antônio da Barra
08309-GO-Montividiu ,5213772,08309,GO,Montividiu do Norte
08310-GO-Uirapuru,5221577,08310,GO,Uirapuru
08311-GO-Caldazinha,5204557,08311,GO,Caldazinha
08312-GO-Buritinópol,5203962,08312,GO,Buritinópolis
08313-GO-Vila Boa,5222203,08313,GO,Vila Boa
08314-GO-Abadia de G,5200050,08314,GO,Abadia de Goiás
08315-GO-Águas Linda,5200258,08315,GO,Águas Lindas de Goiás
08316-GO-Amaralina,5200829,08316,GO,Amaralina
08317-GO-Bonópolis,5203575,08317,GO,Bonópolis
08318-GO-Novo Gama,5215231,08318,GO,Novo Gama
08319-GO-Porteirão,5218052,08319,GO,Porteirão
08320-GO-Santa Rita ,5219456,08320,GO,Santa Rita do Novo Destino
08321-GO-São Patríci,5220280,08321,GO,São Patrício
08322-GO-Valparaíso ,5221858,08322,GO,Valparaíso de Goiás
08323-GO-Vila Propíc,5222302,08323,GO,Vila Propício
08324-GO-Campo Limpo,5204854,08324,GO,Campo Limpo de Goias
08325-GO-Gameleira d,5208152,08325,GO,Gameleira de Goias
08326-GO-Ipiranga de,5210158,08326,GO,Ipiranga de Goias
08327-GO-Lagoa Santa,5212253,08327,GO,Lagoa Santa
09001-MA-Afonso Cunh,2100105,09001,MA,Afonso Cunha
09002-MA-Alcântara,2100204,09002,MA,Alcântara
09003-MA-Aldeias Alt,2100303,09003,MA,Aldeias Altas
09004-MA-Altamira do,2100402,09004,MA,Altamira do Maranhão
09005-MA-Alto Parnaí,2100501,09005,MA,Alto Parnaíba
09006-MA-Amarante do,2100600,09006,MA,Amarante do Maranhão
09007-MA-Anajatuba,2100709,09007,MA,Anajatuba
09008-MA-Anapurus,2100808,09008,MA,Anapurus
09009-MA-Araioses,2100907,09009,MA,Araioses
09010-MA-Arari,2101004,09010,MA,Arari
09011-MA-Axixá,2101103,09011,MA,Axixá
09012-MA-Bacabal,2101202,09012,MA,Bacabal
09013-MA-Bacuri,2101301,09013,MA,Bacuri
09014-MA-Balsas,2101400,09014,MA,Balsas
09015-MA-Barão de Gr,2101509,09015,MA,Barão de Grajaú
09016-MA-Barra do Co,2101608,09016,MA,Barra do Corda
09017-MA-Barreirinha,2101707,09017,MA,Barreirinhas
09018-MA-Benedito Le,2101806,09018,MA,Benedito Leite
09019-MA-Bequimão,2101905,09019,MA,Bequimão
09020-MA-Brejo,2102101,09020,MA,Brejo
09021-MA-Buriti,2102200,09021,MA,Buriti
09022-MA-Buriti Brav,2102309,09022,MA,Buriti Bravo
09023-MA-Cajapió,2102408,09023,MA,Cajapió
09024-MA-Cajari,2102507,09024,MA,Cajari
09025-MA-Cândido Men,2102606,09025,MA,Cândido Mendes
09026-MA-Cantanhede,2102705,09026,MA,Cantanhede
09027-MA-Carolina,2102804,09027,MA,Carolina
09028-MA-Carutapera,2102903,09028,MA,Carutapera
09029-MA-Caxias,2103000,09029,MA,Caxias
09030-MA-Cedral,2103109,09030,MA,Cedral
09031-MA-Chapadinha,2103208,09031,MA,Chapadinha
09032-MA-Codó,2103307,09032,MA,Codó
09033-MA-Coelho Neto,2103406,09033,MA,Coelho Neto
09034-MA-Colinas,2103505,09034,MA,Colinas
09035-MA-Coroatá,2103604,09035,MA,Coroatá
09036-MA-Cururupu,2103703,09036,MA,Cururupu
09037-MA-Dom Pedro,2103802,09037,MA,Dom Pedro
09038-MA-Duque Bacel,2103901,09038,MA,Duque Bacelar
09039-MA-Esperantinó,2104008,09039,MA,Esperantinópolis
09040-MA-Fortaleza d,2104107,09040,MA,Fortaleza dos Nogueiras
09041-MA-Fortuna,2104206,09041,MA,Fortuna
09042-MA-Godofredo V,2104305,09042,MA,Godofredo Viana
09043-MA-Gonçalves D,2104404,09043,MA,Gonçalves Dias
09044-MA-Governador ,2104503,09044,MA,Governador Archer
09045-MA-Governador ,2104602,09045,MA,Governador Eugênio Barros
09046-MA-Graça Aranh,2104701,09046,MA,Graça Aranha
09047-MA-Grajaú,2104800,09047,MA,Grajaú
09048-MA-Guimarães,2104909,09048,MA,Guimarães
09049-MA-Humberto de,2105005,09049,MA,Humberto de Campos
09050-MA-Icatu,2105104,09050,MA,Icatu
09051-MA-Igarapé Gra,2105203,09051,MA,Igarapé Grande
09052-MA-Imperatriz,2105302,09052,MA,Imperatriz
09053-MA-São Luís Go,2111409,09053,MA,São Luís Gonzaga do Maranhão
09054-MA-Itapecuru M,2105401,09054,MA,Itapecuru Mirim
09055-MA-João Lisboa,2105500,09055,MA,João Lisboa
09056-MA-Joselândia,2105609,09056,MA,Joselândia
09057-MA-Lago da Ped,2105708,09057,MA,Lago da Pedra
09058-MA-Lago do Jun,2105807,09058,MA,Lago do Junco
09059-MA-Lago Verde,2105906,09059,MA,Lago Verde
09060-MA-Lima Campos,2106003,09060,MA,Lima Campos
09061-MA-Loreto,2106102,09061,MA,Loreto
09062-MA-Luís Doming,2106201,09062,MA,Luís Domingues
09063-MA-Magalhães d,2106300,09063,MA,Magalhães de Almeida
09064-MA-Mata Roma,2106409,09064,MA,Mata Roma
09065-MA-Matinha,2106508,09065,MA,Matinha
09066-MA-Matões,2106607,09066,MA,Matões
09067-MA-Mirador,2106706,09067,MA,Mirador
09068-MA-Mirinzal,2106805,09068,MA,Mirinzal
09069-MA-Monção,2106904,09069,MA,Monção
09070-MA-Montes Alto,2107001,09070,MA,Montes Altos
09071-MA-Morros,2107100,09071,MA,Morros
09072-MA-Nina Rodrig,2107209,09072,MA,Nina Rodrigues
09073-MA-Nova Iorque,2107308,09073,MA,Nova Iorque
09074-MA-Olho d Água,2107407,09074,MA,Olho d Água das Cunhãs
09075-MA-Paço do Lum,2107506,09075,MA,Paço do Lumiar
09076-MA-Palmeirândi,2107605,09076,MA,Palmeirândia
09077-MA-Paraibano,2107704,09077,MA,Paraibano
09078-MA-Parnarama,2107803,09078,MA,Parnarama
09079-MA-Passagem Fr,2107902,09079,MA,Passagem Franca
09080-MA-Pastos Bons,2108009,09080,MA,Pastos Bons
09081-MA-Pedreiras,2108207,09081,MA,Pedreiras
09082-MA-Penalva,2108306,09082,MA,Penalva
09083-MA-Peri Mirim,2108405,09083,MA,Peri Mirim
09084-MA-Pindaré Mir,2108504,09084,MA,Pindaré Mirim
09085-MA-Pinheiro,2108603,09085,MA,Pinheiro
09086-MA-Pio XII,2108702,09086,MA,Pio XII
09087-MA-Pirapemas,2108801,09087,MA,Pirapemas
09088-MA-Poção de Pe,2108900,09088,MA,Poção de Pedras
09089-MA-Porto Franc,2109007,09089,MA,Porto Franco
09090-MA-Presidente ,2109106,09090,MA,Presidente Dutra
09091-MA-Presidente ,2109205,09091,MA,Presidente Juscelino
09092-MA-Presidente ,2109304,09092,MA,Presidente Vargas
09093-MA-Primeira Cr,2109403,09093,MA,Primeira Cruz
09094-MA-Riachão,2109502,09094,MA,Riachão
09095-MA-São José de,2111201,09095,MA,São José de Ribamar
09096-MA-Rosário,2109601,09096,MA,Rosário
09097-MA-Sambaíba,2109700,09097,MA,Sambaíba
09098-MA-Santa Helen,2109809,09098,MA,Santa Helena
09099-MA-Santa Luzia,2110005,09099,MA,Santa Luzia
09100-MA-Santa Quité,2110104,09100,MA,Santa Quitéria do Maranhão
09101-MA-Santa Rita,2110203,09101,MA,Santa Rita
09102-MA-Santo Antôn,2110302,09102,MA,Santo Antônio dos Lopes
09103-MA-São Benedit,2110401,09103,MA,São Benedito do Rio Preto
09104-MA-São Bento,2110500,09104,MA,São Bento
09105-MA-São Bernard,2110609,09105,MA,São Bernardo
09106-MA-São Domingo,2110708,09106,MA,São Domingos do Maranhão
09107-MA-São Félix d,2110807,09107,MA,São Félix de Balsas
09108-MA-São Francis,2110906,09108,MA,São Francisco do Maranhão
09109-MA-São João Ba,2111003,09109,MA,São João Batista
09110-MA-São João do,2111102,09110,MA,São João dos Patos
09111-MA-São Luís,2111300,09111,MA,São Luís
09112-MA-São Mateus ,2111508,09112,MA,São Mateus do Maranhão
09113-MA-São Raimund,2111607,09113,MA,São Raimundo das Mangabeiras
09114-MA-São Vicente,2111706,09114,MA,São Vicente Ferrer
09115-MA-Sítio Novo,2111805,09115,MA,Sítio Novo
09116-MA-Sucupira do,2111904,09116,MA,Sucupira do Norte
09117-MA-Tasso Frago,2112001,09117,MA,Tasso Fragoso
09118-MA-Timbiras,2112100,09118,MA,Timbiras
09119-MA-Timon,2112209,09119,MA,Timon
09120-MA-Tuntum,2112308,09120,MA,Tuntum
09121-MA-Turiaçu,2112407,09121,MA,Turiaçu
09122-MA-Tutóia,2112506,09122,MA,Tutóia
09123-MA-Urbano Sant,2112605,09123,MA,Urbano Santos
09124-MA-Vargem Gran,2112704,09124,MA,Vargem Grande
09125-MA-Viana,2112803,09125,MA,Viana
09126-MA-Vitória do ,2112902,09126,MA,Vitória do Mearim
09127-MA-Vitorino Fr,2113009,09127,MA,Vitorino Freire
09128-MA-Bom Jardim,2102002,09128,MA,Bom Jardim
09129-MA-Santa Inês,2109908,09129,MA,Santa Inês
09130-MA-Paulo Ramos,2108108,09130,MA,Paulo Ramos
09131-MA-Açailândia,2100055,09131,MA,Açailândia
09132-MA-Estreito,2104057,09132,MA,Estreito
09133-MA-Santa Luzia,2110039,09133,MA,Santa Luzia do Paruá
09134-MA-Arame,2100956,09134,MA,Arame
09135-MA-Miranda do ,2106755,09135,MA,Miranda do Norte
09136-MA-Zé Doca,2114007,09136,MA,Zé Doca
09137-MA-Água Doce d,2100154,09137,MA,Água Doce do Maranhão
09138-MA-Alto Alegre,2100436,09138,MA,Alto Alegre do Maranhão
09139-MA-Alto Alegre,2100477,09139,MA,Alto Alegre do Pindaré
09140-MA-Amapá do Ma,2100550,09140,MA,Amapá do Maranhão
09141-MA-Apicum-Açu,2100832,09141,MA,Apicum-Açu
09142-MA-Araguanã,2100873,09142,MA,Araguanã
09143-MA-Bacabeira,2101251,09143,MA,Bacabeira
09144-MA-Bacurituba,2101350,09144,MA,Bacurituba
09145-MA-Belágua,2101731,09145,MA,Belágua
09146-MA-Bela Vista ,2101772,09146,MA,Bela Vista do Maranhão
09147-MA-Bernardo do,2101939,09147,MA,Bernardo do Mearim
09148-MA-Boa Vista d,2101970,09148,MA,Boa Vista do Gurupi
09149-MA-Bom Jesus d,2102036,09149,MA,Bom Jesus das Selvas
09150-MA-Bom Lugar,2102077,09150,MA,Bom Lugar
09151-MA-Brejo de Ar,2102150,09151,MA,Brejo de Areia
09152-MA-Buriticupu,2102325,09152,MA,Buriticupu
09153-MA-Buritirana,2102358,09153,MA,Buritirana
09154-MA-Cachoeira G,2102374,09154,MA,Cachoeira Grande
09155-MA-Campestre d,2102556,09155,MA,Campestre do Maranhão
09156-MA-Capinzal do,2102754,09156,MA,Capinzal do Norte
09157-MA-Central do ,2103125,09157,MA,Central do Maranhão
09158-MA-Centro do G,2103158,09158,MA,Centro do Guilherme
09159-MA-Centro Novo,2103174,09159,MA,Centro Novo do Maranhão
09160-MA-Cidelândia,2103257,09160,MA,Cidelândia
09161-MA-Conceição d,2103554,09161,MA,Conceição do Lago-Açu
09162-MA-Davinópolis,2103752,09162,MA,Davinópolis
09163-MA-Feira Nova ,2104073,09163,MA,Feira Nova do Maranhão
09164-MA-Fernando Fa,2104081,09164,MA,Fernando Falcão
09165-MA-Formosa da ,2104099,09165,MA,Formosa da Serra Negra
09166-MA-Governador ,2104552,09166,MA,Governador Edison Lobão
09167-MA-Governador ,2104628,09167,MA,Governador Luiz Rocha
09168-MA-Governador ,2104651,09168,MA,Governador Newton Bello
09169-MA-Governador ,2104677,09169,MA,Governador Nunes Freire
09170-MA-Igarapé do ,2105153,09170,MA,Igarapé do Meio
09171-MA-Itaipava do,2105351,09171,MA,Itaipava do Grajaú
09172-MA-Itinga do M,2105427,09172,MA,Itinga do Maranhão
09173-MA-Jatobá,2105450,09173,MA,Jatobá
09174-MA-Jenipapo do,2105476,09174,MA,Jenipapo dos Vieiras
09175-MA-Junco do Ma,2105658,09175,MA,Junco do Maranhão
09176-MA-Lagoa do Ma,2105922,09176,MA,Lagoa do Mato
09177-MA-Lago dos Ro,2105948,09177,MA,Lago dos Rodrigues
09178-MA-Lagoa Grand,2105963,09178,MA,Lagoa Grande do Maranhão
09179-MA-Lajeado Nov,2105989,09179,MA,Lajeado Novo
09180-MA-Maracaçumé,2106326,09180,MA,Maracaçumé
09181-MA-Marajá do S,2106359,09181,MA,Marajá do Sena
09182-MA-Maranhãozin,2106375,09182,MA,Maranhãozinho
09183-MA-Matões do N,2106631,09183,MA,Matões do Norte
09184-MA-Milagres do,2106672,09184,MA,Milagres do Maranhão
09185-MA-Nova Colina,2107258,09185,MA,Nova Colinas
09186-MA-Nova Olinda,2107357,09186,MA,Nova Olinda do Maranhão
09187-MA-Olinda Nova,2107456,09187,MA,Olinda Nova do Maranhão
09188-MA-Paulino Nev,2108058,09188,MA,Paulino Neves
09189-MA-Pedro do Ro,2108256,09189,MA,Pedro do Rosário
09190-MA-Peritoró,2108454,09190,MA,Peritoró
09191-MA-Porto Rico ,2109056,09191,MA,Porto Rico do Maranhão
09192-MA-Presidente ,2109239,09192,MA,Presidente Médici
09193-MA-Presidente ,2109270,09193,MA,Presidente Sarney
09194-MA-Raposa,2109452,09194,MA,Raposa
09195-MA-Ribamar Fiq,2109551,09195,MA,Ribamar Fiquene
09196-MA-Santa Filom,2109759,09196,MA,Santa Filomena do Maranhão
09197-MA-Santana do ,2110237,09197,MA,Santana do Maranhão
09198-MA-Santo Amaro,2110278,09198,MA,Santo Amaro do Maranhão
09199-MA-São Domingo,2110658,09199,MA,São Domingos do Azeitão
09200-MA-São Francis,2110856,09200,MA,São Francisco do Brejão
09201-MA-São João do,2111029,09201,MA,São João do Caru
09202-MA-São João do,2111052,09202,MA,São João do Paraíso
09203-MA-São João do,2111078,09203,MA,São João do Soter
09204-MA-São José do,2111250,09204,MA,São José dos Basílios
09205-MA-São Pedro d,2111532,09205,MA,São Pedro da Água Branca
09206-MA-São Pedro d,2111573,09206,MA,São Pedro dos Crentes
09207-MA-São Raimund,2111631,09207,MA,São Raimundo do Doca Bezerra
09208-MA-São Roberto,2111672,09208,MA,São Roberto
09209-MA-Satubinha,2111722,09209,MA,Satubinha
09210-MA-Senador Ale,2111748,09210,MA,Senador Alexandre Costa
09211-MA-Senador La ,2111763,09211,MA,Senador La Rocque
09212-MA-Serrano do ,2111789,09212,MA,Serrano do Maranhão
09213-MA-Sucupira do,2111953,09213,MA,Sucupira do Riachão
09214-MA-Trizidela d,2112233,09214,MA,Trizidela do Vale
09215-MA-Tufilândia,2112274,09215,MA,Tufilândia
09216-MA-Turilândia,2112456,09216,MA,Turilândia
09217-MA-Vila Nova d,2112852,09217,MA,Vila Nova dos Martírios
10001-MT-Acorizal,5100102,10001,MT,Acorizal
10003-MT-Alto Aragua,5100300,10003,MT,Alto Araguaia
10004-MT-Alto Garças,5100409,10004,MT,Alto Garças
10005-MT-Alto Paragu,5100508,10005,MT,Alto Paraguai
10012-MT-Araguainha,5101209,10012,MT,Araguainha
10013-MT-Arenápolis,5101308,10013,MT,Arenápolis
10014-MT-Aripuanã,5101407,10014,MT,Aripuanã
10016-MT-Barão de Me,5101605,10016,MT,Barão de Melgaço
10017-MT-Barra do Bu,5101704,10017,MT,Barra do Bugres
10018-MT-Barra do Ga,5101803,10018,MT,Barra do Garças
10024-MT-Cáceres,5102504,10024,MT,Cáceres
10030-MT-Chapada dos,5103007,10030,MT,Chapada dos Guimarães
10034-MT-Cuiabá,5103403,10034,MT,Cuiabá
10035-MT-Diamantino,5103502,10035,MT,Diamantino
10036-MT-Dom Aquino,5103601,10036,MT,Dom Aquino
10039-MT-General Car,5103908,10039,MT,General Carneiro
10042-MT-Guiratinga,5104203,10042,MT,Guiratinga
10046-MT-Itiquira,5104609,10046,MT,Itiquira
10048-MT-Jaciara,5104807,10048,MT,Jaciara
10053-MT-Luciara,5105309,10053,MT,Luciara
10055-MT-Vila Bela d,5105507,10055,MT,Vila Bela da Santíssima Trindade
10059-MT-Nobres,5105903,10059,MT,Nobres
10060-MT-Nortelândia,5106000,10060,MT,Nortelândia
10061-MT-Nossa Senho,5106109,10061,MT,Nossa Senhora do Livramento
10065-MT-Poconé,5106505,10065,MT,Poconé
10067-MT-Ponte Branc,5106703,10067,MT,Ponte Branca
10068-MT-Porto dos G,5106802,10068,MT,Porto dos Gaúchos
10070-MT-Poxoréo,5107008,10070,MT,Poxoréo
10076-MT-Rondonópoli,5107602,10076,MT,Rondonópolis
10077-MT-Rosário Oes,5107701,10077,MT,Rosário Oeste
10078-MT-Santo Antôn,5107800,10078,MT,Santo Antônio do Leverger
10081-MT-Tesouro,5108105,10081,MT,Tesouro
10082-MT-Torixoréu,5108204,10082,MT,Torixoréu
10084-MT-Várzea Gran,5108402,10084,MT,Várzea Grande
10089-MT-Mirassol d ,5105622,10089,MT,Mirassol d Oeste
10091-MT-Pedra Preta,5106372,10091,MT,Pedra Preta
10092-MT-São Félix d,5107859,10092,MT,São Félix do Araguaia
10093-MT-Tangará da ,5107958,10093,MT,Tangará da Serra
10095-MT-Água Boa,5100201,10095,MT,Água Boa
10096-MT-Alta Flores,5100250,10096,MT,Alta Floresta
10097-MT-Araputanga,5101258,10097,MT,Araputanga
10098-MT-Canarana,5102702,10098,MT,Canarana
10099-MT-Colíder,5103205,10099,MT,Colíder
10100-MT-Jauru,5105002,10100,MT,Jauru
10101-MT-Juscimeira,5105200,10101,MT,Juscimeira
10102-MT-Nova Brasil,5106208,10102,MT,Nova Brasilândia
10103-MT-Paranatinga,5106307,10103,MT,Paranatinga
10104-MT-Pontes e La,5106752,10104,MT,Pontes e Lacerda
10105-MT-São José do,5107107,10105,MT,São José dos Quatro Marcos
10106-MT-Rio Branco,5107206,10106,MT,Rio Branco
10107-MT-São José do,5107305,10107,MT,São José do Rio Claro
10108-MT-Salto do Cé,5107750,10108,MT,Salto do Céu
10109-MT-Santa Terez,5107776,10109,MT,Santa Terezinha
10110-MT-Sinop,5107909,10110,MT,Sinop
10111-MT-Nova Xavant,5106257,10111,MT,Nova Xavantina
10121-MT-Denise,5103452,10121,MT,Denise
10122-MT-Juara,5105101,10122,MT,Juara
10123-MT-Juína,5105150,10123,MT,Juína
10124-MT-Alto Taquar,5100607,10124,MT,Alto Taquari
10125-MT-Araguaiana,5101001,10125,MT,Araguaiana
10126-MT-Campinápoli,5102603,10126,MT,Campinápolis
10127-MT-Cocalinho,5103106,10127,MT,Cocalinho
10128-MT-Comodoro,5103304,10128,MT,Comodoro
10129-MT-Figueirópol,5103809,10129,MT,Figueirópolis d Oeste
10130-MT-Guarantã do,5104104,10130,MT,Guarantã do Norte
10131-MT-Indiavaí,5104500,10131,MT,Indiavaí
10132-MT-Itaúba,5104559,10132,MT,Itaúba
10133-MT-Marcelândia,5105580,10133,MT,Marcelândia
10134-MT-Nova Canaã ,5106216,10134,MT,Nova Canaã do Norte
10135-MT-Nova Olímpi,5106232,10135,MT,Nova Olímpia
10136-MT-Novo Horizo,5106273,10136,MT,Novo Horizonte do Norte
10137-MT-Novo São Jo,5106281,10137,MT,Novo São Joaquim
10138-MT-Paranaíta,5106299,10138,MT,Paranaíta
10139-MT-Peixoto de ,5106422,10139,MT,Peixoto de Azevedo
10140-MT-Porto Alegr,5106778,10140,MT,Porto Alegre do Norte
10141-MT-Porto Esper,5106828,10141,MT,Porto Esperidião
10142-MT-Primavera d,5107040,10142,MT,Primavera do Leste
10143-MT-Reserva do ,5107156,10143,MT,Reserva do Cabaçal
10144-MT-Sorriso,5107925,10144,MT,Sorriso
10145-MT-Terra Nova ,5108055,10145,MT,Terra Nova do Norte
10146-MT-Vera,5108501,10146,MT,Vera
10147-MT-Vila Rica,5108600,10147,MT,Vila Rica
10148-MT-Brasnorte,5101902,10148,MT,Brasnorte
10149-MT-Jangada,5104906,10149,MT,Jangada
10150-MT-Apiacás,5100805,10150,MT,Apiacás
10151-MT-Campo Novo ,5102637,10151,MT,Campo Novo do Parecis
10152-MT-Campo Verde,5102678,10152,MT,Campo Verde
10153-MT-Castanheira,5102850,10153,MT,Castanheira
10154-MT-Cláudia,5103056,10154,MT,Cláudia
10155-MT-Juruena,5105176,10155,MT,Juruena
10156-MT-Lucas do Ri,5105259,10156,MT,Lucas do Rio Verde
10157-MT-Matupá,5105606,10157,MT,Matupá
10158-MT-Nova Mutum,5106224,10158,MT,Nova Mutum
10159-MT-Ribeirão Ca,5107180,10159,MT,Ribeirão Cascalheira
10160-MT-Tapurah,5108006,10160,MT,Tapurah
10161-MT-São José do,5107297,10161,MT,São José do Povo
10162-MT-Alto Boa Vi,5100359,10162,MT,Alto Boa Vista
10163-MT-Canabrava d,5102694,10163,MT,Canabrava do Norte
10164-MT-Cotriguaçu,5103379,10164,MT,Cotriguaçu
10165-MT-Glória d Oe,5103957,10165,MT,Glória d Oeste
10166-MT-Lambari d O,5105234,10166,MT,Lambari d Oeste
10167-MT-Nova Guarit,5108808,10167,MT,Nova Guarita
10168-MT-Nova Marilâ,5108857,10168,MT,Nova Marilândia
10169-MT-Nova Maring,5108907,10169,MT,Nova Maringá
10170-MT-Pontal do A,5106653,10170,MT,Pontal do Araguaia
10171-MT-Porto Estre,5106851,10171,MT,Porto Estrela
10172-MT-Querência,5107065,10172,MT,Querência
10173-MT-Ribeirãozin,5107198,10173,MT,Ribeirãozinho
10174-MT-Santa Carme,5107248,10174,MT,Santa Carmem
10175-MT-Santo Afons,5107263,10175,MT,Santo Afonso
10176-MT-São José do,5107354,10176,MT,São José do Xingu
10177-MT-São Pedro d,5107404,10177,MT,São Pedro da Cipa
10178-MT-Tabaporã,5107941,10178,MT,Tabaporã
10179-MT-Confresa,5103353,10179,MT,Confresa
10180-MT-Nova Bandei,5106158,10180,MT,Nova Bandeirantes
10181-MT-Planalto da,5106455,10181,MT,Planalto da Serra
10182-MT-Nova Monte ,5108956,10182,MT,Nova Monte Verde
10183-MT-Campos de J,5102686,10183,MT,Campos de Júlio
10184-MT-Carlinda,5102793,10184,MT,Carlinda
10185-MT-Feliz Natal,5103700,10185,MT,Feliz Natal
10186-MT-Gaúcha do N,5103858,10186,MT,Gaúcha do Norte
10187-MT-Nova Lacerd,5106182,10187,MT,Nova Lacerda
10188-MT-Nova Ubirat,5106240,10188,MT,Nova Ubiratã
10189-MT-Novo Mundo,5106265,10189,MT,Novo Mundo
10190-MT-Sapezal,5107875,10190,MT,Sapezal
10191-MT-União do Su,5108303,10191,MT,União do Sul
10192-MT-Bom Jesus d,5101852,10192,MT,Bom Jesus do Araguaia
10193-MT-Colniza,5103254,10193,MT,Colniza
10194-MT-Conquista D,5103361,10194,MT,Conquista D Oeste
10195-MT-Curvelandia,5103437,10195,MT,Curvelandia
10196-MT-Nova Nazare,5106174,10196,MT,Nova Nazare
10197-MT-Nova Santa ,5106190,10197,MT,Nova Santa Helena
10198-MT-Novo Santo ,5106315,10198,MT,Novo Santo Antonio
10199-MT-Rondolandia,5107578,10199,MT,Rondolandia
10200-MT-Santa Cruz ,5107743,10200,MT,Santa Cruz do Xingu
10201-MT-Santa Rita ,5107768,10201,MT,Santa Rita do Trivelato
10202-MT-Santo Anton,5107792,10202,MT,Santo Antonio do Leste
10203-MT-Serra Nova ,5107883,10203,MT,Serra Nova Dourada
10204-MT-Vale de São,5108352,10204,MT,Vale de São Domingos
10205-MT-Ipiranga do,5104526,10205,MT,Ipiranga do Norte
10206-MT-Itanhangá,5104542,10206,MT,Itanhangá
11001-MG-Abadia dos ,3100104,11001,MG,Abadia dos Dourados
11002-MG-Abaeté,3100203,11002,MG,Abaeté
11003-MG-Abre Campo,3100302,11003,MG,Abre Campo
11004-MG-Acaiaca,3100401,11004,MG,Acaiaca
11005-MG-Açucena,3100500,11005,MG,Açucena
11006-MG-Água Boa,3100609,11006,MG,Água Boa
11007-MG-Água Compri,3100708,11007,MG,Água Comprida
11008-MG-Aguanil,3100807,11008,MG,Aguanil
11009-MG-Águas Formo,3100906,11009,MG,Águas Formosas
11010-MG-Águas Verme,3101003,11010,MG,Águas Vermelhas
11011-MG-Aimorés,3101102,11011,MG,Aimorés
11012-MG-Aiuruoca,3101201,11012,MG,Aiuruoca
11013-MG-Alagoa,3101300,11013,MG,Alagoa
11014-MG-Albertina,3101409,11014,MG,Albertina
11015-MG-Além Paraíb,3101508,11015,MG,Além Paraíba
11016-MG-Alfenas,3101607,11016,MG,Alfenas
11017-MG-Almenara,3101706,11017,MG,Almenara
11018-MG-Alpercata,3101805,11018,MG,Alpercata
11019-MG-Alpinópolis,3101904,11019,MG,Alpinópolis
11020-MG-Alterosa,3102001,11020,MG,Alterosa
11021-MG-Alto Rio Do,3102100,11021,MG,Alto Rio Doce
11022-MG-Alvarenga,3102209,11022,MG,Alvarenga
11023-MG-Alvinópolis,3102308,11023,MG,Alvinópolis
11024-MG-Alvorada de,3102407,11024,MG,Alvorada de Minas
11025-MG-Amparo do S,3102506,11025,MG,Amparo do Serra
11026-MG-Andradas,3102605,11026,MG,Andradas
11027-MG-Cachoeira d,3102704,11027,MG,Cachoeira de Pajeú
11028-MG-Andrelândia,3102803,11028,MG,Andrelândia
11029-MG-Antônio Car,3102902,11029,MG,Antônio Carlos
11030-MG-Antônio Dia,3103009,11030,MG,Antônio Dias
11031-MG-Antônio Pra,3103108,11031,MG,Antônio Prado de Minas
11032-MG-Araçaí,3103207,11032,MG,Araçaí
11033-MG-Aracitaba,3103306,11033,MG,Aracitaba
11034-MG-Araçuaí,3103405,11034,MG,Araçuaí
11035-MG-Araguari,3103504,11035,MG,Araguari
11036-MG-Arantina,3103603,11036,MG,Arantina
11037-MG-Araponga,3103702,11037,MG,Araponga
11038-MG-Arapuá,3103801,11038,MG,Arapuá
11039-MG-Araújos,3103900,11039,MG,Araújos
11040-MG-Araxá,3104007,11040,MG,Araxá
11041-MG-Arceburgo,3104106,11041,MG,Arceburgo
11042-MG-Arcos,3104205,11042,MG,Arcos
11043-MG-Areado,3104304,11043,MG,Areado
11044-MG-Argirita,3104403,11044,MG,Argirita
11045-MG-Arinos,3104502,11045,MG,Arinos
11046-MG-Astolfo Dut,3104601,11046,MG,Astolfo Dutra
11047-MG-Ataléia,3104700,11047,MG,Ataléia
11048-MG-Augusto de ,3104809,11048,MG,Augusto de Lima
11049-MG-Baependi,3104908,11049,MG,Baependi
11050-MG-Baldim,3105004,11050,MG,Baldim
11051-MG-Bambuí,3105103,11051,MG,Bambuí
11052-MG-Bandeira,3105202,11052,MG,Bandeira
11053-MG-Bandeira do,3105301,11053,MG,Bandeira do Sul
11054-MG-Barão de Co,3105400,11054,MG,Barão de Cocais
11055-MG-Barão de Mo,3105509,11055,MG,Barão de Monte Alto
11056-MG-Barbacena,3105608,11056,MG,Barbacena
11057-MG-Barra Longa,3105707,11057,MG,Barra Longa
11058-MG-Três Marias,3169356,11058,MG,Três Marias
11059-MG-Barroso,3105905,11059,MG,Barroso
11060-MG-Bela Vista ,3106002,11060,MG,Bela Vista de Minas
11061-MG-Belmiro Bra,3106101,11061,MG,Belmiro Braga
11062-MG-Belo Horizo,3106200,11062,MG,Belo Horizonte
11063-MG-Belo Orient,3106309,11063,MG,Belo Oriente
11064-MG-Belo Vale,3106408,11064,MG,Belo Vale
11065-MG-Berilo,3106507,11065,MG,Berilo
11066-MG-Bertópolis,3106606,11066,MG,Bertópolis
11067-MG-Betim,3106705,11067,MG,Betim
11068-MG-Bias Fortes,3106804,11068,MG,Bias Fortes
11069-MG-Bicas,3106903,11069,MG,Bicas
11070-MG-Biquinhas,3107000,11070,MG,Biquinhas
11071-MG-Boa Esperan,3107109,11071,MG,Boa Esperança
11072-MG-Bocaina de ,3107208,11072,MG,Bocaina de Minas
11073-MG-Bocaiúva,3107307,11073,MG,Bocaiúva
11074-MG-Bom Despach,3107406,11074,MG,Bom Despacho
11075-MG-Bom Jardim ,3107505,11075,MG,Bom Jardim de Minas
11076-MG-Bom Jesus d,3107604,11076,MG,Bom Jesus da Penha
11077-MG-Bom Jesus d,3107703,11077,MG,Bom Jesus do Amparo
11078-MG-Bom Jesus d,3107802,11078,MG,Bom Jesus do Galho
11079-MG-Bom Repouso,3107901,11079,MG,Bom Repouso
11080-MG-Bom Sucesso,3108008,11080,MG,Bom Sucesso
11081-MG-Bonfim,3108107,11081,MG,Bonfim
11082-MG-Bonfinópoli,3108206,11082,MG,Bonfinópolis de Minas
11083-MG-Borda da Ma,3108305,11083,MG,Borda da Mata
11084-MG-Botelhos,3108404,11084,MG,Botelhos
11085-MG-Botumirim,3108503,11085,MG,Botumirim
11086-MG-Brasília de,3108602,11086,MG,Brasília de Minas
11087-MG-Brás Pires,3108701,11087,MG,Brás Pires
11088-MG-Braúnas,3108800,11088,MG,Braúnas
11089-MG-Brasópolis,3108909,11089,MG,Brasópolis
11090-MG-Brumadinho,3109006,11090,MG,Brumadinho
11091-MG-Bueno Brand,3109105,11091,MG,Bueno Brandão
11092-MG-Buenópolis,3109204,11092,MG,Buenópolis
11093-MG-Buritis,3109303,11093,MG,Buritis
11094-MG-Buritizeiro,3109402,11094,MG,Buritizeiro
11095-MG-Cabo Verde,3109501,11095,MG,Cabo Verde
11096-MG-Cachoeira d,3109600,11096,MG,Cachoeira da Prata
11097-MG-Cachoeira d,3109709,11097,MG,Cachoeira de Minas
11098-MG-Cachoeira D,3109808,11098,MG,Cachoeira Dourada
11099-MG-Caetanópoli,3109907,11099,MG,Caetanópolis
11100-MG-Caeté,3110004,11100,MG,Caeté
11101-MG-Caiana,3110103,11101,MG,Caiana
11102-MG-Cajuri,3110202,11102,MG,Cajuri
11103-MG-Caldas,3110301,11103,MG,Caldas
11104-MG-Camacho,3110400,11104,MG,Camacho
11105-MG-Camanducaia,3110509,11105,MG,Camanducaia
11106-MG-Cambuí,3110608,11106,MG,Cambuí
11107-MG-Cambuquira,3110707,11107,MG,Cambuquira
11108-MG-Campanário,3110806,11108,MG,Campanário
11109-MG-Campanha,3110905,11109,MG,Campanha
11110-MG-Campestre,3111002,11110,MG,Campestre
11111-MG-Campina Ver,3111101,11111,MG,Campina Verde
11112-MG-Campo Belo,3111200,11112,MG,Campo Belo
11113-MG-Campo do Me,3111309,11113,MG,Campo do Meio
11114-MG-Campo Flori,3111408,11114,MG,Campo Florido
11115-MG-Campos Alto,3111507,11115,MG,Campos Altos
11116-MG-Campos Gera,3111606,11116,MG,Campos Gerais
11117-MG-Canaã,3111705,11117,MG,Canaã
11118-MG-Canápolis,3111804,11118,MG,Canápolis
11119-MG-Cana Verde,3111903,11119,MG,Cana Verde
11120-MG-Candeias,3112000,11120,MG,Candeias
11121-MG-Caparaó,3112109,11121,MG,Caparaó
11122-MG-Capela Nova,3112208,11122,MG,Capela Nova
11123-MG-Capelinha,3112307,11123,MG,Capelinha
11124-MG-Capetinga,3112406,11124,MG,Capetinga
11125-MG-Capim Branc,3112505,11125,MG,Capim Branco
11126-MG-Capinópolis,3112604,11126,MG,Capinópolis
11127-MG-Capitão Ené,3112703,11127,MG,Capitão Enéas
11128-MG-Capitólio,3112802,11128,MG,Capitólio
11129-MG-Caputira,3112901,11129,MG,Caputira
11130-MG-Caraí,3113008,11130,MG,Caraí
11131-MG-Caranaíba,3113107,11131,MG,Caranaíba
11132-MG-Carandaí,3113206,11132,MG,Carandaí
11133-MG-Carangola,3113305,11133,MG,Carangola
11134-MG-Caratinga,3113404,11134,MG,Caratinga
11135-MG-Carbonita,3113503,11135,MG,Carbonita
11136-MG-Careaçu,3113602,11136,MG,Careaçu
11137-MG-Carlos Chag,3113701,11137,MG,Carlos Chagas
11138-MG-Carmésia,3113800,11138,MG,Carmésia
11139-MG-Carmo da Ca,3113909,11139,MG,Carmo da Cachoeira
11140-MG-Carmo da Ma,3114006,11140,MG,Carmo da Mata
11141-MG-Carmo de Mi,3114105,11141,MG,Carmo de Minas
11142-MG-Carmo do Ca,3114204,11142,MG,Carmo do Cajuru
11143-MG-Carmo do Pa,3114303,11143,MG,Carmo do Paranaíba
11144-MG-Carmo do Ri,3114402,11144,MG,Carmo do Rio Claro
11145-MG-Carmópolis ,3114501,11145,MG,Carmópolis de Minas
11146-MG-Carrancas,3114600,11146,MG,Carrancas
11147-MG-Carvalhópol,3114709,11147,MG,Carvalhópolis
11148-MG-Carvalhos,3114808,11148,MG,Carvalhos
11149-MG-Casa Grande,3114907,11149,MG,Casa Grande
11150-MG-Cascalho Ri,3115003,11150,MG,Cascalho Rico
11151-MG-Cássia,3115102,11151,MG,Cássia
11152-MG-Conceição d,3115201,11152,MG,Conceição da Barra de Minas
11153-MG-Cataguases,3115300,11153,MG,Cataguases
11154-MG-Catas Altas,3115409,11154,MG,Catas Altas da Noruega
11155-MG-Caxambu,3115508,11155,MG,Caxambu
11156-MG-Cedro do Ab,3115607,11156,MG,Cedro do Abaeté
11157-MG-Central de ,3115706,11157,MG,Central de Minas
11158-MG-Centralina,3115805,11158,MG,Centralina
11159-MG-Chácara,3115904,11159,MG,Chácara
11160-MG-Chalé,3116001,11160,MG,Chalé
11161-MG-Chapada do ,3116100,11161,MG,Chapada do Norte
11162-MG-Chiador,3116209,11162,MG,Chiador
11163-MG-Cipotânea,3116308,11163,MG,Cipotânea
11164-MG-Claraval,3116407,11164,MG,Claraval
11165-MG-Claro dos P,3116506,11165,MG,Claro dos Poções
11166-MG-Cláudio,3116605,11166,MG,Cláudio
11167-MG-Coimbra,3116704,11167,MG,Coimbra
11168-MG-Coluna,3116803,11168,MG,Coluna
11169-MG-Comendador ,3116902,11169,MG,Comendador Gomes
11170-MG-Comercinho,3117009,11170,MG,Comercinho
11171-MG-Conceição d,3117108,11171,MG,Conceição da Aparecida
11172-MG-Conceição d,3117207,11172,MG,Conceição das Pedras
11173-MG-Conceição d,3117306,11173,MG,Conceição das Alagoas
11174-MG-Conceição d,3117405,11174,MG,Conceição de Ipanema
11175-MG-Conceição d,3117504,11175,MG,Conceição do Mato Dentro
11176-MG-Conceição d,3117603,11176,MG,Conceição do Pará
11177-MG-Conceição d,3117702,11177,MG,Conceição do Rio Verde
11178-MG-Conceição d,3117801,11178,MG,Conceição dos Ouros
11179-MG-Congonhal,3117900,11179,MG,Congonhal
11180-MG-Congonhas,3118007,11180,MG,Congonhas
11181-MG-Congonhas d,3118106,11181,MG,Congonhas do Norte
11182-MG-Conquista,3118205,11182,MG,Conquista
11183-MG-Conselheiro,3118304,11183,MG,Conselheiro Lafaiete
11184-MG-Conselheiro,3118403,11184,MG,Conselheiro Pena
11185-MG-Consolação,3118502,11185,MG,Consolação
11186-MG-Contagem,3118601,11186,MG,Contagem
11187-MG-Coqueiral,3118700,11187,MG,Coqueiral
11188-MG-Coração de ,3118809,11188,MG,Coração de Jesus
11189-MG-Cordisburgo,3118908,11189,MG,Cordisburgo
11190-MG-Cordislândi,3119005,11190,MG,Cordislândia
11191-MG-Corinto,3119104,11191,MG,Corinto
11192-MG-Coroaci,3119203,11192,MG,Coroaci
11193-MG-Coromandel,3119302,11193,MG,Coromandel
11194-MG-Coronel Fab,3119401,11194,MG,Coronel Fabriciano
11195-MG-Coronel Mur,3119500,11195,MG,Coronel Murta
11196-MG-Coronel Pac,3119609,11196,MG,Coronel Pacheco
11197-MG-Coronel Xav,3119708,11197,MG,Coronel Xavier Chaves
11198-MG-Córrego Dan,3119807,11198,MG,Córrego Danta
11199-MG-Córrego do ,3119906,11199,MG,Córrego do Bom Jesus
11200-MG-Córrego Nov,3120003,11200,MG,Córrego Novo
11201-MG-Couto de Ma,3120102,11201,MG,Couto de Magalhães de Minas
11202-MG-Cristais,3120201,11202,MG,Cristais
11203-MG-Cristália,3120300,11203,MG,Cristália
11204-MG-Cristiano O,3120409,11204,MG,Cristiano Otoni
11205-MG-Cristina,3120508,11205,MG,Cristina
11206-MG-Crucilândia,3120607,11206,MG,Crucilândia
11207-MG-Cruzeiro da,3120706,11207,MG,Cruzeiro da Fortaleza
11208-MG-Cruzília,3120805,11208,MG,Cruzília
11209-MG-Curvelo,3120904,11209,MG,Curvelo
11210-MG-Datas,3121001,11210,MG,Datas
11211-MG-Delfim More,3121100,11211,MG,Delfim Moreira
11212-MG-Delfinópoli,3121209,11212,MG,Delfinópolis
11213-MG-Descoberto,3121308,11213,MG,Descoberto
11214-MG-Desterro de,3121407,11214,MG,Desterro de Entre Rios
11215-MG-Desterro do,3121506,11215,MG,Desterro do Melo
11216-MG-Diamantina,3121605,11216,MG,Diamantina
11217-MG-Diogo de Va,3121704,11217,MG,Diogo de Vasconcelos
11218-MG-Dionísio,3121803,11218,MG,Dionísio
11219-MG-Divinésia,3121902,11219,MG,Divinésia
11220-MG-Divino,3122009,11220,MG,Divino
11221-MG-Divino das ,3122108,11221,MG,Divino das Laranjeiras
11222-MG-Divinolândi,3122207,11222,MG,Divinolândia de Minas
11223-MG-Divinópolis,3122306,11223,MG,Divinópolis
11224-MG-Divisa Nova,3122405,11224,MG,Divisa Nova
11225-MG-Dom Cavati,3122504,11225,MG,Dom Cavati
11226-MG-Dom Joaquim,3122603,11226,MG,Dom Joaquim
11227-MG-Dom Silvéri,3122702,11227,MG,Dom Silvério
11228-MG-Dom Viçoso,3122801,11228,MG,Dom Viçoso
11229-MG-Dona Euzébi,3122900,11229,MG,Dona Euzébia
11230-MG-Dores de Ca,3123007,11230,MG,Dores de Campos
11231-MG-Dores de Gu,3123106,11231,MG,Dores de Guanhães
11232-MG-Dores do In,3123205,11232,MG,Dores do Indaiá
11233-MG-Dores do Tu,3123304,11233,MG,Dores do Turvo
11234-MG-Doresópolis,3123403,11234,MG,Doresópolis
11235-MG-Douradoquar,3123502,11235,MG,Douradoquara
11236-MG-Elói Mendes,3123601,11236,MG,Elói Mendes
11237-MG-Engenheiro ,3123700,11237,MG,Engenheiro Caldas
11238-MG-Engenheiro ,3123809,11238,MG,Engenheiro Navarro
11239-MG-Entre Rios ,3123908,11239,MG,Entre Rios de Minas
11240-MG-Ervália,3124005,11240,MG,Ervália
11241-MG-Esmeraldas,3124104,11241,MG,Esmeraldas
11242-MG-Espera Feli,3124203,11242,MG,Espera Feliz
11243-MG-Espinosa,3124302,11243,MG,Espinosa
11244-MG-Espírito Sa,3124401,11244,MG,Espírito Santo do Dourado
11245-MG-Estiva,3124500,11245,MG,Estiva
11246-MG-Estrela Dal,3124609,11246,MG,Estrela Dalva
11247-MG-Estrela do ,3124708,11247,MG,Estrela do Indaiá
11248-MG-Estrela do ,3124807,11248,MG,Estrela do Sul
11249-MG-Eugenópolis,3124906,11249,MG,Eugenópolis
11250-MG-Ewbank da C,3125002,11250,MG,Ewbank da Câmara
11251-MG-Extrema,3125101,11251,MG,Extrema
11252-MG-Fama,3125200,11252,MG,Fama
11253-MG-Faria Lemos,3125309,11253,MG,Faria Lemos
11254-MG-Felício dos,3125408,11254,MG,Felício dos Santos
11255-MG-São Gonçalo,3125507,11255,MG,São Gonçalo do Rio Preto
11256-MG-Felisburgo,3125606,11256,MG,Felisburgo
11257-MG-Felixlândia,3125705,11257,MG,Felixlândia
11258-MG-Fernandes T,3125804,11258,MG,Fernandes Tourinho
11259-MG-Ferros,3125903,11259,MG,Ferros
11260-MG-Florestal,3126000,11260,MG,Florestal
11261-MG-Formiga,3126109,11261,MG,Formiga
11262-MG-Formoso,3126208,11262,MG,Formoso
11263-MG-Fortaleza d,3126307,11263,MG,Fortaleza de Minas
11264-MG-Fortuna de ,3126406,11264,MG,Fortuna de Minas
11265-MG-Francisco B,3126505,11265,MG,Francisco Badaró
11266-MG-Francisco D,3126604,11266,MG,Francisco Dumont
11267-MG-Francisco S,3126703,11267,MG,Francisco Sá
11268-MG-Frei Gaspar,3126802,11268,MG,Frei Gaspar
11269-MG-Frei Inocên,3126901,11269,MG,Frei Inocêncio
11270-MG-Fronteira,3127008,11270,MG,Fronteira
11271-MG-Frutal,3127107,11271,MG,Frutal
11272-MG-Funilândia,3127206,11272,MG,Funilândia
11273-MG-Galiléia,3127305,11273,MG,Galiléia
11274-MG-Gonçalves,3127404,11274,MG,Gonçalves
11275-MG-Gonzaga,3127503,11275,MG,Gonzaga
11276-MG-Gouvêa,3127602,11276,MG,Gouvêa
11277-MG-Governador ,3127701,11277,MG,Governador Valadares
11278-MG-Grão Mogol,3127800,11278,MG,Grão Mogol
11279-MG-Grupiara,3127909,11279,MG,Grupiara
11280-MG-Guanhães,3128006,11280,MG,Guanhães
11281-MG-Guapé,3128105,11281,MG,Guapé
11282-MG-Guaraciaba,3128204,11282,MG,Guaraciaba
11283-MG-Guaranésia,3128303,11283,MG,Guaranésia
11284-MG-Guarani,3128402,11284,MG,Guarani
11285-MG-Guarará,3128501,11285,MG,Guarará
11286-MG-Guarda-Mor,3128600,11286,MG,Guarda-Mor
11287-MG-Guaxupé,3128709,11287,MG,Guaxupé
11288-MG-Guidoval,3128808,11288,MG,Guidoval
11289-MG-Guimarânia,3128907,11289,MG,Guimarânia
11290-MG-Guiricema,3129004,11290,MG,Guiricema
11291-MG-Gurinhatã,3129103,11291,MG,Gurinhatã
11292-MG-Heliodora,3129202,11292,MG,Heliodora
11293-MG-Iapu,3129301,11293,MG,Iapu
11294-MG-Ibertioga,3129400,11294,MG,Ibertioga
11295-MG-Ibiá,3129509,11295,MG,Ibiá
11296-MG-Ibiaí,3129608,11296,MG,Ibiaí
11297-MG-Ibiraci,3129707,11297,MG,Ibiraci
11298-MG-Ibirité,3129806,11298,MG,Ibirité
11299-MG-Ibitiúra de,3129905,11299,MG,Ibitiúra de Minas
11300-MG-Ibituruna,3130002,11300,MG,Ibituruna
11301-MG-Igarapé,3130101,11301,MG,Igarapé
11302-MG-Igaratinga,3130200,11302,MG,Igaratinga
11303-MG-Iguatama,3130309,11303,MG,Iguatama
11304-MG-Ijaci,3130408,11304,MG,Ijaci
11305-MG-Ilicínea,3130507,11305,MG,Ilicínea
11306-MG-Inconfident,3130606,11306,MG,Inconfidentes
11307-MG-Indianópoli,3130705,11307,MG,Indianópolis
11308-MG-Ingaí,3130804,11308,MG,Ingaí
11309-MG-Inhapim,3130903,11309,MG,Inhapim
11310-MG-Inhaúma,3131000,11310,MG,Inhaúma
11311-MG-Inimutaba,3131109,11311,MG,Inimutaba
11312-MG-Ipanema,3131208,11312,MG,Ipanema
11313-MG-Ipatinga,3131307,11313,MG,Ipatinga
11314-MG-Ipiaçu,3131406,11314,MG,Ipiaçu
11315-MG-Ipuiúna,3131505,11315,MG,Ipuiúna
11316-MG-Iraí de Min,3131604,11316,MG,Iraí de Minas
11317-MG-Itabira,3131703,11317,MG,Itabira
11318-MG-Itabirinha ,3131802,11318,MG,Itabirinha de Mantena
11319-MG-Itabirito,3131901,11319,MG,Itabirito
11320-MG-Itacambira,3132008,11320,MG,Itacambira
11321-MG-Itacarambi,3132107,11321,MG,Itacarambi
11322-MG-Itaguara,3132206,11322,MG,Itaguara
11323-MG-Itaipé,3132305,11323,MG,Itaipé
11324-MG-Itajubá,3132404,11324,MG,Itajubá
11325-MG-Itamarandib,3132503,11325,MG,Itamarandiba
11326-MG-Itamarati d,3132602,11326,MG,Itamarati de Minas
11327-MG-Itambacuri,3132701,11327,MG,Itambacuri
11328-MG-Itambé do M,3132800,11328,MG,Itambé do Mato Dentro
11329-MG-Itamogi,3132909,11329,MG,Itamogi
11330-MG-Itamonte,3133006,11330,MG,Itamonte
11331-MG-Itanhandu,3133105,11331,MG,Itanhandu
11332-MG-Itanhomi,3133204,11332,MG,Itanhomi
11333-MG-Itaobim,3133303,11333,MG,Itaobim
11334-MG-Itapagipe,3133402,11334,MG,Itapagipe
11335-MG-Itapecerica,3133501,11335,MG,Itapecerica
11336-MG-Itapeva,3133600,11336,MG,Itapeva
11337-MG-Itatiaiuçu,3133709,11337,MG,Itatiaiuçu
11338-MG-Itaúna,3133808,11338,MG,Itaúna
11339-MG-Itaverava,3133907,11339,MG,Itaverava
11340-MG-Itinga,3134004,11340,MG,Itinga
11341-MG-Itueta,3134103,11341,MG,Itueta
11342-MG-Ituiutaba,3134202,11342,MG,Ituiutaba
11343-MG-Itumirim,3134301,11343,MG,Itumirim
11344-MG-Iturama,3134400,11344,MG,Iturama
11345-MG-Itutinga,3134509,11345,MG,Itutinga
11346-MG-Jaboticatub,3134608,11346,MG,Jaboticatubas
11347-MG-Jacinto,3134707,11347,MG,Jacinto
11348-MG-Jacuí,3134806,11348,MG,Jacuí
11349-MG-Jacutinga,3134905,11349,MG,Jacutinga
11350-MG-Jaguaraçu,3135001,11350,MG,Jaguaraçu
11351-MG-Janaúba,3135100,11351,MG,Janaúba
11352-MG-Januária,3135209,11352,MG,Januária
11353-MG-Japaraíba,3135308,11353,MG,Japaraíba
11354-MG-Jeceaba,3135407,11354,MG,Jeceaba
11355-MG-Jequeri,3135506,11355,MG,Jequeri
11356-MG-Jequitaí,3135605,11356,MG,Jequitaí
11357-MG-Jequitibá,3135704,11357,MG,Jequitibá
11358-MG-Jequitinhon,3135803,11358,MG,Jequitinhonha
11359-MG-Jesuânia,3135902,11359,MG,Jesuânia
11360-MG-Joaíma,3136009,11360,MG,Joaíma
11361-MG-Joanésia,3136108,11361,MG,Joanésia
11362-MG-João Monlev,3136207,11362,MG,João Monlevade
11363-MG-João Pinhei,3136306,11363,MG,João Pinheiro
11364-MG-Joaquim Fel,3136405,11364,MG,Joaquim Felício
11365-MG-Jordânia,3136504,11365,MG,Jordânia
11366-MG-Nova União,3136603,11366,MG,Nova União
11367-MG-Juiz de For,3136702,11367,MG,Juiz de Fora
11368-MG-Juramento,3136801,11368,MG,Juramento
11369-MG-Juruaia,3136900,11369,MG,Juruaia
11370-MG-Ladainha,3137007,11370,MG,Ladainha
11371-MG-Lagamar,3137106,11371,MG,Lagamar
11372-MG-Lagoa da Pr,3137205,11372,MG,Lagoa da Prata
11373-MG-Lagoa dos P,3137304,11373,MG,Lagoa dos Patos
11374-MG-Lagoa Doura,3137403,11374,MG,Lagoa Dourada
11375-MG-Lagoa Formo,3137502,11375,MG,Lagoa Formosa
11376-MG-Lagoa Santa,3137601,11376,MG,Lagoa Santa
11377-MG-Lajinha,3137700,11377,MG,Lajinha
11378-MG-Lambari,3137809,11378,MG,Lambari
11379-MG-Lamim,3137908,11379,MG,Lamim
11380-MG-Laranjal,3138005,11380,MG,Laranjal
11381-MG-Lassance,3138104,11381,MG,Lassance
11382-MG-Lavras,3138203,11382,MG,Lavras
11383-MG-Leandro Fer,3138302,11383,MG,Leandro Ferreira
11384-MG-Leopoldina,3138401,11384,MG,Leopoldina
11385-MG-Liberdade,3138500,11385,MG,Liberdade
11386-MG-Lima Duarte,3138609,11386,MG,Lima Duarte
11387-MG-Luminárias,3138708,11387,MG,Luminárias
11388-MG-Luz,3138807,11388,MG,Luz
11389-MG-Machacalis,3138906,11389,MG,Machacalis
11390-MG-Machado,3139003,11390,MG,Machado
11391-MG-Madre de De,3139102,11391,MG,Madre de Deus de Minas
11392-MG-Malacacheta,3139201,11392,MG,Malacacheta
11393-MG-Manga,3139300,11393,MG,Manga
11394-MG-Manhuaçu,3139409,11394,MG,Manhuaçu
11395-MG-Manhumirim,3139508,11395,MG,Manhumirim
11396-MG-Mantena,3139607,11396,MG,Mantena
11397-MG-Maravilhas,3139706,11397,MG,Maravilhas
11398-MG-Mar de Espa,3139805,11398,MG,Mar de Espanha
11399-MG-Maria da Fé,3139904,11399,MG,Maria da Fé
11400-MG-Mariana,3140001,11400,MG,Mariana
11401-MG-Marilac,3140100,11401,MG,Marilac
11402-MG-Maripá de M,3140209,11402,MG,Maripá de Minas
11403-MG-Marliéria,3140308,11403,MG,Marliéria
11404-MG-Marmelópoli,3140407,11404,MG,Marmelópolis
11405-MG-Martinho Ca,3140506,11405,MG,Martinho Campos
11406-MG-Materlândia,3140605,11406,MG,Materlândia
11407-MG-Mateus Leme,3140704,11407,MG,Mateus Leme
11408-MG-Matias Barb,3140803,11408,MG,Matias Barbosa
11409-MG-Matipó,3140902,11409,MG,Matipó
11410-MG-Mato Verde,3141009,11410,MG,Mato Verde
11411-MG-Matozinhos,3141108,11411,MG,Matozinhos
11412-MG-Matutina,3141207,11412,MG,Matutina
11413-MG-Medeiros,3141306,11413,MG,Medeiros
11414-MG-Medina,3141405,11414,MG,Medina
11415-MG-Mendes Pime,3141504,11415,MG,Mendes Pimentel
11416-MG-Mercês,3141603,11416,MG,Mercês
11417-MG-Mesquita,3141702,11417,MG,Mesquita
11418-MG-Minas Novas,3141801,11418,MG,Minas Novas
11419-MG-Minduri,3141900,11419,MG,Minduri
11420-MG-Mirabela,3142007,11420,MG,Mirabela
11421-MG-Miradouro,3142106,11421,MG,Miradouro
11422-MG-Miraí,3142205,11422,MG,Miraí
11423-MG-Moeda,3142304,11423,MG,Moeda
11424-MG-Moema,3142403,11424,MG,Moema
11425-MG-Monjolos,3142502,11425,MG,Monjolos
11426-MG-Monsenhor P,3142601,11426,MG,Monsenhor Paulo
11427-MG-Montalvânia,3142700,11427,MG,Montalvânia
11428-MG-Monte Alegr,3142809,11428,MG,Monte Alegre de Minas
11429-MG-Monte Azul,3142908,11429,MG,Monte Azul
11430-MG-Monte Belo,3143005,11430,MG,Monte Belo
11431-MG-Monte Carme,3143104,11431,MG,Monte Carmelo
11432-MG-Monte Santo,3143203,11432,MG,Monte Santo de Minas
11433-MG-Montes Clar,3143302,11433,MG,Montes Claros
11434-MG-Monte Sião,3143401,11434,MG,Monte Sião
11435-MG-Morada Nova,3143500,11435,MG,Morada Nova de Minas
11436-MG-Morro da Ga,3143609,11436,MG,Morro da Garça
11437-MG-Morro do Pi,3143708,11437,MG,Morro do Pilar
11438-MG-Munhoz,3143807,11438,MG,Munhoz
11439-MG-Muriaé,3143906,11439,MG,Muriaé
11440-MG-Mutum,3144003,11440,MG,Mutum
11441-MG-Muzambinho,3144102,11441,MG,Muzambinho
11442-MG-Nacip Rayda,3144201,11442,MG,Nacip Raydan
11443-MG-Nanuque,3144300,11443,MG,Nanuque
11444-MG-Natércia,3144409,11444,MG,Natércia
11445-MG-Nazareno,3144508,11445,MG,Nazareno
11446-MG-Nepomuceno,3144607,11446,MG,Nepomuceno
11447-MG-Nova Era,3144706,11447,MG,Nova Era
11448-MG-Nova Lima,3144805,11448,MG,Nova Lima
11449-MG-Nova Módica,3144904,11449,MG,Nova Módica
11450-MG-Nova Ponte,3145000,11450,MG,Nova Ponte
11451-MG-Nova Resend,3145109,11451,MG,Nova Resende
11452-MG-Nova Serran,3145208,11452,MG,Nova Serrana
11453-MG-Novo Cruzei,3145307,11453,MG,Novo Cruzeiro
11454-MG-Olaria,3145406,11454,MG,Olaria
11455-MG-Olímpio Nor,3145505,11455,MG,Olímpio Noronha
11456-MG-Oliveira,3145604,11456,MG,Oliveira
11457-MG-Oliveira Fo,3145703,11457,MG,Oliveira Fortes
11458-MG-Onça de Pit,3145802,11458,MG,Onça de Pitangui
11459-MG-Ouro Branco,3145901,11459,MG,Ouro Branco
11460-MG-Ouro Fino,3146008,11460,MG,Ouro Fino
11461-MG-Ouro Preto,3146107,11461,MG,Ouro Preto
11462-MG-Ouro Verde ,3146206,11462,MG,Ouro Verde de Minas
11463-MG-Padre Paraí,3146305,11463,MG,Padre Paraíso
11464-MG-Paineiras,3146404,11464,MG,Paineiras
11465-MG-Pains,3146503,11465,MG,Pains
11466-MG-Paiva,3146602,11466,MG,Paiva
11467-MG-Palma,3146701,11467,MG,Palma
11468-MG-Fronteira d,3127057,11468,MG,Fronteira dos Vales
11469-MG-Papagaios,3146909,11469,MG,Papagaios
11470-MG-Paracatu,3147006,11470,MG,Paracatu
11471-MG-Pará de Min,3147105,11471,MG,Pará de Minas
11472-MG-Paraguaçu,3147204,11472,MG,Paraguaçu
11473-MG-Paraisópoli,3147303,11473,MG,Paraisópolis
11474-MG-Paraopeba,3147402,11474,MG,Paraopeba
11475-MG-Passabém,3147501,11475,MG,Passabém
11476-MG-Passa Quatr,3147600,11476,MG,Passa Quatro
11477-MG-Passa Tempo,3147709,11477,MG,Passa Tempo
11478-MG-Passa Vinte,3147808,11478,MG,Passa Vinte
11479-MG-Passos,3147907,11479,MG,Passos
11480-MG-Patos de Mi,3148004,11480,MG,Patos de Minas
11481-MG-Patrocínio,3148103,11481,MG,Patrocínio
11482-MG-Patrocínio ,3148202,11482,MG,Patrocínio do Muriaé
11483-MG-Paula Cândi,3148301,11483,MG,Paula Cândido
11484-MG-Paulistas,3148400,11484,MG,Paulistas
11485-MG-Pavão,3148509,11485,MG,Pavão
11486-MG-Peçanha,3148608,11486,MG,Peçanha
11487-MG-Pedra Azul,3148707,11487,MG,Pedra Azul
11488-MG-Pedra do An,3148806,11488,MG,Pedra do Anta
11489-MG-Pedra do In,3148905,11489,MG,Pedra do Indaiá
11490-MG-Pedra Doura,3149002,11490,MG,Pedra Dourada
11491-MG-Pedralva,3149101,11491,MG,Pedralva
11492-MG-Pedrinópoli,3149200,11492,MG,Pedrinópolis
11493-MG-Pedro Leopo,3149309,11493,MG,Pedro Leopoldo
11494-MG-Pedro Teixe,3149408,11494,MG,Pedro Teixeira
11495-MG-Pequeri,3149507,11495,MG,Pequeri
11496-MG-Pequi,3149606,11496,MG,Pequi
11497-MG-Perdigão,3149705,11497,MG,Perdigão
11498-MG-Perdizes,3149804,11498,MG,Perdizes
11499-MG-Perdões,3149903,11499,MG,Perdões
11500-MG-Pescador,3150000,11500,MG,Pescador
11501-MG-Piau,3150109,11501,MG,Piau
11502-MG-Piedade de ,3150208,11502,MG,Piedade de Ponte Nova
11503-MG-Piedade do ,3150307,11503,MG,Piedade do Rio Grande
11504-MG-Piedade dos,3150406,11504,MG,Piedade dos Gerais
11505-MG-Pimenta,3150505,11505,MG,Pimenta
11506-MG-Piracema,3150604,11506,MG,Piracema
11507-MG-Pirajuba,3150703,11507,MG,Pirajuba
11508-MG-Piranga,3150802,11508,MG,Piranga
11509-MG-Piranguçu,3150901,11509,MG,Piranguçu
11510-MG-Piranguinho,3151008,11510,MG,Piranguinho
11511-MG-Pirapetinga,3151107,11511,MG,Pirapetinga
11512-MG-Pirapora,3151206,11512,MG,Pirapora
11513-MG-Piraúba,3151305,11513,MG,Piraúba
11514-MG-Pitangui,3151404,11514,MG,Pitangui
11515-MG-Piuí,3151503,11515,MG,Piuí
11516-MG-Planura,3151602,11516,MG,Planura
11517-MG-Poço Fundo,3151701,11517,MG,Poço Fundo
11518-MG-Poços de Ca,3151800,11518,MG,Poços de Caldas
11519-MG-Pocrane,3151909,11519,MG,Pocrane
11520-MG-Pompéu,3152006,11520,MG,Pompéu
11521-MG-Ponte Nova,3152105,11521,MG,Ponte Nova
11522-MG-Porteirinha,3152204,11522,MG,Porteirinha
11523-MG-Porto Firme,3152303,11523,MG,Porto Firme
11524-MG-Poté,3152402,11524,MG,Poté
11525-MG-Pouso Alegr,3152501,11525,MG,Pouso Alegre
11526-MG-Pouso Alto,3152600,11526,MG,Pouso Alto
11527-MG-Prados,3152709,11527,MG,Prados
11528-MG-Prata,3152808,11528,MG,Prata
11529-MG-Pratápolis,3152907,11529,MG,Pratápolis
11530-MG-Pratinha,3153004,11530,MG,Pratinha
11531-MG-Presidente ,3153103,11531,MG,Presidente Bernardes
11532-MG-Presidente ,3153202,11532,MG,Presidente Juscelino
11533-MG-Presidente ,3153301,11533,MG,Presidente Kubitschek
11534-MG-Presidente ,3153400,11534,MG,Presidente Olegário
11535-MG-Alto Jequit,3153509,11535,MG,Alto Jequitibá
11536-MG-Prudente de,3153608,11536,MG,Prudente de Morais
11537-MG-Quartel Ger,3153707,11537,MG,Quartel Geral
11538-MG-Queluzita,3153806,11538,MG,Queluzita
11539-MG-Raposos,3153905,11539,MG,Raposos
11540-MG-Raul Soares,3154002,11540,MG,Raul Soares
11541-MG-Recreio,3154101,11541,MG,Recreio
11542-MG-Resende Cos,3154200,11542,MG,Resende Costa
11543-MG-Resplendor,3154309,11543,MG,Resplendor
11544-MG-Ressaquinha,3154408,11544,MG,Ressaquinha
11545-MG-Riacho dos ,3154507,11545,MG,Riacho dos Machados
11546-MG-Ribeirão da,3154606,11546,MG,Ribeirão das Neves
11547-MG-Ribeirão Ve,3154705,11547,MG,Ribeirão Vermelho
11548-MG-Rio Acima,3154804,11548,MG,Rio Acima
11549-MG-Rio Casca,3154903,11549,MG,Rio Casca
11550-MG-Rio Doce,3155009,11550,MG,Rio Doce
11551-MG-Rio do Prad,3155108,11551,MG,Rio do Prado
11552-MG-Rio Espera,3155207,11552,MG,Rio Espera
11553-MG-Rio Manso,3155306,11553,MG,Rio Manso
11554-MG-Rio Novo,3155405,11554,MG,Rio Novo
11555-MG-Rio Paranaí,3155504,11555,MG,Rio Paranaíba
11556-MG-Rio Pardo d,3155603,11556,MG,Rio Pardo de Minas
11557-MG-Rio Piracic,3155702,11557,MG,Rio Piracicaba
11558-MG-Rio Pomba,3155801,11558,MG,Rio Pomba
11559-MG-Rio Preto,3155900,11559,MG,Rio Preto
11560-MG-Rio Vermelh,3156007,11560,MG,Rio Vermelho
11561-MG-Ritápolis,3156106,11561,MG,Ritápolis
11562-MG-Rochedo de ,3156205,11562,MG,Rochedo de Minas
11563-MG-Rodeiro,3156304,11563,MG,Rodeiro
11564-MG-Romaria,3156403,11564,MG,Romaria
11565-MG-Rubelita,3156502,11565,MG,Rubelita
11566-MG-Rubim,3156601,11566,MG,Rubim
11567-MG-Sabará,3156700,11567,MG,Sabará
11568-MG-Sabinópolis,3156809,11568,MG,Sabinópolis
11569-MG-Sacramento,3156908,11569,MG,Sacramento
11570-MG-Salinas,3157005,11570,MG,Salinas
11571-MG-Salto da Di,3157104,11571,MG,Salto da Divisa
11572-MG-Santa Bárba,3157203,11572,MG,Santa Bárbara
11573-MG-Santa Bárba,3157302,11573,MG,Santa Bárbara do Tugúrio
11574-MG-Santa Cruz ,3157401,11574,MG,Santa Cruz do Escalvado
11575-MG-Santa Efigê,3157500,11575,MG,Santa Efigênia de Minas
11576-MG-Santa Fé de,3157609,11576,MG,Santa Fé de Minas
11577-MG-Santa Julia,3157708,11577,MG,Santa Juliana
11578-MG-Santa Luzia,3157807,11578,MG,Santa Luzia
11579-MG-Santa Marga,3157906,11579,MG,Santa Margarida
11580-MG-Santa Maria,3158003,11580,MG,Santa Maria de Itabira
11581-MG-Santa Maria,3158102,11581,MG,Santa Maria do Salto
11582-MG-Santa Maria,3158201,11582,MG,Santa Maria do Suaçuí
11583-MG-Santana da ,3158300,11583,MG,Santana da Vargem
11584-MG-Santana de ,3158409,11584,MG,Santana de Cataguases
11585-MG-Santana de ,3158508,11585,MG,Santana de Pirapama
11586-MG-Santana do ,3158607,11586,MG,Santana do Deserto
11587-MG-Santana do ,3158706,11587,MG,Santana do Garambéu
11588-MG-Santana do ,3158805,11588,MG,Santana do Jacaré
11589-MG-Santana do ,3158904,11589,MG,Santana do Manhuaçu
11590-MG-Santana do ,3159001,11590,MG,Santana do Riacho
11591-MG-Santana dos,3159100,11591,MG,Santana dos Montes
11592-MG-Santa Rita ,3159209,11592,MG,Santa Rita de Caldas
11593-MG-Santa Rita ,3159308,11593,MG,Santa Rita de Jacutinga
11594-MG-Santa Rita ,3159407,11594,MG,Santa Rita do Ibitipoca
11595-MG-Santa Rita ,3159506,11595,MG,Santa Rita do Itueto
11596-MG-Santa Rita ,3159605,11596,MG,Santa Rita do Sapucaí
11597-MG-Santa Rosa ,3159704,11597,MG,Santa Rosa da Serra
11598-MG-Santa Vitór,3159803,11598,MG,Santa Vitória
11599-MG-Santo Antôn,3159902,11599,MG,Santo Antônio do Amparo
11600-MG-Santo Antôn,3160009,11600,MG,Santo Antônio do Aventureiro
11601-MG-Santo Antôn,3160108,11601,MG,Santo Antônio do Grama
11602-MG-Santo Antôn,3160207,11602,MG,Santo Antônio do Itambé
11603-MG-Santo Antôn,3160306,11603,MG,Santo Antônio do Jacinto
11604-MG-Santo Antôn,3160405,11604,MG,Santo Antônio do Monte
11605-MG-Santo Antôn,3160504,11605,MG,Santo Antônio do Rio Abaixo
11606-MG-Santo Hipól,3160603,11606,MG,Santo Hipólito
11607-MG-Santos Dumo,3160702,11607,MG,Santos Dumont
11608-MG-São Bento A,3160801,11608,MG,São Bento Abade
11609-MG-São Brás do,3160900,11609,MG,São Brás do Suaçuí
11610-MG-São Domingo,3161007,11610,MG,São Domingos do Prata
11611-MG-São Francis,3161106,11611,MG,São Francisco
11612-MG-São Francis,3161205,11612,MG,São Francisco de Paula
11613-MG-São Francis,3161304,11613,MG,São Francisco de Sales
11614-MG-São Francis,3161403,11614,MG,São Francisco do Glória
11615-MG-São Geraldo,3161502,11615,MG,São Geraldo
11616-MG-São Geraldo,3161601,11616,MG,São Geraldo da Piedade
11617-MG-São Gonçalo,3161700,11617,MG,São Gonçalo do Abaeté
11618-MG-São Gonçalo,3161809,11618,MG,São Gonçalo do Pará
11619-MG-São Gonçalo,3161908,11619,MG,São Gonçalo do Rio Abaixo
11620-MG-São Gonçalo,3162005,11620,MG,São Gonçalo do Sapucaí
11621-MG-São Gotardo,3162104,11621,MG,São Gotardo
11622-MG-São João Ba,3162203,11622,MG,São João Batista do Glória
11623-MG-São João da,3162302,11623,MG,São João da Mata
11624-MG-São João da,3162401,11624,MG,São João da Ponte
11625-MG-São João de,3162500,11625,MG,São João del Rei
11626-MG-São João do,3162609,11626,MG,São João do Oriente
11627-MG-São João do,3162708,11627,MG,São João do Paraíso
11628-MG-São João Ev,3162807,11628,MG,São João Evangelista
11629-MG-São João Ne,3162906,11629,MG,São João Nepomuceno
11630-MG-São José da,3163003,11630,MG,São José da Safira
11631-MG-São José da,3163102,11631,MG,São José da Varginha
11632-MG-São José do,3163201,11632,MG,São José do Alegre
11633-MG-São José do,3163300,11633,MG,São José do Divino
11634-MG-São José do,3163409,11634,MG,São José do Goiabal
11635-MG-São José do,3163508,11635,MG,São José do Jacuri
11636-MG-São José do,3163607,11636,MG,São José do Mantimento
11637-MG-São Lourenç,3163706,11637,MG,São Lourenço
11638-MG-São Miguel ,3163805,11638,MG,São Miguel do Anta
11639-MG-São Pedro d,3163904,11639,MG,São Pedro da União
11640-MG-São Pedro d,3164001,11640,MG,São Pedro dos Ferros
11641-MG-São Pedro d,3164100,11641,MG,São Pedro do Suaçuí
11642-MG-São Romão,3164209,11642,MG,São Romão
11643-MG-São Roque d,3164308,11643,MG,São Roque de Minas
11644-MG-São Sebasti,3164407,11644,MG,São Sebastião da Bela Vista
11645-MG-São Sebasti,3164506,11645,MG,São Sebastião do Maranhão
11646-MG-São Sebasti,3164605,11646,MG,São Sebastião do Oeste
11647-MG-São Sebasti,3164704,11647,MG,São Sebastião do Paraíso
11648-MG-São Sebasti,3164803,11648,MG,São Sebastião do Rio Preto
11649-MG-São Sebasti,3164902,11649,MG,São Sebastião do Rio Verde
11650-MG-São Tiago,3165008,11650,MG,São Tiago
11651-MG-São Tomás d,3165107,11651,MG,São Tomás de Aquino
11652-MG-São Tomé da,3165206,11652,MG,São Tomé das Letras
11653-MG-São Vicente,3165305,11653,MG,São Vicente de Minas
11654-MG-Sapucaí-Mir,3165404,11654,MG,Sapucaí-Mirim
11655-MG-Sardoá,3165503,11655,MG,Sardoá
11656-MG-Senador Cor,3165602,11656,MG,Senador Cortes
11657-MG-Senador Fir,3165701,11657,MG,Senador Firmino
11658-MG-Senador Jos,3165800,11658,MG,Senador José Bento
11659-MG-Senador Mod,3165909,11659,MG,Senador Modestino Gonçalves
11660-MG-Senhora de ,3166006,11660,MG,Senhora de Oliveira
11661-MG-Senhora do ,3166105,11661,MG,Senhora do Porto
11662-MG-Senhora dos,3166204,11662,MG,Senhora dos Remédios
11663-MG-Sericita,3166303,11663,MG,Sericita
11664-MG-Seritinga,3166402,11664,MG,Seritinga
11665-MG-Serra Azul ,3166501,11665,MG,Serra Azul de Minas
11666-MG-Serra da Sa,3166600,11666,MG,Serra da Saudade
11667-MG-Serra dos A,3166709,11667,MG,Serra dos Aimorés
11668-MG-Serra do Sa,3166808,11668,MG,Serra do Salitre
11669-MG-Serrania,3166907,11669,MG,Serrania
11670-MG-Serranos,3167004,11670,MG,Serranos
11671-MG-Serro,3167103,11671,MG,Serro
11672-MG-Sete Lagoas,3167202,11672,MG,Sete Lagoas
11673-MG-Silveirânia,3167301,11673,MG,Silveirânia
11674-MG-Silvianópol,3167400,11674,MG,Silvianópolis
11675-MG-Simão Perei,3167509,11675,MG,Simão Pereira
11676-MG-Simonésia,3167608,11676,MG,Simonésia
11677-MG-Sobrália,3167707,11677,MG,Sobrália
11678-MG-Soledade de,3167806,11678,MG,Soledade de Minas
11679-MG-Tabuleiro,3167905,11679,MG,Tabuleiro
11680-MG-Taiobeiras,3168002,11680,MG,Taiobeiras
11681-MG-Tapira,3168101,11681,MG,Tapira
11682-MG-Tapiraí,3168200,11682,MG,Tapiraí
11683-MG-Taquaraçu d,3168309,11683,MG,Taquaraçu de Minas
11684-MG-Tarumirim,3168408,11684,MG,Tarumirim
11685-MG-Teixeiras,3168507,11685,MG,Teixeiras
11686-MG-Teófilo Oto,3168606,11686,MG,Teófilo Otoni
11687-MG-Timóteo,3168705,11687,MG,Timóteo
11688-MG-Tiradentes,3168804,11688,MG,Tiradentes
11689-MG-Tiros,3168903,11689,MG,Tiros
11690-MG-Tocantins,3169000,11690,MG,Tocantins
11691-MG-Toledo,3169109,11691,MG,Toledo
11692-MG-Tombos,3169208,11692,MG,Tombos
11693-MG-Três Coraçõ,3169307,11693,MG,Três Corações
11694-MG-Três Pontas,3169406,11694,MG,Três Pontas
11695-MG-Tumiritinga,3169505,11695,MG,Tumiritinga
11696-MG-Tupaciguara,3169604,11696,MG,Tupaciguara
11697-MG-Turmalina,3169703,11697,MG,Turmalina
11698-MG-Turvolândia,3169802,11698,MG,Turvolândia
11699-MG-Ubá,3169901,11699,MG,Ubá
11700-MG-Ubaí,3170008,11700,MG,Ubaí
11701-MG-Uberaba,3170107,11701,MG,Uberaba
11702-MG-Uberlândia,3170206,11702,MG,Uberlândia
11703-MG-Umburatiba,3170305,11703,MG,Umburatiba
11704-MG-Unaí,3170404,11704,MG,Unaí
11705-MG-Urucânia,3170503,11705,MG,Urucânia
11706-MG-Vargem Boni,3170602,11706,MG,Vargem Bonita
11707-MG-Varginha,3170701,11707,MG,Varginha
11708-MG-Várzea da P,3170800,11708,MG,Várzea da Palma
11709-MG-Varzelândia,3170909,11709,MG,Varzelândia
11710-MG-Vazante,3171006,11710,MG,Vazante
11711-MG-Veríssimo,3171105,11711,MG,Veríssimo
11712-MG-Vespasiano,3171204,11712,MG,Vespasiano
11713-MG-Viçosa,3171303,11713,MG,Viçosa
11714-MG-Vieiras,3171402,11714,MG,Vieiras
11715-MG-Mathias Lob,3171501,11715,MG,Mathias Lobato
11716-MG-Virgem da L,3171600,11716,MG,Virgem da Lapa
11717-MG-Virgínia,3171709,11717,MG,Virgínia
11718-MG-Virginópoli,3171808,11718,MG,Virginópolis
11719-MG-Virgolândia,3171907,11719,MG,Virgolândia
11720-MG-Visconde do,3172004,11720,MG,Visconde do Rio Branco
11721-MG-Volta Grand,3172103,11721,MG,Volta Grande
11722-MG-Wenceslau B,3172202,11722,MG,Wenceslau Braz
11723-MG-Itaú de Min,3133758,11723,MG,Itaú de Minas
11724-MG-Alfredo Vas,3101631,11724,MG,Alfredo Vasconcelos
11725-MG-Araporã,3103751,11725,MG,Araporã
11726-MG-Brasilândia,3108552,11726,MG,Brasilândia de Minas
11727-MG-Capitão And,3112653,11727,MG,Capitão Andrade
11728-MG-Carneirinho,3114550,11728,MG,Carneirinho
11729-MG-Catuji,3115458,11729,MG,Catuji
11730-MG-Divisa Aleg,3122355,11730,MG,Divisa Alegre
11731-MG-Divisópolis,3122454,11731,MG,Divisópolis
11732-MG-Durandé,3123528,11732,MG,Durandé
11733-MG-Entre Folha,3123858,11733,MG,Entre Folhas
11734-MG-Fervedouro,3125952,11734,MG,Fervedouro
11736-MG-Icaraí de M,3130051,11736,MG,Icaraí de Minas
11737-MG-Ipaba,3131158,11737,MG,Ipaba
11738-MG-Jaíba,3135050,11738,MG,Jaíba
11739-MG-Jampruca,3135076,11739,MG,Jampruca
11740-MG-Juatuba,3136652,11740,MG,Juatuba
11741-MG-Lagoa Grand,3137536,11741,MG,Lagoa Grande
11742-MG-Limeira do ,3138625,11742,MG,Limeira do Oeste
11743-MG-Lontra,3138658,11743,MG,Lontra
11744-MG-Mamonas,3139250,11744,MG,Mamonas
11745-MG-Mata Verde,3140555,11745,MG,Mata Verde
11746-MG-Matias Card,3140852,11746,MG,Matias Cardoso
11747-MG-Montezuma,3143450,11747,MG,Montezuma
11748-MG-Naque,3144359,11748,MG,Naque
11749-MG-Novo Orient,3145356,11749,MG,Novo Oriente de Minas
11750-MG-Palmópolis,3146750,11750,MG,Palmópolis
11751-MG-Pedras de M,3149150,11751,MG,Pedras de Maria da Cruz
11752-MG-Periquito,3149952,11752,MG,Periquito
11753-MG-Ponto dos V,3152170,11753,MG,Ponto dos Volantes
11754-MG-Riachinho,3154457,11754,MG,Riachinho
11755-MG-Rosário da ,3156452,11755,MG,Rosário da Limeira
11756-MG-Santa Bárba,3157252,11756,MG,Santa Bárbara do Leste
11757-MG-Santa Rita ,3159357,11757,MG,Santa Rita de Minas
11758-MG-Santana do ,3158953,11758,MG,Santana do Paraíso
11759-MG-São João da,3162252,11759,MG,São João da Lagoa
11760-MG-São João do,3162559,11760,MG,São João do Manhuaçu
11761-MG-São João do,3162575,11761,MG,São João do Manteninha
11762-MG-São João do,3162658,11762,MG,São João do Pacuí
11763-MG-São José da,3162955,11763,MG,São José da Lapa
11764-MG-Sarzedo,3165537,11764,MG,Sarzedo
11765-MG-Semixe,3165560,11765,MG,Semixe
11766-MG-Senador Ama,3165578,11766,MG,Senador Amaral
11767-MG-Ubaporanga,3170057,11767,MG,Ubaporanga
11768-MG-Urucuia,3170529,11768,MG,Urucuia
11769-MG-Vargem Aleg,3170578,11769,MG,Vargem Alegre
11770-MG-São José da,3162948,11770,MG,São José da Barra
11771-MG-Alto Capara,3102050,11771,MG,Alto Caparaó
11772-MG-Angelândia,3102852,11772,MG,Angelândia
11773-MG-Aricanduva,3104452,11773,MG,Aricanduva
11774-MG-Berizal,3106655,11774,MG,Berizal
11775-MG-Bonito de M,3108255,11775,MG,Bonito de Minas
11776-MG-Bugre,3109253,11776,MG,Bugre
11777-MG-Cabeceira G,3109451,11777,MG,Cabeceira Grande
11778-MG-Campo Azul,3111150,11778,MG,Campo Azul
11779-MG-Cantagalo,3112059,11779,MG,Cantagalo
11780-MG-Catas Altas,3115359,11780,MG,Catas Altas
11781-MG-Catuti,3115474,11781,MG,Catuti
11782-MG-Chapada Gaú,3116159,11782,MG,Chapada Gaúcha
11783-MG-Cônego Mari,3117836,11783,MG,Cônego Marinho
11784-MG-Confins,3117876,11784,MG,Confins
11785-MG-Córrego Fun,3119955,11785,MG,Córrego Fundo
11786-MG-Crisólita,3120151,11786,MG,Crisólita
11787-MG-Cuparaque,3120839,11787,MG,Cuparaque
11788-MG-Curral de D,3120870,11788,MG,Curral de Dentro
11789-MG-Delta,3121258,11789,MG,Delta
11790-MG-Dom Bosco,3122470,11790,MG,Dom Bosco
11791-MG-Franciscópo,3126752,11791,MG,Franciscópolis
11792-MG-Frei Lagone,3126950,11792,MG,Frei Lagonegro
11793-MG-Fruta de Le,3127073,11793,MG,Fruta de Leite
11794-MG-Gameleiras,3127339,11794,MG,Gameleiras
11795-MG-Glaucilândi,3127354,11795,MG,Glaucilândia
11796-MG-Goiabeira,3127370,11796,MG,Goiabeira
11797-MG-Goianá,3127388,11797,MG,Goianá
11798-MG-Guaraciama,3128253,11798,MG,Guaraciama
11799-MG-Ibiracatu,3129657,11799,MG,Ibiracatu
11800-MG-Imbé de Min,3130556,11800,MG,Imbé de Minas
11801-MG-Indaiabira,3130655,11801,MG,Indaiabira
11802-MG-Japonvar,3135357,11802,MG,Japonvar
11803-MG-Jenipapo de,3135456,11803,MG,Jenipapo de Minas
11804-MG-José Gonçal,3136520,11804,MG,José Gonçalves de Minas
11805-MG-José Raydan,3136553,11805,MG,José Raydan
11806-MG-Josenópolis,3136579,11806,MG,Josenópolis
11807-MG-Juvenília,3136959,11807,MG,Juvenília
11808-MG-Leme do Pra,3138351,11808,MG,Leme do Prado
11809-MG-Luisburgo,3138674,11809,MG,Luisburgo
11810-MG-Luislândia,3138682,11810,MG,Luislândia
11811-MG-Mário Campo,3140159,11811,MG,Mário Campos
11812-MG-Martins Soa,3140530,11812,MG,Martins Soares
11813-MG-Miravânia,3142254,11813,MG,Miravânia
11814-MG-Monte Formo,3143153,11814,MG,Monte Formoso
11815-MG-Natalândia,3144375,11815,MG,Natalândia
11816-MG-Ninheira,3144656,11816,MG,Ninheira
11817-MG-Nova Belém,3144672,11817,MG,Nova Belém
11818-MG-Nova Portei,3145059,11818,MG,Nova Porteirinha
11819-MG-Novorizonte,3145372,11819,MG,Novorizonte
11820-MG-Olhos-d Águ,3145455,11820,MG,Olhos-d Água
11821-MG-Oratórios,3145851,11821,MG,Oratórios
11822-MG-Orizânia,3145877,11822,MG,Orizânia
11823-MG-Padre Carva,3146255,11823,MG,Padre Carvalho
11824-MG-Pai Pedro,3146552,11824,MG,Pai Pedro
11825-MG-Patis,3147956,11825,MG,Patis
11826-MG-Pedra Bonit,3148756,11826,MG,Pedra Bonita
11827-MG-Piedade de ,3150158,11827,MG,Piedade de Caratinga
11828-MG-Pingo d Águ,3150539,11828,MG,Pingo d Água
11829-MG-Pintópolis,3150570,11829,MG,Pintópolis
11830-MG-Ponto Chiqu,3152131,11830,MG,Ponto Chique
11831-MG-Reduto,3154150,11831,MG,Reduto
11832-MG-Santa Bárba,3157278,11832,MG,Santa Bárbara do Monte Verde
11833-MG-Santa Cruz ,3157336,11833,MG,Santa Cruz de Minas
11834-MG-Santa Cruz ,3157377,11834,MG,Santa Cruz de Salinas
11835-MG-Santa Helen,3157658,11835,MG,Santa Helena de Minas
11836-MG-Santo Antôn,3160454,11836,MG,Santo Antônio do Retiro
11837-MG-São Domingo,3160959,11837,MG,São Domingos das Dores
11838-MG-São Félix d,3161056,11838,MG,São Félix de Minas
11839-MG-São Geraldo,3161650,11839,MG,São Geraldo do Baixio
11840-MG-São João da,3162450,11840,MG,São João das Missões
11841-MG-São Joaquim,3162922,11841,MG,São Joaquim de Bicas
11843-MG-São Sebasti,3164431,11843,MG,São Sebastião da Vargem Alegre
11844-MG-São Sebasti,3164472,11844,MG,São Sebastião do Anta
11845-MG-Setubinha,3165552,11845,MG,Setubinha
11846-MG-Serranópoli,3166956,11846,MG,Serranópolis de Minas
11847-MG-Taparuba,3168051,11847,MG,Taparuba
11848-MG-Tocos do Mo,3169059,11848,MG,Tocos do Moji
11849-MG-União de Mi,3170438,11849,MG,União de Minas
11850-MG-Uruana de M,3170479,11850,MG,Uruana de Minas
11851-MG-Vargem Gran,3170651,11851,MG,Vargem Grande do Rio Pardo
11852-MG-Varjão de M,3170750,11852,MG,Varjão de Minas
11853-MG-Verdelândia,3171030,11853,MG,Verdelândia
11854-MG-Veredinha,3171071,11854,MG,Veredinha
11855-MG-Vermelho No,3171154,11855,MG,Vermelho Novo
12001-PA-Abaetetuba,1500107,12001,PA,Abaetetuba
12002-PA-Acará,1500206,12002,PA,Acará
12003-PA-Afuá,1500305,12003,PA,Afuá
12004-PA-Alenquer,1500404,12004,PA,Alenquer
12005-PA-Almeirim,1500503,12005,PA,Almeirim
12006-PA-Altamira,1500602,12006,PA,Altamira
12007-PA-Anajás,1500701,12007,PA,Anajás
12008-PA-Ananindeua,1500800,12008,PA,Ananindeua
12009-PA-Augusto Cor,1500909,12009,PA,Augusto Corrêa
12010-PA-Aveiro,1501006,12010,PA,Aveiro
12011-PA-Bagre,1501105,12011,PA,Bagre
12012-PA-Baião,1501204,12012,PA,Baião
12013-PA-Barcarena,1501303,12013,PA,Barcarena
12014-PA-Belém,1501402,12014,PA,Belém
12015-PA-Benevides,1501501,12015,PA,Benevides
12016-PA-Bonito,1501600,12016,PA,Bonito
12017-PA-Bragança,1501709,12017,PA,Bragança
12018-PA-Breves,1501808,12018,PA,Breves
12019-PA-Bujaru,1501907,12019,PA,Bujaru
12020-PA-Cachoeira d,1502004,12020,PA,Cachoeira do Arari
12021-PA-Cametá,1502103,12021,PA,Cametá
12022-PA-Capanema,1502202,12022,PA,Capanema
12023-PA-Capitão Poç,1502301,12023,PA,Capitão Poço
12024-PA-Castanhal,1502400,12024,PA,Castanhal
12025-PA-Chaves,1502509,12025,PA,Chaves
12026-PA-Colares,1502608,12026,PA,Colares
12027-PA-Conceição d,1502707,12027,PA,Conceição do Araguaia
12028-PA-Curralinho,1502806,12028,PA,Curralinho
12029-PA-Curuçá,1502905,12029,PA,Curuçá
12030-PA-Faro,1503002,12030,PA,Faro
12031-PA-Gurupá,1503101,12031,PA,Gurupá
12032-PA-Igarapé-Açu,1503200,12032,PA,Igarapé-Açu
12033-PA-Igarapé-Mir,1503309,12033,PA,Igarapé-Miri
12034-PA-Inhangapi,1503408,12034,PA,Inhangapi
12035-PA-Irituia,1503507,12035,PA,Irituia
12036-PA-Itaituba,1503606,12036,PA,Itaituba
12037-PA-Itupiranga,1503705,12037,PA,Itupiranga
12038-PA-Jacundá,1503804,12038,PA,Jacundá
12039-PA-Juruti,1503903,12039,PA,Juruti
12040-PA-Limoeiro do,1504000,12040,PA,Limoeiro do Ajuru
12041-PA-Magalhães B,1504109,12041,PA,Magalhães Barata
12042-PA-Marabá,1504208,12042,PA,Marabá
12043-PA-Maracanã,1504307,12043,PA,Maracanã
12044-PA-Marapanim,1504406,12044,PA,Marapanim
12045-PA-Melgaço,1504505,12045,PA,Melgaço
12046-PA-Mocajuba,1504604,12046,PA,Mocajuba
12047-PA-Moju,1504703,12047,PA,Moju
12048-PA-Monte Alegr,1504802,12048,PA,Monte Alegre
12049-PA-Muaná,1504901,12049,PA,Muaná
12050-PA-Nova Timbot,1505007,12050,PA,Nova Timboteua
12051-PA-Óbidos,1505106,12051,PA,Óbidos
12052-PA-Oeiras do P,1505205,12052,PA,Oeiras do Pará
12053-PA-Oriximiná,1505304,12053,PA,Oriximiná
12054-PA-Ourém,1505403,12054,PA,Ourém
12055-PA-Paragominas,1505502,12055,PA,Paragominas
12056-PA-Peixe-Boi,1505601,12056,PA,Peixe-Boi
12057-PA-Ponta de Pe,1505700,12057,PA,Ponta de Pedras
12058-PA-Portel,1505809,12058,PA,Portel
12059-PA-Porto de Mo,1505908,12059,PA,Porto de Moz
12060-PA-Prainha,1506005,12060,PA,Prainha
12061-PA-Primavera,1506104,12061,PA,Primavera
12062-PA-Salinópolis,1506203,12062,PA,Salinópolis
12063-PA-Salvaterra,1506302,12063,PA,Salvaterra
12064-PA-Santa Cruz ,1506401,12064,PA,Santa Cruz do Arari
12065-PA-Santa Isabe,1506500,12065,PA,Santa Isabel do Pará
12066-PA-Santa Maria,1506609,12066,PA,Santa Maria do Pará
12067-PA-Santana do ,1506708,12067,PA,Santana do Araguaia
12068-PA-Santarém,1506807,12068,PA,Santarém
12069-PA-Santarém No,1506906,12069,PA,Santarém Novo
12070-PA-Santo Antôn,1507003,12070,PA,Santo Antônio do Tauá
12071-PA-São Caetano,1507102,12071,PA,São Caetano de Odivelas
12072-PA-São Domingo,1507201,12072,PA,São Domingos do Capim
12073-PA-São Félix d,1507300,12073,PA,São Félix do Xingu
12074-PA-São Francis,1507409,12074,PA,São Francisco do Pará
12075-PA-São João do,1507508,12075,PA,São João do Araguaia
12076-PA-São Miguel ,1507607,12076,PA,São Miguel do Guamá
12077-PA-São Sebasti,1507706,12077,PA,São Sebastião da Boa Vista
12078-PA-Senador Jos,1507805,12078,PA,Senador José Porfírio
12079-PA-Soure,1507904,12079,PA,Soure
12080-PA-Tomé-Açu,1508001,12080,PA,Tomé-Açu
12081-PA-Tucuruí,1508100,12081,PA,Tucuruí
12082-PA-Vigia,1508209,12082,PA,Vigia
12083-PA-Viseu,1508308,12083,PA,Viseu
12084-PA-Redenção,1506138,12084,PA,Redenção
12085-PA-Rio Maria,1506161,12085,PA,Rio Maria
12086-PA-Rondon do P,1506187,12086,PA,Rondon do Pará
12087-PA-Xinguara,1508407,12087,PA,Xinguara
12088-PA-Bom Jesus d,1501576,12088,PA,Bom Jesus do Tocantins
12089-PA-Brejo Grand,1501758,12089,PA,Brejo Grande do Araguaia
12090-PA-Concórdia d,1502756,12090,PA,Concórdia do Pará
12091-PA-Curionópoli,1502772,12091,PA,Curionópolis
12092-PA-Dom Eliseu,1502939,12092,PA,Dom Eliseu
12093-PA-Garrafão do,1503077,12093,PA,Garrafão do Norte
12094-PA-Mãe do Rio,1504059,12094,PA,Mãe do Rio
12095-PA-Medicilândi,1504455,12095,PA,Medicilândia
12096-PA-Ourilândia ,1505437,12096,PA,Ourilândia do Norte
12097-PA-Pacajá,1505486,12097,PA,Pacajá
12098-PA-Parauapebas,1505536,12098,PA,Parauapebas
12099-PA-Rurópolis,1506195,12099,PA,Rurópolis
12100-PA-Santa Maria,1506583,12100,PA,Santa Maria das Barreiras
12101-PA-São Geraldo,1507458,12101,PA,São Geraldo do Araguaia
12102-PA-São João de,1507474,12102,PA,São João de Pirabas
12103-PA-Tailândia,1507953,12103,PA,Tailândia
12104-PA-Tucumã,1508084,12104,PA,Tucumã
12105-PA-Uruará,1508159,12105,PA,Uruará
12106-PA-Água Azul d,1500347,12106,PA,Água Azul do Norte
12107-PA-Aurora do P,1500958,12107,PA,Aurora do Pará
12108-PA-Brasil Novo,1501725,12108,PA,Brasil Novo
12109-PA-Breu Branco,1501782,12109,PA,Breu Branco
12110-PA-Eldorado do,1502954,12110,PA,Eldorado dos Carajás
12111-PA-Goianésia d,1503093,12111,PA,Goianésia do Pará
12112-PA-Ipixuna do ,1503457,12112,PA,Ipixuna do Pará
12113-PA-Jacareacang,1503754,12113,PA,Jacareacanga
12114-PA-Novo Progre,1505031,12114,PA,Novo Progresso
12115-PA-Novo Repart,1505064,12115,PA,Novo Repartimento
12116-PA-Palestina d,1505494,12116,PA,Palestina do Pará
12117-PA-Pau d Arco,1505551,12117,PA,Pau d Arco
12118-PA-Santa Bárba,1506351,12118,PA,Santa Bárbara do Pará
12119-PA-Santa Luzia,1506559,12119,PA,Santa Luzia do Pará
12120-PA-Terra Santa,1507979,12120,PA,Terra Santa
12121-PA-Trairão,1508050,12121,PA,Trairão
12122-PA-Ulianópolis,1508126,12122,PA,Ulianópolis
12123-PA-Vitória do ,1508357,12123,PA,Vitória do Xingu
12124-PA-Abel Figuei,1500131,12124,PA,Abel Figueiredo
12125-PA-Cumaru do N,1502764,12125,PA,Cumaru do Norte
12126-PA-Nova Espera,1504950,12126,PA,Nova Esperança do Piriá
12127-PA-São Domingo,1507151,12127,PA,São Domingos do Araguaia
12128-PA-Terra Alta,1507961,12128,PA,Terra Alta
12129-PA-Anapu,1500859,12129,PA,Anapu
12130-PA-Bannach,1501253,12130,PA,Bannach
12131-PA-Belterra,1501451,12131,PA,Belterra
12132-PA-Cachoeira d,1501956,12132,PA,Cachoeira do Piriá
12133-PA-Canaã dos C,1502152,12133,PA,Canaã dos Carajás
12134-PA-Curuá,1502855,12134,PA,Curuá
12135-PA-Floresta do,1503044,12135,PA,Floresta do Araguaia
12136-PA-Marituba,1504422,12136,PA,Marituba
12137-PA-Nova Ipixun,1504976,12137,PA,Nova Ipixuna
12138-PA-Piçarra,1505635,12138,PA,Piçarra
12139-PA-Placas,1505650,12139,PA,Placas
12140-PA-Quatipuru,1506112,12140,PA,Quatipuru
12141-PA-São João da,1507466,12141,PA,São João da Ponta
12142-PA-Sapucaia,1507755,12142,PA,Sapucaia
12143-PA-Tracuateua,1508035,12143,PA,Tracuateua
12144-PA-Mojoui dos ,1504752,12144,PA,Mojoui dos campos
13001-PB-Água Branca,2500106,13001,PB,Água Branca
13002-PB-Aguiar,2500205,13002,PB,Aguiar
13003-PB-Alagoa Gran,2500304,13003,PB,Alagoa Grande
13004-PB-Alagoa Nova,2500403,13004,PB,Alagoa Nova
13005-PB-Alagoinha,2500502,13005,PB,Alagoinha
13006-PB-Alhandra,2500601,13006,PB,Alhandra
13007-PB-São João do,2500700,13007,PB,São João do Rio do Peixe
13008-PB-Araçagi,2500809,13008,PB,Araçagi
13009-PB-Arara,2500908,13009,PB,Arara
13010-PB-Araruna,2501005,13010,PB,Araruna
13011-PB-Areia,2501104,13011,PB,Areia
13012-PB-Areial,2501203,13012,PB,Areial
13013-PB-Aroeiras,2501302,13013,PB,Aroeiras
13015-PB-Baía da Tra,2501401,13015,PB,Baía da Traição
13016-PB-Bananeiras,2501500,13016,PB,Bananeiras
13017-PB-Barra de Sa,2501609,13017,PB,Barra de Santa Rosa
13018-PB-Barra de Sã,2501708,13018,PB,Barra de São Miguel
13019-PB-Bayeux,2501807,13019,PB,Bayeux
13020-PB-Belém,2501906,13020,PB,Belém
13021-PB-Belém do Br,2502003,13021,PB,Belém do Brejo do Cruz
13022-PB-Boa Ventura,2502102,13022,PB,Boa Ventura
13023-PB-Bom Jesus,2502201,13023,PB,Bom Jesus
13024-PB-Bom Sucesso,2502300,13024,PB,Bom Sucesso
13025-PB-Bonito de S,2502409,13025,PB,Bonito de Santa Fé
13026-PB-Boqueirão,2502508,13026,PB,Boqueirão
13027-PB-Igaracy,2502607,13027,PB,Igaracy
13028-PB-Borborema,2502706,13028,PB,Borborema
13029-PB-Brejo do Cr,2502805,13029,PB,Brejo do Cruz
13030-PB-Brejo dos S,2502904,13030,PB,Brejo dos Santos
13031-PB-Caaporã,2503001,13031,PB,Caaporã
13032-PB-Cabaceiras,2503100,13032,PB,Cabaceiras
13033-PB-Cabedelo,2503209,13033,PB,Cabedelo
13034-PB-Cachoeira d,2503308,13034,PB,Cachoeira dos Índios
13035-PB-Cacimba de ,2503407,13035,PB,Cacimba de Areia
13036-PB-Cacimba de ,2503506,13036,PB,Cacimba de Dentro
13037-PB-Caiçara,2503605,13037,PB,Caiçara
13038-PB-Cajazeiras,2503704,13038,PB,Cajazeiras
13039-PB-Caldas Bran,2503803,13039,PB,Caldas Brandão
13040-PB-Camalaú,2503902,13040,PB,Camalaú
13041-PB-Campina Gra,2504009,13041,PB,Campina Grande
13042-PB-Carrapateir,2504108,13042,PB,Carrapateira
13043-PB-Catingueira,2504207,13043,PB,Catingueira
13044-PB-Catolé do R,2504306,13044,PB,Catolé do Rocha
13045-PB-Conceição,2504405,13045,PB,Conceição
13046-PB-Condado,2504504,13046,PB,Condado
13047-PB-Conde,2504603,13047,PB,Conde
13048-PB-Congo,2504702,13048,PB,Congo
13049-PB-Coremas,2504801,13049,PB,Coremas
13050-PB-Cruz do Esp,2504900,13050,PB,Cruz do Espírito Santo
13051-PB-Cubati,2505006,13051,PB,Cubati
13052-PB-Cuité,2505105,13052,PB,Cuité
13053-PB-Cuitegi,2505204,13053,PB,Cuitegi
13054-PB-Curral Velh,2505303,13054,PB,Curral Velho
13055-PB-Desterro,2505402,13055,PB,Desterro
13056-PB-Vista Serra,2505501,13056,PB,Vista Serrana
13057-PB-Diamante,2505600,13057,PB,Diamante
13058-PB-Dona Inês,2505709,13058,PB,Dona Inês
13059-PB-Duas Estrad,2505808,13059,PB,Duas Estradas
13060-PB-Emas,2505907,13060,PB,Emas
13061-PB-Esperança,2506004,13061,PB,Esperança
13062-PB-Fagundes,2506103,13062,PB,Fagundes
13063-PB-Frei Martin,2506202,13063,PB,Frei Martinho
13064-PB-Guarabira,2506301,13064,PB,Guarabira
13065-PB-Gurinhém,2506400,13065,PB,Gurinhém
13066-PB-Gurjão,2506509,13066,PB,Gurjão
13067-PB-Ibiara,2506608,13067,PB,Ibiara
13068-PB-Imaculada,2506707,13068,PB,Imaculada
13069-PB-Ingá,2506806,13069,PB,Ingá
13070-PB-Itabaiana,2506905,13070,PB,Itabaiana
13071-PB-Itaporanga,2507002,13071,PB,Itaporanga
13072-PB-Itapororoca,2507101,13072,PB,Itapororoca
13073-PB-Itatuba,2507200,13073,PB,Itatuba
13074-PB-Jacaraú,2507309,13074,PB,Jacaraú
13075-PB-Jericó,2507408,13075,PB,Jericó
13076-PB-João Pessoa,2507507,13076,PB,João Pessoa
13077-PB-Juarez Távo,2507606,13077,PB,Juarez Távora
13078-PB-Juazeirinho,2507705,13078,PB,Juazeirinho
13079-PB-Junco do Se,2507804,13079,PB,Junco do Seridó
13080-PB-Juripiranga,2507903,13080,PB,Juripiranga
13081-PB-Juru,2508000,13081,PB,Juru
13082-PB-Lagoa,2508109,13082,PB,Lagoa
13083-PB-Lagoa de De,2508208,13083,PB,Lagoa de Dentro
13084-PB-Lagoa Seca,2508307,13084,PB,Lagoa Seca
13085-PB-Lastro,2508406,13085,PB,Lastro
13086-PB-Livramento,2508505,13086,PB,Livramento
13087-PB-Lucena,2508604,13087,PB,Lucena
13088-PB-Mãe d Água,2508703,13088,PB,Mãe d Água
13089-PB-Malta,2508802,13089,PB,Malta
13090-PB-Mamanguape,2508901,13090,PB,Mamanguape
13091-PB-Manaíra,2509008,13091,PB,Manaíra
13092-PB-Mari,2509107,13092,PB,Mari
13093-PB-Massarandub,2509206,13093,PB,Massaranduba
13094-PB-Mataraca,2509305,13094,PB,Mataraca
13095-PB-Mogeiro,2509404,13095,PB,Mogeiro
13096-PB-Montadas,2509503,13096,PB,Montadas
13097-PB-Monte Horeb,2509602,13097,PB,Monte Horebe
13098-PB-Monteiro,2509701,13098,PB,Monteiro
13099-PB-Mulungu,2509800,13099,PB,Mulungu
13100-PB-Natuba,2509909,13100,PB,Natuba
13101-PB-Nazarezinho,2510006,13101,PB,Nazarezinho
13102-PB-Nova Flores,2510105,13102,PB,Nova Floresta
13103-PB-Nova Olinda,2510204,13103,PB,Nova Olinda
13104-PB-Nova Palmei,2510303,13104,PB,Nova Palmeira
13105-PB-Olho d Água,2510402,13105,PB,Olho d Água
13106-PB-Olivedos,2510501,13106,PB,Olivedos
13107-PB-Ouro Velho,2510600,13107,PB,Ouro Velho
13108-PB-Passagem,2510709,13108,PB,Passagem
13109-PB-Patos,2510808,13109,PB,Patos
13110-PB-Paulista,2510907,13110,PB,Paulista
13111-PB-Pedra Branc,2511004,13111,PB,Pedra Branca
13112-PB-Pedra Lavra,2511103,13112,PB,Pedra Lavrada
13113-PB-Pedras de F,2511202,13113,PB,Pedras de Fogo
13114-PB-Piancó,2511301,13114,PB,Piancó
13115-PB-Picuí,2511400,13115,PB,Picuí
13116-PB-Pilar,2511509,13116,PB,Pilar
13117-PB-Pilões,2511608,13117,PB,Pilões
13118-PB-Pilõezinhos,2511707,13118,PB,Pilõezinhos
13119-PB-Pirpirituba,2511806,13119,PB,Pirpirituba
13120-PB-Pitimbu,2511905,13120,PB,Pitimbu
13121-PB-Pocinhos,2512002,13121,PB,Pocinhos
13122-PB-Pombal,2512101,13122,PB,Pombal
13123-PB-Prata,2512200,13123,PB,Prata
13124-PB-Princesa Is,2512309,13124,PB,Princesa Isabel
13125-PB-Puxinanã,2512408,13125,PB,Puxinanã
13126-PB-Queimadas,2512507,13126,PB,Queimadas
13127-PB-Quixabá,2512606,13127,PB,Quixabá
13128-PB-Remígio,2512705,13128,PB,Remígio
13129-PB-Riacho dos ,2512804,13129,PB,Riacho dos Cavalos
13130-PB-Rio Tinto,2512903,13130,PB,Rio Tinto
13131-PB-Salgadinho,2513000,13131,PB,Salgadinho
13132-PB-Salgado de ,2513109,13132,PB,Salgado de São Félix
13133-PB-Santa Cruz,2513208,13133,PB,Santa Cruz
13134-PB-Santa Helen,2513307,13134,PB,Santa Helena
13135-PB-Santa Luzia,2513406,13135,PB,Santa Luzia
13136-PB-Santana de ,2513505,13136,PB,Santana de Mangueira
13137-PB-Santana dos,2513604,13137,PB,Santana dos Garrotes
13138-PB-Santa Rita,2513703,13138,PB,Santa Rita
13139-PB-Santa Teres,2513802,13139,PB,Santa Teresinha
13140-PB-São Bento,2513901,13140,PB,São Bento
13141-PB-São João do,2514008,13141,PB,São João do Cariri
13142-PB-São João do,2514107,13142,PB,São João do Tigre
13143-PB-São José da,2514206,13143,PB,São José da Lagoa Tapada
13144-PB-São José de,2514305,13144,PB,São José de Caiana
13145-PB-São José de,2514404,13145,PB,São José de Espinharas
13146-PB-São José de,2514503,13146,PB,São José de Piranhas
13147-PB-São José do,2514602,13147,PB,São José do Bonfim
13148-PB-São José do,2514701,13148,PB,São José do Sabugi
13149-PB-São José do,2514800,13149,PB,São José dos Cordeiros
13150-PB-São Mamede,2514909,13150,PB,São Mamede
13151-PB-São Miguel ,2515005,13151,PB,São Miguel de Taipu
13152-PB-São Sebasti,2515104,13152,PB,São Sebastião de Lagoa de Roça
13153-PB-São Sebasti,2515203,13153,PB,São Sebastião do Umbuzeiro
13154-PB-Sapé,2515302,13154,PB,Sapé
13155-PB-Seridó,2515401,13155,PB,Seridó
13156-PB-Serra Branc,2515500,13156,PB,Serra Branca
13157-PB-Serra da Ra,2515609,13157,PB,Serra da Raiz
13158-PB-Serra Grand,2515708,13158,PB,Serra Grande
13159-PB-Serra Redon,2515807,13159,PB,Serra Redonda
13160-PB-Serraria,2515906,13160,PB,Serraria
13161-PB-Solânea,2516003,13161,PB,Solânea
13162-PB-Soledade,2516102,13162,PB,Soledade
13163-PB-Sousa,2516201,13163,PB,Sousa
13164-PB-Sumé,2516300,13164,PB,Sumé
13165-PB-Tacima,2516409,13165,PB,Tacima
13166-PB-Taperoá,2516508,13166,PB,Taperoá
13167-PB-Tavares,2516607,13167,PB,Tavares
13168-PB-Teixeira,2516706,13168,PB,Teixeira
13169-PB-Triunfo,2516805,13169,PB,Triunfo
13170-PB-Uiraúna,2516904,13170,PB,Uiraúna
13171-PB-Umbuzeiro,2517001,13171,PB,Umbuzeiro
13172-PB-Várzea,2517100,13172,PB,Várzea
13173-PB-Alcantil,2500536,13173,PB,Alcantil
13174-PB-Algodão de ,2500577,13174,PB,Algodão de Jandaíra
13175-PB-Amparo,2500734,13175,PB,Amparo
13176-PB-Aparecida,2500775,13176,PB,Aparecida
13177-PB-Areia de Ba,2501153,13177,PB,Areia de Baraúnas
13178-PB-Assunção,2501351,13178,PB,Assunção
13179-PB-Baraúna,2501534,13179,PB,Baraúna
13180-PB-Barra de Sa,2501575,13180,PB,Barra de Santana
13181-PB-Bernardino ,2502052,13181,PB,Bernardino Batista
13182-PB-Boa Vista,2502151,13182,PB,Boa Vista
13183-PB-Cacimbas,2503555,13183,PB,Cacimbas
13184-PB-Cajazeirinh,2503753,13184,PB,Cajazeirinhas
13185-PB-Capim,2504033,13185,PB,Capim
13186-PB-Caraúbas,2504074,13186,PB,Caraúbas
13187-PB-Casserengue,2504157,13187,PB,Casserengue
13188-PB-Caturité,2504355,13188,PB,Caturité
13189-PB-Coxixola,2504850,13189,PB,Coxixola
13190-PB-Cuité de Ma,2505238,13190,PB,Cuité de Mamanguape
13191-PB-Curral de C,2505279,13191,PB,Curral de Cima
13192-PB-Damião,2505352,13192,PB,Damião
13193-PB-Gado Bravo,2506251,13193,PB,Gado Bravo
13194-PB-Logradouro,2508554,13194,PB,Logradouro
13195-PB-Marcação,2509057,13195,PB,Marcação
13196-PB-Marizópolis,2509156,13196,PB,Marizópolis
13197-PB-Matinhas,2509339,13197,PB,Matinhas
13198-PB-Mato Grosso,2509370,13198,PB,Mato Grosso
13199-PB-Maturéia,2509396,13199,PB,Maturéia
13200-PB-Parari,2510659,13200,PB,Parari
13201-PB-Poço Dantas,2512036,13201,PB,Poço Dantas
13202-PB-Poço de Jos,2512077,13202,PB,Poço de José de Moura
13203-PB-Pedro Régio,2512721,13203,PB,Pedro Régio
13204-PB-Riachão,2512747,13204,PB,Riachão
13205-PB-Riachão do ,2512754,13205,PB,Riachão do Bacamarte
13206-PB-Riachão do ,2512762,13206,PB,Riachão do Poço
13207-PB-Riacho de S,2512788,13207,PB,Riacho de Santo Antônio
13208-PB-Santa Cecíl,2513158,13208,PB,Santa Cecília
13209-PB-Santa Inês,2513356,13209,PB,Santa Inês
13210-PB-Santarém,2513653,13210,PB,Santarém
13211-PB-Santo André,2513851,13211,PB,Santo André
13212-PB-São Bentinh,2513927,13212,PB,São Bentinho
13213-PB-São Domingo,2513943,13213,PB,São Domingos do Cariri
13214-PB-São Domingo,2513968,13214,PB,São Domingos de Pombal
13215-PB-São Francis,2513984,13215,PB,São Francisco
13216-PB-São José do,2514453,13216,PB,São José dos Ramos
13217-PB-São José de,2514552,13217,PB,São José de Princesa
13218-PB-São José do,2514651,13218,PB,São José do Brejo do Cruz
13219-PB-Sertãozinho,2515930,13219,PB,Sertãozinho
13220-PB-Sobrado,2515971,13220,PB,Sobrado
13221-PB-Sossego,2516151,13221,PB,Sossego
13222-PB-Tenório,2516755,13222,PB,Tenório
13223-PB-Vieirópolis,2517209,13223,PB,Vieirópolis
13224-PB-Zabelê,2517407,13224,PB,Zabelê
14001-PR-Abatiá,4100103,14001,PR,Abatiá
14002-PR-Adrianópoli,4100202,14002,PR,Adrianópolis
14003-PR-Agudos do S,4100301,14003,PR,Agudos do Sul
14004-PR-Almirante T,4100400,14004,PR,Almirante Tamandaré
14005-PR-Alto Paraná,4100608,14005,PR,Alto Paraná
14006-PR-Alto Piquir,4100707,14006,PR,Alto Piquiri
14007-PR-Alvorada do,4100806,14007,PR,Alvorada do Sul
14008-PR-Amaporã,4100905,14008,PR,Amaporã
14009-PR-Ampére,4101002,14009,PR,Ampére
14010-PR-Andirá,4101101,14010,PR,Andirá
14011-PR-Antonina,4101200,14011,PR,Antonina
14012-PR-Antônio Oli,4101309,14012,PR,Antônio Olinto
14013-PR-Apucarana,4101408,14013,PR,Apucarana
14014-PR-Arapongas,4101507,14014,PR,Arapongas
14015-PR-Arapoti,4101606,14015,PR,Arapoti
14016-PR-Araruna,4101705,14016,PR,Araruna
14017-PR-Marilândia ,4114906,14017,PR,Marilândia do Sul
14018-PR-Araucária,4101804,14018,PR,Araucária
14019-PR-Assaí,4101903,14019,PR,Assaí
14020-PR-Astorga,4102109,14020,PR,Astorga
14021-PR-Atalaia,4102208,14021,PR,Atalaia
14022-PR-Balsa Nova,4102307,14022,PR,Balsa Nova
14023-PR-Bandeirante,4102406,14023,PR,Bandeirantes
14024-PR-Barbosa Fer,4102505,14024,PR,Barbosa Ferraz
14025-PR-Barracão,4102604,14025,PR,Barracão
14026-PR-Barra do Ja,4102703,14026,PR,Barra do Jacaré
14027-PR-Bela Vista ,4102802,14027,PR,Bela Vista do Paraíso
14028-PR-Bituruna,4102901,14028,PR,Bituruna
14029-PR-Boa Esperan,4103008,14029,PR,Boa Esperança
14030-PR-Bocaiúva do,4103107,14030,PR,Bocaiúva do Sul
14031-PR-Bom Sucesso,4103206,14031,PR,Bom Sucesso
14032-PR-Borrazópoli,4103305,14032,PR,Borrazópolis
14033-PR-Cafeara,4103404,14033,PR,Cafeara
14034-PR-Califórnia,4103503,14034,PR,Califórnia
14035-PR-Cambará,4103602,14035,PR,Cambará
14036-PR-Cambé,4103701,14036,PR,Cambé
14037-PR-Cambira,4103800,14037,PR,Cambira
14038-PR-Campina da ,4103909,14038,PR,Campina da Lagoa
14039-PR-Campina Gra,4104006,14039,PR,Campina Grande do Sul
14040-PR-Campo do Te,4104105,14040,PR,Campo do Tenente
14041-PR-Campo Largo,4104204,14041,PR,Campo Largo
14042-PR-Campo Mourã,4104303,14042,PR,Campo Mourão
14043-PR-Cândido de ,4104402,14043,PR,Cândido de Abreu
14044-PR-Capanema,4104501,14044,PR,Capanema
14045-PR-Capitão Leô,4104600,14045,PR,Capitão Leônidas Marques
14046-PR-Carlópolis,4104709,14046,PR,Carlópolis
14047-PR-Cascavel,4104808,14047,PR,Cascavel
14048-PR-Castro,4104907,14048,PR,Castro
14049-PR-Catanduvas,4105003,14049,PR,Catanduvas
14050-PR-Centenário ,4105102,14050,PR,Centenário do Sul
14051-PR-Cerro Azul,4105201,14051,PR,Cerro Azul
14052-PR-Chopinzinho,4105409,14052,PR,Chopinzinho
14053-PR-Cianorte,4105508,14053,PR,Cianorte
14054-PR-Cidade Gaúc,4105607,14054,PR,Cidade Gaúcha
14055-PR-Clevelândia,4105706,14055,PR,Clevelândia
14056-PR-Mangueirinh,4114401,14056,PR,Mangueirinha
14057-PR-Colombo,4105805,14057,PR,Colombo
14058-PR-Colorado,4105904,14058,PR,Colorado
14059-PR-Congonhinha,4106001,14059,PR,Congonhinhas
14060-PR-Conselheiro,4106100,14060,PR,Conselheiro Mairinck
14061-PR-Contenda,4106209,14061,PR,Contenda
14062-PR-Corbélia,4106308,14062,PR,Corbélia
14063-PR-Cornélio Pr,4106407,14063,PR,Cornélio Procópio
14064-PR-Coronel Viv,4106506,14064,PR,Coronel Vivida
14065-PR-Cruzeiro do,4106605,14065,PR,Cruzeiro do Oeste
14066-PR-Cruzeiro do,4106704,14066,PR,Cruzeiro do Sul
14067-PR-Cruz Machad,4106803,14067,PR,Cruz Machado
14068-PR-Curitiba,4106902,14068,PR,Curitiba
14069-PR-Curiúva,4107009,14069,PR,Curiúva
14070-PR-Diamante do,4107108,14070,PR,Diamante do Norte
14071-PR-Dois Vizinh,4107207,14071,PR,Dois Vizinhos
14072-PR-Enéas Marqu,4107405,14072,PR,Enéas Marques
14073-PR-Doutor Cama,4107306,14073,PR,Doutor Camargo
14074-PR-Engenheiro ,4107504,14074,PR,Engenheiro Beltrão
14075-PR-Faxinal,4107603,14075,PR,Faxinal
14076-PR-Fênix,4107702,14076,PR,Fênix
14077-PR-Floraí,4107801,14077,PR,Floraí
14078-PR-Floresta,4107900,14078,PR,Floresta
14079-PR-Florestópol,4108007,14079,PR,Florestópolis
14080-PR-Flórida,4108106,14080,PR,Flórida
14081-PR-Formosa do ,4108205,14081,PR,Formosa do Oeste
14082-PR-Foz do Igua,4108304,14082,PR,Foz do Iguaçu
14083-PR-Francisco B,4108403,14083,PR,Francisco Beltrão
14084-PR-General Car,4108502,14084,PR,General Carneiro
14085-PR-Goioerê,4108601,14085,PR,Goioerê
14086-PR-Guaíra,4108809,14086,PR,Guaíra
14087-PR-Guairaçá,4108908,14087,PR,Guairaçá
14088-PR-Guapirama,4109005,14088,PR,Guapirama
14089-PR-Guaporema,4109104,14089,PR,Guaporema
14090-PR-Guaraci,4109203,14090,PR,Guaraci
14091-PR-Guaraniaçu,4109302,14091,PR,Guaraniaçu
14092-PR-Guarapuava,4109401,14092,PR,Guarapuava
14093-PR-Guaraqueçab,4109500,14093,PR,Guaraqueçaba
14094-PR-Guaratuba,4109609,14094,PR,Guaratuba
14095-PR-Ibaiti,4109708,14095,PR,Ibaiti
14096-PR-Ibiporã,4109807,14096,PR,Ibiporã
14097-PR-Icaraíma,4109906,14097,PR,Icaraíma
14098-PR-Iguaraçu,4110003,14098,PR,Iguaraçu
14099-PR-Imbituva,4110102,14099,PR,Imbituva
14100-PR-Inácio Mart,4110201,14100,PR,Inácio Martins
14101-PR-Inajá,4110300,14101,PR,Inajá
14102-PR-Ipiranga,4110508,14102,PR,Ipiranga
14103-PR-Iporã,4110607,14103,PR,Iporã
14104-PR-Irati,4110706,14104,PR,Irati
14105-PR-Iretama,4110805,14105,PR,Iretama
14106-PR-Itaguajé,4110904,14106,PR,Itaguajé
14107-PR-Itambaracá,4111001,14107,PR,Itambaracá
14108-PR-Itambé,4111100,14108,PR,Itambé
14109-PR-Itapejara d,4111209,14109,PR,Itapejara d Oeste
14110-PR-Itaúna do S,4111308,14110,PR,Itaúna do Sul
14111-PR-Ivaí,4111407,14111,PR,Ivaí
14112-PR-Ivaiporã,4111506,14112,PR,Ivaiporã
14113-PR-Ivatuba,4111605,14113,PR,Ivatuba
14114-PR-Jaboti,4111704,14114,PR,Jaboti
14115-PR-Jacarezinho,4111803,14115,PR,Jacarezinho
14116-PR-Jaguapitã,4111902,14116,PR,Jaguapitã
14117-PR-Jaguariaíva,4112009,14117,PR,Jaguariaíva
14118-PR-Jandaia do ,4112108,14118,PR,Jandaia do Sul
14119-PR-Janiópolis,4112207,14119,PR,Janiópolis
14120-PR-Japira,4112306,14120,PR,Japira
14121-PR-Japurá,4112405,14121,PR,Japurá
14122-PR-Jardim Aleg,4112504,14122,PR,Jardim Alegre
14123-PR-Jardim Olin,4112603,14123,PR,Jardim Olinda
14124-PR-Jataizinho,4112702,14124,PR,Jataizinho
14125-PR-Joaquim Táv,4112801,14125,PR,Joaquim Távora
14126-PR-Jundiaí do ,4112900,14126,PR,Jundiaí do Sul
14127-PR-Jussara,4113007,14127,PR,Jussara
14128-PR-Kaloré,4113106,14128,PR,Kaloré
14129-PR-Lapa,4113205,14129,PR,Lapa
14130-PR-Laranjeiras,4113304,14130,PR,Laranjeiras do Sul
14131-PR-Leópolis,4113403,14131,PR,Leópolis
14132-PR-Loanda,4113502,14132,PR,Loanda
14133-PR-Lobato,4113601,14133,PR,Lobato
14134-PR-Londrina,4113700,14134,PR,Londrina
14135-PR-Lupionópoli,4113809,14135,PR,Lupionópolis
14136-PR-Mallet,4113908,14136,PR,Mallet
14137-PR-Mamborê,4114005,14137,PR,Mamborê
14138-PR-Mandaguaçu,4114104,14138,PR,Mandaguaçu
14139-PR-Mandaguari,4114203,14139,PR,Mandaguari
14140-PR-Mandirituba,4114302,14140,PR,Mandirituba
14141-PR-Manoel Riba,4114500,14141,PR,Manoel Ribas
14142-PR-Marechal Câ,4114609,14142,PR,Marechal Cândido Rondon
14143-PR-Maria Helen,4114708,14143,PR,Maria Helena
14144-PR-Marialva,4114807,14144,PR,Marialva
14145-PR-Mariluz,4115101,14145,PR,Mariluz
14146-PR-Maringá,4115200,14146,PR,Maringá
14147-PR-Mariópolis,4115309,14147,PR,Mariópolis
14148-PR-Marmeleiro,4115408,14148,PR,Marmeleiro
14149-PR-Marumbi,4115507,14149,PR,Marumbi
14150-PR-Matelândia,4115606,14150,PR,Matelândia
14151-PR-Medianeira,4115804,14151,PR,Medianeira
14152-PR-Mirador,4115903,14152,PR,Mirador
14153-PR-Miraselva,4116000,14153,PR,Miraselva
14154-PR-Moreira Sal,4116109,14154,PR,Moreira Sales
14155-PR-Morretes,4116208,14155,PR,Morretes
14156-PR-Munhoz de M,4116307,14156,PR,Munhoz de Melo
14157-PR-Nossa Senho,4116406,14157,PR,Nossa Senhora das Graças
14158-PR-Nova Alianç,4116505,14158,PR,Nova Aliança do Ivaí
14159-PR-Nova Améric,4116604,14159,PR,Nova América da Colina
14160-PR-Nova Cantu,4116802,14160,PR,Nova Cantu
14161-PR-Nova Espera,4116901,14161,PR,Nova Esperança
14162-PR-Nova Fátima,4117008,14162,PR,Nova Fátima
14163-PR-Nova Londri,4117107,14163,PR,Nova Londrina
14164-PR-Ortigueira,4117305,14164,PR,Ortigueira
14165-PR-Ourizona,4117404,14165,PR,Ourizona
14166-PR-Paiçandu,4117503,14166,PR,Paiçandu
14167-PR-Palmas,4117602,14167,PR,Palmas
14168-PR-Palmeira,4117701,14168,PR,Palmeira
14169-PR-Palmital,4117800,14169,PR,Palmital
14170-PR-Palotina,4117909,14170,PR,Palotina
14171-PR-Paraíso do ,4118006,14171,PR,Paraíso do Norte
14172-PR-Paranacity,4118105,14172,PR,Paranacity
14173-PR-Paranaguá,4118204,14173,PR,Paranaguá
14174-PR-Paranapoema,4118303,14174,PR,Paranapoema
14175-PR-Paranavaí,4118402,14175,PR,Paranavaí
14176-PR-Pato Branco,4118501,14176,PR,Pato Branco
14177-PR-Paula Freit,4118600,14177,PR,Paula Freitas
14178-PR-Paulo Front,4118709,14178,PR,Paulo Frontin
14179-PR-Peabiru,4118808,14179,PR,Peabiru
14180-PR-Pérola d Oe,4119004,14180,PR,Pérola d Oeste
14181-PR-Piên,4119103,14181,PR,Piên
14182-PR-Pinhalão,4119202,14182,PR,Pinhalão
14183-PR-Pinhão,4119301,14183,PR,Pinhão
14184-PR-Piraí do Su,4119400,14184,PR,Piraí do Sul
14185-PR-Piraquara,4119509,14185,PR,Piraquara
14186-PR-Pitanga,4119608,14186,PR,Pitanga
14187-PR-Planaltina ,4119707,14187,PR,Planaltina do Paraná
14188-PR-Planalto,4119806,14188,PR,Planalto
14189-PR-Ponta Gross,4119905,14189,PR,Ponta Grossa
14190-PR-Porecatu,4120002,14190,PR,Porecatu
14191-PR-Porto Amazo,4120101,14191,PR,Porto Amazonas
14192-PR-Porto Rico,4120200,14192,PR,Porto Rico
14193-PR-Porto Vitór,4120309,14193,PR,Porto Vitória
14194-PR-Presidente ,4120408,14194,PR,Presidente Castelo Branco
14195-PR-Primeiro de,4120507,14195,PR,Primeiro de Maio
14196-PR-Prudentópol,4120606,14196,PR,Prudentópolis
14197-PR-Quatiguá,4120705,14197,PR,Quatiguá
14198-PR-Quatro Barr,4120804,14198,PR,Quatro Barras
14199-PR-Querência d,4121000,14199,PR,Querência do Norte
14200-PR-Quinta do S,4121109,14200,PR,Quinta do Sol
14201-PR-Quitandinha,4121208,14201,PR,Quitandinha
14202-PR-Rancho Aleg,4121307,14202,PR,Rancho Alegre
14203-PR-Realeza,4121406,14203,PR,Realeza
14204-PR-Rebouças,4121505,14204,PR,Rebouças
14205-PR-Renascença,4121604,14205,PR,Renascença
14206-PR-Reserva,4121703,14206,PR,Reserva
14207-PR-Ribeirão Cl,4121802,14207,PR,Ribeirão Claro
14208-PR-Ribeirão do,4121901,14208,PR,Ribeirão do Pinhal
14209-PR-Rio Azul,4122008,14209,PR,Rio Azul
14210-PR-Rio Bom,4122107,14210,PR,Rio Bom
14211-PR-Rio Branco ,4122206,14211,PR,Rio Branco do Sul
14212-PR-Rio Negro,4122305,14212,PR,Rio Negro
14213-PR-Rolândia,4122404,14213,PR,Rolândia
14214-PR-Roncador,4122503,14214,PR,Roncador
14215-PR-Rondon,4122602,14215,PR,Rondon
14216-PR-Sabáudia,4122701,14216,PR,Sabáudia
14217-PR-Salgado Fil,4122800,14217,PR,Salgado Filho
14218-PR-Salto do It,4122909,14218,PR,Salto do Itararé
14219-PR-Salto do Lo,4123006,14219,PR,Salto do Lontra
14220-PR-Santa Améli,4123105,14220,PR,Santa Amélia
14221-PR-Santa Cecíl,4123204,14221,PR,Santa Cecília do Pavão
14222-PR-Santa Cruz ,4123303,14222,PR,Santa Cruz de Monte Castelo
14223-PR-Santa Fé,4123402,14223,PR,Santa Fé
14224-PR-Santa Inês,4123600,14224,PR,Santa Inês
14225-PR-Santa Isabe,4123709,14225,PR,Santa Isabel do Ivaí
14226-PR-Santa Izabe,4123808,14226,PR,Santa Izabel do Oeste
14227-PR-Santa Maria,4123907,14227,PR,Santa Mariana
14228-PR-Santana do ,4124004,14228,PR,Santana do Itararé
14229-PR-Santo Antôn,4124400,14229,PR,Santo Antônio do Sudoeste
14230-PR-Santo Antôn,4124103,14230,PR,Santo Antônio da Platina
14231-PR-Santo Antôn,4124202,14231,PR,Santo Antônio do Caiuá
14232-PR-Santo Antôn,4124301,14232,PR,Santo Antônio do Paraíso
14233-PR-Santo Ináci,4124509,14233,PR,Santo Inácio
14234-PR-São Carlos ,4124608,14234,PR,São Carlos do Ivaí
14235-PR-São Jerônim,4124707,14235,PR,São Jerônimo da Serra
14236-PR-São João,4124806,14236,PR,São João
14237-PR-São João do,4124905,14237,PR,São João do Caiuá
14238-PR-São João do,4125001,14238,PR,São João do Ivaí
14239-PR-São João do,4125100,14239,PR,São João do Triunfo
14240-PR-São Jorge d,4125308,14240,PR,São Jorge do Ivaí
14241-PR-São Jorge d,4125209,14241,PR,São Jorge d Oeste
14242-PR-São José da,4125407,14242,PR,São José da Boa Vista
14243-PR-São José do,4125506,14243,PR,São José dos Pinhais
14244-PR-São Mateus ,4125605,14244,PR,São Mateus do Sul
14245-PR-São Miguel ,4125704,14245,PR,São Miguel do Iguaçu
14246-PR-São Pedro d,4125803,14246,PR,São Pedro do Ivaí
14247-PR-São Pedro d,4125902,14247,PR,São Pedro do Paraná
14248-PR-São Sebasti,4126009,14248,PR,São Sebastião da Amoreira
14249-PR-São Tomé,4126108,14249,PR,São Tomé
14250-PR-Sapopema,4126207,14250,PR,Sapopema
14251-PR-Sengés,4126306,14251,PR,Sengés
14252-PR-Sertaneja,4126405,14252,PR,Sertaneja
14253-PR-Sertanópoli,4126504,14253,PR,Sertanópolis
14254-PR-Siqueira Ca,4126603,14254,PR,Siqueira Campos
14255-PR-Tamboara,4126702,14255,PR,Tamboara
14256-PR-Tapejara,4126801,14256,PR,Tapejara
14257-PR-Teixeira So,4127007,14257,PR,Teixeira Soares
14258-PR-Telêmaco Bo,4127106,14258,PR,Telêmaco Borba
14259-PR-Terra Boa,4127205,14259,PR,Terra Boa
14260-PR-Terra Rica,4127304,14260,PR,Terra Rica
14261-PR-Terra Roxa,4127403,14261,PR,Terra Roxa
14262-PR-Tibagi,4127502,14262,PR,Tibagi
14263-PR-Tijucas do ,4127601,14263,PR,Tijucas do Sul
14264-PR-Toledo,4127700,14264,PR,Toledo
14265-PR-Tomazina,4127809,14265,PR,Tomazina
14266-PR-Tuneiras do,4127908,14266,PR,Tuneiras do Oeste
14267-PR-Ubiratã,4128005,14267,PR,Ubiratã
14268-PR-Umuarama,4128104,14268,PR,Umuarama
14269-PR-União da Vi,4128203,14269,PR,União da Vitória
14270-PR-Uniflor,4128302,14270,PR,Uniflor
14271-PR-Uraí,4128401,14271,PR,Uraí
14272-PR-Wenceslau B,4128500,14272,PR,Wenceslau Braz
14273-PR-Verê,4128609,14273,PR,Verê
14274-PR-Vitorino,4128708,14274,PR,Vitorino
14275-PR-Xambrê,4128807,14275,PR,Xambrê
14276-PR-Altônia,4100509,14276,PR,Altônia
14277-PR-Assis Chate,4102000,14277,PR,Assis Chateaubriand
14278-PR-Quedas do I,4120903,14278,PR,Quedas do Iguaçu
14279-PR-Céu Azul,4105300,14279,PR,Céu Azul
14280-PR-Grandes Rio,4108700,14280,PR,Grandes Rios
14281-PR-Indianópoli,4110409,14281,PR,Indianópolis
14282-PR-Marilena,4115002,14282,PR,Marilena
14283-PR-Matinhos,4115705,14283,PR,Matinhos
14284-PR-Nova Aurora,4116703,14284,PR,Nova Aurora
14285-PR-Nova Olímpi,4117206,14285,PR,Nova Olímpia
14286-PR-Pérola,4118907,14286,PR,Pérola
14287-PR-Santa Helen,4123501,14287,PR,Santa Helena
14288-PR-Tapira,4126900,14288,PR,Tapira
14289-PR-Francisco A,4108320,14289,PR,Francisco Alves
14290-PR-Nova Santa ,4117222,14290,PR,Nova Santa Rosa
14291-PR-Boa Vista d,4103057,14291,PR,Boa Vista da Aparecida
14292-PR-Jesuítas,4112751,14292,PR,Jesuítas
14293-PR-Juranda,4112959,14293,PR,Juranda
14294-PR-Missal,4116059,14294,PR,Missal
14295-PR-São Jorge d,4125357,14295,PR,São Jorge do Patrocínio
14296-PR-Sarandi,4126256,14296,PR,Sarandi
14297-PR-Três Barras,4127858,14297,PR,Três Barras do Paraná
14298-PR-Douradina,4107256,14298,PR,Douradina
14299-PR-Cafelândia,4103453,14299,PR,Cafelândia
14300-PR-Lunardelli,4113759,14300,PR,Lunardelli
14301-PR-Nova Prata ,4117255,14301,PR,Nova Prata do Iguaçu
14302-PR-Tupãssi,4127957,14302,PR,Tupãssi
14303-PR-Vera Cruz d,4128559,14303,PR,Vera Cruz do Oeste
14304-PR-Altamira do,4100459,14304,PR,Altamira do Paraná
14305-PR-Braganey,4103354,14305,PR,Braganey
14306-PR-Cantagalo,4104451,14306,PR,Cantagalo
14307-PR-Figueira,4107751,14307,PR,Figueira
14308-PR-Pranchita,4120358,14308,PR,Pranchita
14309-PR-Santa Terez,4124053,14309,PR,Santa Terezinha de Itaipu
14310-PR-Turvo,4127965,14310,PR,Turvo
14311-PR-São José da,4125456,14311,PR,São José das Palmeiras
14312-PR-Campo Bonit,4104055,14312,PR,Campo Bonito
14313-PR-Rosário do ,4122651,14313,PR,Rosário do Ivaí
14314-PR-Luiziana,4113734,14314,PR,Luiziana
14315-PR-Nova Tebas,4117271,14315,PR,Nova Tebas
14316-PR-Sulina,4126652,14316,PR,Sulina
14317-PR-Diamante d ,4107157,14317,PR,Diamante d Oeste
14318-PR-Corumbataí ,4106555,14318,PR,Corumbataí do Sul
14319-PR-Godoy Morei,4108551,14319,PR,Godoy Moreira
14320-PR-Ibema,4109757,14320,PR,Ibema
14321-PR-Ivaté,4111555,14321,PR,Ivaté
14322-PR-Lindoeste,4113452,14322,PR,Lindoeste
14323-PR-Ouro Verde ,4117453,14323,PR,Ouro Verde do Oeste
14324-PR-Santa Terez,4124020,14324,PR,Santa Tereza do Oeste
14325-PR-Anahy,4101051,14325,PR,Anahy
14326-PR-Boa Esperan,4103024,14326,PR,Boa Esperança do Iguaçu
14327-PR-Bom Sucesso,4103222,14327,PR,Bom Sucesso do Sul
14329-PR-Cafezal do ,4103479,14329,PR,Cafezal do Sul
14330-PR-Cruzeiro do,4106571,14330,PR,Cruzeiro do Iguaçu
14331-PR-Diamante do,4107124,14331,PR,Diamante do Sul
14334-PR-Entre Rios ,4107538,14334,PR,Entre Rios do Oeste
14335-PR-Fazenda Rio,4107652,14335,PR,Fazenda Rio Grande
14336-PR-Farol,4107553,14336,PR,Farol
14337-PR-Flor da Ser,4107850,14337,PR,Flor da Serra do Sul
14339-PR-Honório Ser,4109658,14339,PR,Honório Serpa
14340-PR-Iguatu,4110052,14340,PR,Iguatu
14341-PR-Imbaú,4110078,14341,PR,Imbaú
14342-PR-Iracema do ,4110656,14342,PR,Iracema do Oeste
14343-PR-Lidianópoli,4113429,14343,PR,Lidianópolis
14344-PR-Maripá,4115358,14344,PR,Maripá
14345-PR-Mauá da Ser,4115754,14345,PR,Mauá da Serra
14346-PR-Nova Espera,4116950,14346,PR,Nova Esperança do Sudoeste
14347-PR-Nova Santa ,4117214,14347,PR,Nova Santa Bárbara
14348-PR-Pato Bragad,4118451,14348,PR,Pato Bragado
14349-PR-Pinhal de S,4119251,14349,PR,Pinhal de São Bento
14350-PR-Pontal do P,4119954,14350,PR,Pontal do Paraná
14351-PR-Rancho Aleg,4121356,14351,PR,Rancho Alegre d Oeste
14353-PR-Santa Lúcia,4123824,14353,PR,Santa Lúcia
14354-PR-Santa Maria,4123857,14354,PR,Santa Maria do Oeste
14355-PR-Santa Mônic,4123956,14355,PR,Santa Mônica
14357-PR-São Pedro d,4125753,14357,PR,São Pedro do Iguaçu
14358-PR-Tamarana,4126678,14358,PR,Tamarana
14359-PR-Vila Alta,4128625,14359,PR,Vila Alta
14361-PR-Ângulo,4101150,14361,PR,Ângulo
14362-PR-Brasilândia,4103370,14362,PR,Brasilândia do Sul
14363-PR-Candói,4104428,14363,PR,Candói
14365-PR-Carambeí,4104659,14365,PR,Carambeí
14366-PR-Coronel Dom,4106456,14366,PR,Coronel Domingos Soares
14367-PR-Esperança N,4107520,14367,PR,Esperança Nova
14369-PR-Itaperuçu,4111258,14369,PR,Itaperuçu
14371-PR-Laranjal,4113254,14371,PR,Laranjal
14372-PR-Novo Itacol,4117297,14372,PR,Novo Itacolomi
14374-PR-Mercedes,4115853,14374,PR,Mercedes
14375-PR-Nova Laranj,4117057,14375,PR,Nova Laranjeiras
14377-PR-Mato Rico,4115739,14377,PR,Mato Rico
14378-PR-Quatro Pont,4120853,14378,PR,Quatro Pontes
14379-PR-Pitangueira,4119657,14379,PR,Pitangueiras
14380-PR-Ramilândia,4121257,14380,PR,Ramilândia
14381-PR-Rio Branco ,4122172,14381,PR,Rio Branco do Ivaí
14382-PR-São Manoel ,4125555,14382,PR,São Manoel do Paraná
14383-PR-Ventania,4128534,14383,PR,Ventania
14384-PR-Doutor Ulys,4128633,14384,PR,Doutor Ulysses
14385-PR-Virmond,4128658,14385,PR,Virmond
14387-PR-Itaipulândi,4110953,14387,PR,Itaipulândia
14388-PR-Pinhais,4119152,14388,PR,Pinhais
14389-PR-Rio Bonito ,4122156,14389,PR,Rio Bonito do Iguaçu
14390-PR-Saudade do ,4126272,14390,PR,Saudade do Iguaçu
14391-PR-Tunas do Pa,4127882,14391,PR,Tunas do Paraná
14392-PR-Arapuã,4101655,14392,PR,Arapuã
14393-PR-Ariranha do,4101853,14393,PR,Ariranha do Ivaí
14394-PR-Bela Vista ,4102752,14394,PR,Bela Vista do Caroba
14395-PR-Boa Ventura,4103040,14395,PR,Boa Ventura de São Roque
14396-PR-Bom Jesus d,4103156,14396,PR,Bom Jesus do Sul
14397-PR-Campina do ,4103958,14397,PR,Campina do Simão
14398-PR-Campo Magro,4104253,14398,PR,Campo Magro
14399-PR-Cruzmaltina,4106852,14399,PR,Cruzmaltina
14400-PR-Espigão Alt,4107546,14400,PR,Espigão Alto do Iguaçu
14401-PR-Fernandes P,4107736,14401,PR,Fernandes Pinheiro
14402-PR-Foz do Jord,4108452,14402,PR,Foz do Jordão
14403-PR-Goioxim,4108650,14403,PR,Goioxim
14404-PR-Guamiranga,4108957,14404,PR,Guamiranga
14405-PR-Manfrinópol,4114351,14405,PR,Manfrinópolis
14406-PR-Marquinho,4115457,14406,PR,Marquinho
14407-PR-Perobal,4118857,14407,PR,Perobal
14408-PR-Porto Barre,4120150,14408,PR,Porto Barreiro
14409-PR-Prado Ferre,4120333,14409,PR,Prado Ferreira
14410-PR-Quarto Cent,4120655,14410,PR,Quarto Centenário
14411-PR-Reserva do ,4121752,14411,PR,Reserva do Iguaçu
14412-PR-Serranópoli,4126355,14412,PR,Serranópolis do Iguaçu
15001-PE-Afogados da,2600104,15001,PE,Afogados da Ingazeira
15002-PE-Afrânio,2600203,15002,PE,Afrânio
15003-PE-Agrestina,2600302,15003,PE,Agrestina
15004-PE-Água Preta,2600401,15004,PE,Água Preta
15005-PE-Águas Belas,2600500,15005,PE,Águas Belas
15006-PE-Alagoinha,2600609,15006,PE,Alagoinha
15007-PE-Aliança,2600708,15007,PE,Aliança
15008-PE-Altinho,2600807,15008,PE,Altinho
15009-PE-Amaraji,2600906,15009,PE,Amaraji
15010-PE-Angelim,2601003,15010,PE,Angelim
15011-PE-Araripina,2601102,15011,PE,Araripina
15012-PE-Arcoverde,2601201,15012,PE,Arcoverde
15013-PE-Barra de Gu,2601300,15013,PE,Barra de Guabiraba
15014-PE-Barreiros,2601409,15014,PE,Barreiros
15015-PE-Belém de Ma,2601508,15015,PE,Belém de Maria
15016-PE-Belém de Sã,2601607,15016,PE,Belém de São Francisco
15017-PE-Belo Jardim,2601706,15017,PE,Belo Jardim
15018-PE-Betânia,2601805,15018,PE,Betânia
15019-PE-Bezerros,2601904,15019,PE,Bezerros
15020-PE-Bodocó,2602001,15020,PE,Bodocó
15021-PE-Bom Conselh,2602100,15021,PE,Bom Conselho
15022-PE-Bom Jardim,2602209,15022,PE,Bom Jardim
15023-PE-Bonito,2602308,15023,PE,Bonito
15024-PE-Brejão,2602407,15024,PE,Brejão
15025-PE-Brejinho,2602506,15025,PE,Brejinho
15026-PE-Brejo da Ma,2602605,15026,PE,Brejo da Madre de Deus
15027-PE-Buenos Aire,2602704,15027,PE,Buenos Aires
15028-PE-Buíque,2602803,15028,PE,Buíque
15029-PE-Cabo de San,2602902,15029,PE,Cabo de Santo Agostinho
15030-PE-Cabrobó,2603009,15030,PE,Cabrobó
15031-PE-Cachoeirinh,2603108,15031,PE,Cachoeirinha
15032-PE-Caetés,2603207,15032,PE,Caetés
15033-PE-Calçado,2603306,15033,PE,Calçado
15034-PE-Calumbi,2603405,15034,PE,Calumbi
15035-PE-Camocim de ,2603504,15035,PE,Camocim de São Félix
15036-PE-Camutanga,2603603,15036,PE,Camutanga
15037-PE-Canhotinho,2603702,15037,PE,Canhotinho
15038-PE-Capoeiras,2603801,15038,PE,Capoeiras
15039-PE-Carnaíba,2603900,15039,PE,Carnaíba
15040-PE-Carpina,2604007,15040,PE,Carpina
15041-PE-Caruaru,2604106,15041,PE,Caruaru
15042-PE-Catende,2604205,15042,PE,Catende
15043-PE-Cedro,2604304,15043,PE,Cedro
15044-PE-Chã de Aleg,2604403,15044,PE,Chã de Alegria
15045-PE-Chã Grande,2604502,15045,PE,Chã Grande
15046-PE-Condado,2604601,15046,PE,Condado
15047-PE-Correntes,2604700,15047,PE,Correntes
15048-PE-Cortês,2604809,15048,PE,Cortês
15049-PE-Cumaru,2604908,15049,PE,Cumaru
15050-PE-Cupira,2605004,15050,PE,Cupira
15051-PE-Custódia,2605103,15051,PE,Custódia
15052-PE-Escada,2605202,15052,PE,Escada
15053-PE-Exu,2605301,15053,PE,Exu
15054-PE-Feira Nova,2605400,15054,PE,Feira Nova
15055-PE-Ferreiros,2605509,15055,PE,Ferreiros
15056-PE-Flores,2605608,15056,PE,Flores
15057-PE-Floresta,2605707,15057,PE,Floresta
15058-PE-Frei Miguel,2605806,15058,PE,Frei Miguelinho
15059-PE-Gameleira,2605905,15059,PE,Gameleira
15060-PE-Garanhuns,2606002,15060,PE,Garanhuns
15061-PE-Glória do G,2606101,15061,PE,Glória do Goitá
15062-PE-Goiana,2606200,15062,PE,Goiana
15063-PE-Granito,2606309,15063,PE,Granito
15064-PE-Gravatá,2606408,15064,PE,Gravatá
15065-PE-Iati,2606507,15065,PE,Iati
15066-PE-Ibimirim,2606606,15066,PE,Ibimirim
15067-PE-Ibirajuba,2606705,15067,PE,Ibirajuba
15068-PE-Igarassu,2606804,15068,PE,Igarassu
15069-PE-Iguaraci,2606903,15069,PE,Iguaraci
15070-PE-Inajá,2607000,15070,PE,Inajá
15071-PE-Ingazeira,2607109,15071,PE,Ingazeira
15072-PE-Ipojuca,2607208,15072,PE,Ipojuca
15073-PE-Ipubi,2607307,15073,PE,Ipubi
15074-PE-Itacuruba,2607406,15074,PE,Itacuruba
15075-PE-Itaíba,2607505,15075,PE,Itaíba
15076-PE-Itamaracá,2607604,15076,PE,Itamaracá
15077-PE-Itapetim,2607703,15077,PE,Itapetim
15078-PE-Itaquitinga,2607802,15078,PE,Itaquitinga
15079-PE-Jaboatão do,2607901,15079,PE,Jaboatão dos Guararapes
15080-PE-Jataúba,2608008,15080,PE,Jataúba
15081-PE-João Alfred,2608107,15081,PE,João Alfredo
15082-PE-Joaquim Nab,2608206,15082,PE,Joaquim Nabuco
15083-PE-Jupi,2608305,15083,PE,Jupi
15084-PE-Jurema,2608404,15084,PE,Jurema
15085-PE-Lagoa do It,2608503,15085,PE,Lagoa do Itaenga
15086-PE-Lagoa do Ou,2608602,15086,PE,Lagoa do Ouro
15087-PE-Lagoa dos G,2608701,15087,PE,Lagoa dos Gatos
15088-PE-Lajedo,2608800,15088,PE,Lajedo
15089-PE-Limoeiro,2608909,15089,PE,Limoeiro
15090-PE-Macaparana,2609006,15090,PE,Macaparana
15091-PE-Machados,2609105,15091,PE,Machados
15092-PE-Maraial,2609204,15092,PE,Maraial
15093-PE-Mirandiba,2609303,15093,PE,Mirandiba
15094-PE-Moreno,2609402,15094,PE,Moreno
15095-PE-Nazaré da M,2609501,15095,PE,Nazaré da Mata
15096-PE-Olinda,2609600,15096,PE,Olinda
15097-PE-Orobó,2609709,15097,PE,Orobó
15098-PE-Orocó,2609808,15098,PE,Orocó
15099-PE-Ouricuri,2609907,15099,PE,Ouricuri
15100-PE-Palmares,2610004,15100,PE,Palmares
15101-PE-Palmeirina,2610103,15101,PE,Palmeirina
15102-PE-Panelas,2610202,15102,PE,Panelas
15103-PE-Paranatama,2610301,15103,PE,Paranatama
15104-PE-Parnamirim,2610400,15104,PE,Parnamirim
15105-PE-Passira,2610509,15105,PE,Passira
15106-PE-Paudalho,2610608,15106,PE,Paudalho
15107-PE-Paulista,2610707,15107,PE,Paulista
15108-PE-Pedra,2610806,15108,PE,Pedra
15109-PE-Pesqueira,2610905,15109,PE,Pesqueira
15110-PE-Petrolândia,2611002,15110,PE,Petrolândia
15111-PE-Petrolina,2611101,15111,PE,Petrolina
15112-PE-Poção,2611200,15112,PE,Poção
15113-PE-Pombos,2611309,15113,PE,Pombos
15114-PE-Primavera,2611408,15114,PE,Primavera
15115-PE-Quipapá,2611507,15115,PE,Quipapá
15116-PE-Recife,2611606,15116,PE,Recife
15117-PE-Riacho das ,2611705,15117,PE,Riacho das Almas
15118-PE-Ribeirão,2611804,15118,PE,Ribeirão
15119-PE-Rio Formoso,2611903,15119,PE,Rio Formoso
15120-PE-Sairé,2612000,15120,PE,Sairé
15121-PE-Salgadinho,2612109,15121,PE,Salgadinho
15122-PE-Salgueiro,2612208,15122,PE,Salgueiro
15123-PE-Saloá,2612307,15123,PE,Saloá
15124-PE-Sanharó,2612406,15124,PE,Sanharó
15125-PE-Santa Cruz ,2612505,15125,PE,Santa Cruz do Capibaribe
15126-PE-Santa Maria,2612604,15126,PE,Santa Maria da Boa Vista
15127-PE-Santa Maria,2612703,15127,PE,Santa Maria do Cambucá
15128-PE-Santa Terez,2612802,15128,PE,Santa Terezinha
15129-PE-São Benedit,2612901,15129,PE,São Benedito do Sul
15130-PE-São Bento d,2613008,15130,PE,São Bento do Una
15131-PE-São Caitano,2613107,15131,PE,São Caitano
15132-PE-São João,2613206,15132,PE,São João
15133-PE-São Joaquim,2613305,15133,PE,São Joaquim do Monte
15134-PE-São José da,2613404,15134,PE,São José da Coroa Grande
15135-PE-São José do,2613503,15135,PE,São José do Belmonte
15136-PE-São José do,2613602,15136,PE,São José do Egito
15137-PE-São Lourenç,2613701,15137,PE,São Lourenço da Mata
15138-PE-São Vicente,2613800,15138,PE,São Vicente Ferrer
15139-PE-Serra Talha,2613909,15139,PE,Serra Talhada
15140-PE-Serrita,2614006,15140,PE,Serrita
15141-PE-Sertânia,2614105,15141,PE,Sertânia
15142-PE-Sirinhaém,2614204,15142,PE,Sirinhaém
15143-PE-Moreilândia,2614303,15143,PE,Moreilândia
15144-PE-Solidão,2614402,15144,PE,Solidão
15145-PE-Surubim,2614501,15145,PE,Surubim
15146-PE-Tabira,2614600,15146,PE,Tabira
15147-PE-Tacaimbó,2614709,15147,PE,Tacaimbó
15148-PE-Tacaratu,2614808,15148,PE,Tacaratu
15149-PE-Itambé,2607653,15149,PE,Itambé
15150-PE-Taquariting,2615003,15150,PE,Taquaritinga do Norte
15151-PE-Terezinha,2615102,15151,PE,Terezinha
15152-PE-Terra Nova,2615201,15152,PE,Terra Nova
15153-PE-Timbaúba,2615300,15153,PE,Timbaúba
15154-PE-Toritama,2615409,15154,PE,Toritama
15155-PE-Tracunhaém,2615508,15155,PE,Tracunhaém
15156-PE-Trindade,2615607,15156,PE,Trindade
15157-PE-Triunfo,2615706,15157,PE,Triunfo
15158-PE-Tupanatinga,2615805,15158,PE,Tupanatinga
15159-PE-Tuparetama,2615904,15159,PE,Tuparetama
15160-PE-Venturosa,2616001,15160,PE,Venturosa
15161-PE-Verdejante,2616100,15161,PE,Verdejante
15162-PE-Vertentes,2616209,15162,PE,Vertentes
15163-PE-Vicência,2616308,15163,PE,Vicência
15164-PE-Vitória de ,2616407,15164,PE,Vitória de Santo Antão
15167-PE-Abreu e Lim,2600054,15167,PE,Abreu e Lima
15168-PE-Camaragibe,2603454,15168,PE,Camaragibe
15169-PE-Itapissuma,2607752,15169,PE,Itapissuma
15170-PE-Carnaubeira,2603926,15170,PE,Carnaubeira da Penha
15171-PE-Dormentes,2605152,15171,PE,Dormentes
15172-PE-Jucati,2608255,15172,PE,Jucati
15173-PE-Lagoa do Ca,2608453,15173,PE,Lagoa do Carro
15174-PE-Quixabá,2611533,15174,PE,Quixabá
15175-PE-Santa Cruz,2612455,15175,PE,Santa Cruz
15176-PE-Santa Cruz ,2612471,15176,PE,Santa Cruz da Baixa Verde
15177-PE-Vertente do,2616183,15177,PE,Vertente do Lério
15178-PE-Xexéu,2616506,15178,PE,Xexéu
15179-PE-Araçoiaba,2601052,15179,PE,Araçoiaba
15180-PE-Casinhas,2604155,15180,PE,Casinhas
15181-PE-Jaqueira,2607950,15181,PE,Jaqueira
15182-PE-Jatobá,2608057,15182,PE,Jatobá
15183-PE-Lagoa Grand,2608750,15183,PE,Lagoa Grande
15184-PE-Manari,2609154,15184,PE,Manari
15185-PE-Santa Filom,2612554,15185,PE,Santa Filomena
15186-PE-Tamandaré,2614857,15186,PE,Tamandaré
15187-PE-Fernando de,2605459,15187,PE,Fernando de Noronha
16001-PI-Agricolândi,2200103,16001,PI,Agricolândia
16002-PI-Água Branca,2200202,16002,PI,Água Branca
16003-PI-Alto Longá,2200301,16003,PI,Alto Longá
16004-PI-Altos,2200400,16004,PI,Altos
16005-PI-Amarante,2200509,16005,PI,Amarante
16006-PI-Angical do ,2200608,16006,PI,Angical do Piauí
16007-PI-Anísio de A,2200707,16007,PI,Anísio de Abreu
16008-PI-Antônio Alm,2200806,16008,PI,Antônio Almeida
16009-PI-Aroazes,2200905,16009,PI,Aroazes
16010-PI-Arraial,2201002,16010,PI,Arraial
16011-PI-Avelino Lop,2201101,16011,PI,Avelino Lopes
16012-PI-Barras,2201200,16012,PI,Barras
16013-PI-Barreiras d,2201309,16013,PI,Barreiras do Piauí
16014-PI-Barro Duro,2201408,16014,PI,Barro Duro
16015-PI-Batalha,2201507,16015,PI,Batalha
16016-PI-Beneditinos,2201606,16016,PI,Beneditinos
16017-PI-Bertolínia,2201705,16017,PI,Bertolínia
16018-PI-Bocaina,2201804,16018,PI,Bocaina
16019-PI-Bom Jesus,2201903,16019,PI,Bom Jesus
16020-PI-Buriti dos ,2202000,16020,PI,Buriti dos Lopes
16021-PI-Campinas do,2202109,16021,PI,Campinas do Piauí
16022-PI-Campo Maior,2202208,16022,PI,Campo Maior
16023-PI-Canto do Bu,2202307,16023,PI,Canto do Buriti
16024-PI-Capitão de ,2202406,16024,PI,Capitão de Campos
16025-PI-Caracol,2202505,16025,PI,Caracol
16026-PI-Castelo do ,2202604,16026,PI,Castelo do Piauí
16027-PI-Cocal,2202703,16027,PI,Cocal
16028-PI-Conceição d,2202802,16028,PI,Conceição do Canindé
16029-PI-Corrente,2202901,16029,PI,Corrente
16030-PI-Cristalândi,2203008,16030,PI,Cristalândia do Piauí
16031-PI-Cristino Ca,2203107,16031,PI,Cristino Castro
16032-PI-Curimatá,2203206,16032,PI,Curimatá
16033-PI-Demerval Lo,2203305,16033,PI,Demerval Lobão
16034-PI-Dom Expedit,2203404,16034,PI,Dom Expedito Lopes
16035-PI-Elesbão Vel,2203503,16035,PI,Elesbão Veloso
16036-PI-Eliseu Mart,2203602,16036,PI,Eliseu Martins
16037-PI-Esperantina,2203701,16037,PI,Esperantina
16038-PI-Flores do P,2203800,16038,PI,Flores do Piauí
16039-PI-Floriano,2203909,16039,PI,Floriano
16040-PI-Francinópol,2204006,16040,PI,Francinópolis
16041-PI-Francisco A,2204105,16041,PI,Francisco Ayres
16042-PI-Francisco S,2204204,16042,PI,Francisco Santos
16043-PI-Fronteiras,2204303,16043,PI,Fronteiras
16044-PI-Gilbués,2204402,16044,PI,Gilbués
16045-PI-Guadalupe,2204501,16045,PI,Guadalupe
16046-PI-Hugo Napole,2204600,16046,PI,Hugo Napoleão
16047-PI-Inhuma,2204709,16047,PI,Inhuma
16048-PI-Ipiranga do,2204808,16048,PI,Ipiranga do Piauí
16049-PI-Isaías Coel,2204907,16049,PI,Isaías Coelho
16050-PI-Itainópolis,2205003,16050,PI,Itainópolis
16051-PI-Itaueira,2205102,16051,PI,Itaueira
16052-PI-Jaicós,2205201,16052,PI,Jaicós
16053-PI-Jerumenha,2205300,16053,PI,Jerumenha
16054-PI-Joaquim Pir,2205409,16054,PI,Joaquim Pires
16055-PI-José de Fre,2205508,16055,PI,José de Freitas
16056-PI-Landri Sale,2205607,16056,PI,Landri Sales
16057-PI-Luís Correi,2205706,16057,PI,Luís Correia
16058-PI-Luzilândia,2205805,16058,PI,Luzilândia
16059-PI-Manoel Emíd,2205904,16059,PI,Manoel Emídio
16060-PI-Marcos Pare,2206001,16060,PI,Marcos Parente
16061-PI-Matias Olím,2206100,16061,PI,Matias Olímpio
16062-PI-Miguel Alve,2206209,16062,PI,Miguel Alves
16063-PI-Miguel Leão,2206308,16063,PI,Miguel Leão
16064-PI-Monsenhor G,2206407,16064,PI,Monsenhor Gil
16065-PI-Monsenhor H,2206506,16065,PI,Monsenhor Hipólito
16066-PI-Monte Alegr,2206605,16066,PI,Monte Alegre do Piauí
16067-PI-Nazaré do P,2206704,16067,PI,Nazaré do Piauí
16068-PI-Nossa Senho,2206803,16068,PI,Nossa Senhora dos Remédios
16069-PI-Novo Orient,2206902,16069,PI,Novo Oriente do Piauí
16070-PI-Oeiras,2207009,16070,PI,Oeiras
16071-PI-Domingos Mo,2203420,16071,PI,Domingos Mourão
16072-PI-Padre Marco,2207207,16072,PI,Padre Marcos
16073-PI-Paes Landim,2207306,16073,PI,Paes Landim
16074-PI-Palmeira do,2207405,16074,PI,Palmeira do Piauí
16075-PI-Palmeirais,2207504,16075,PI,Palmeirais
16076-PI-Parnaguá,2207603,16076,PI,Parnaguá
16077-PI-Parnaíba,2207702,16077,PI,Parnaíba
16078-PI-Paulistana,2207801,16078,PI,Paulistana
16079-PI-Pedro II,2207900,16079,PI,Pedro II
16080-PI-Picos,2208007,16080,PI,Picos
16081-PI-Pimenteiras,2208106,16081,PI,Pimenteiras
16082-PI-Pio IX,2208205,16082,PI,Pio IX
16083-PI-Piracuruca,2208304,16083,PI,Piracuruca
16084-PI-Piripiri,2208403,16084,PI,Piripiri
16085-PI-Porto,2208502,16085,PI,Porto
16086-PI-Prata do Pi,2208601,16086,PI,Prata do Piauí
16087-PI-Redenção do,2208700,16087,PI,Redenção do Gurguéia
16088-PI-Regeneração,2208809,16088,PI,Regeneração
16089-PI-Ribeiro Gon,2208908,16089,PI,Ribeiro Gonçalves
16090-PI-Rio Grande ,2209005,16090,PI,Rio Grande do Piauí
16091-PI-Santa Cruz ,2209104,16091,PI,Santa Cruz do Piauí
16092-PI-Santa Filom,2209203,16092,PI,Santa Filomena
16093-PI-Santa Luz,2209302,16093,PI,Santa Luz
16094-PI-Santo Antôn,2209401,16094,PI,Santo Antônio de Lisboa
16095-PI-Santo Ináci,2209500,16095,PI,Santo Inácio do Piauí
16096-PI-São Félix d,2209609,16096,PI,São Félix do Piauí
16097-PI-São Francis,2209708,16097,PI,São Francisco do Piauí
16098-PI-São Gonçalo,2209807,16098,PI,São Gonçalo do Piauí
16099-PI-São João da,2209906,16099,PI,São João da Serra
16100-PI-São João do,2210003,16100,PI,São João do Piauí
16101-PI-São José do,2210102,16101,PI,São José do Peixe
16102-PI-São José do,2210201,16102,PI,São José do Piauí
16103-PI-São Julião,2210300,16103,PI,São Julião
16104-PI-São Miguel ,2210409,16104,PI,São Miguel do Tapuio
16105-PI-São Pedro d,2210508,16105,PI,São Pedro do Piauí
16106-PI-São Raimund,2210607,16106,PI,São Raimundo Nonato
16107-PI-Simões,2210706,16107,PI,Simões
16108-PI-Simplício M,2210805,16108,PI,Simplício Mendes
16109-PI-Socorro do ,2210904,16109,PI,Socorro do Piauí
16110-PI-Teresina,2211001,16110,PI,Teresina
16111-PI-União,2211100,16111,PI,União
16112-PI-Uruçuí,2211209,16112,PI,Uruçuí
16113-PI-Valença do ,2211308,16113,PI,Valença do Piauí
16114-PI-Várzea Gran,2211407,16114,PI,Várzea Grande
16116-PI-Bonfim do P,2201929,16116,PI,Bonfim do Piauí
16118-PI-Coronel Jos,2202851,16118,PI,Coronel José Dias
16119-PI-Dirceu Arco,2203354,16119,PI,Dirceu Arcoverde
16120-PI-Alagoinha d,2200251,16120,PI,Alagoinha do Piauí
16121-PI-Dom Inocênc,2203453,16121,PI,Dom Inocêncio
16122-PI-São João da,2209856,16122,PI,São João da Canabrava
16123-PI-Alegrete do,2200277,16123,PI,Alegrete do Piauí
16124-PI-Baixa Grand,2201150,16124,PI,Baixa Grande do Ribeiro
16125-PI-Bom Princíp,2201919,16125,PI,Bom Princípio do Piauí
16126-PI-Brasileira,2201960,16126,PI,Brasileira
16127-PI-Buriti dos ,2202026,16127,PI,Buriti dos Montes
16128-PI-Cabeceiras ,2202059,16128,PI,Cabeceiras do Piauí
16129-PI-Caldeirão G,2202091,16129,PI,Caldeirão Grande do Piauí
16130-PI-Canavieira,2202251,16130,PI,Canavieira
16131-PI-Coivaras,2202737,16131,PI,Coivaras
16132-PI-Colônia do ,2202752,16132,PI,Colônia do Gurguéia
16133-PI-Colônia do ,2202778,16133,PI,Colônia do Piauí
16134-PI-Fartura do ,2203750,16134,PI,Fartura do Piauí
16135-PI-Jacobina do,2205151,16135,PI,Jacobina do Piauí
16136-PI-Jardim do M,2205250,16136,PI,Jardim do Mulato
16137-PI-Lagoa Alegr,2205557,16137,PI,Lagoa Alegre
16138-PI-Lagoa do Ba,2205565,16138,PI,Lagoa do Barro do Piauí
16139-PI-Marcolândia,2205953,16139,PI,Marcolândia
16140-PI-Passagem Fr,2207751,16140,PI,Passagem Franca do Piauí
16141-PI-Patos do Pi,2207777,16141,PI,Patos do Piauí
16142-PI-Queimada No,2208650,16142,PI,Queimada Nova
16143-PI-Santa Cruz ,2209153,16143,PI,Santa Cruz dos Milagres
16144-PI-Santana do ,2209351,16144,PI,Santana do Piauí
16145-PI-Santa Rosa ,2209377,16145,PI,Santa Rosa do Piauí
16146-PI-São Braz do,2209559,16146,PI,São Braz do Piauí
16147-PI-São José do,2210052,16147,PI,São José do Divino
16148-PI-São Lourenç,2210359,16148,PI,São Lourenço do Piauí
16149-PI-Sigefredo P,2210656,16149,PI,Sigefredo Pacheco
16150-PI-Várzea Bran,2211357,16150,PI,Várzea Branca
16151-PI-Acauã,2200053,16151,PI,Acauã
16152-PI-Alvorada do,2200459,16152,PI,Alvorada do Gurguéia
16153-PI-Assunção do,2201051,16153,PI,Assunção do Piauí
16154-PI-Barra d Alc,2201176,16154,PI,Barra d Alcântara
16155-PI-Bela Vista ,2201556,16155,PI,Bela Vista do Piauí
16156-PI-Belém do Pi,2201572,16156,PI,Belém do Piauí
16157-PI-Betânia do ,2201739,16157,PI,Betânia do Piauí
16158-PI-Boa Hora,2201770,16158,PI,Boa Hora
16159-PI-Boqueirão d,2201945,16159,PI,Boqueirão do Piauí
16160-PI-Brejo do Pi,2201988,16160,PI,Brejo do Piauí
16161-PI-Cajazeiras ,2202075,16161,PI,Cajazeiras do Piauí
16162-PI-Cajueiro da,2202083,16162,PI,Cajueiro da Praia
16163-PI-Campo Alegr,2202117,16163,PI,Campo Alegre do Fidalgo
16164-PI-Campo Grand,2202133,16164,PI,Campo Grande do Piauí
16165-PI-Campo Largo,2202174,16165,PI,Campo Largo do Piauí
16166-PI-Capitão Ger,2202455,16166,PI,Capitão Gervásio Oliveira
16167-PI-Caraúbas do,2202539,16167,PI,Caraúbas do Piauí
16168-PI-Caridade do,2202554,16168,PI,Caridade do Piauí
16169-PI-Caxingó,2202653,16169,PI,Caxingó
16170-PI-Cocal de Te,2202711,16170,PI,Cocal de Telha
16171-PI-Cocal dos A,2202729,16171,PI,Cocal dos Alves
16172-PI-Currais,2203230,16172,PI,Currais
16173-PI-Curralinhos,2203255,16173,PI,Curralinhos
16174-PI-Curral Novo,2203271,16174,PI,Curral Novo do Piauí
16175-PI-Floresta do,2203859,16175,PI,Floresta do Piauí
16176-PI-Francisco M,2204154,16176,PI,Francisco Macedo
16177-PI-Geminiano,2204352,16177,PI,Geminiano
16178-PI-Guaribas,2204550,16178,PI,Guaribas
16179-PI-Ilha Grande,2204659,16179,PI,Ilha Grande
16180-PI-Jatobá do P,2205276,16180,PI,Jatobá do Piauí
16181-PI-João Costa,2205359,16181,PI,João Costa
16182-PI-Joca Marque,2205458,16182,PI,Joca Marques
16183-PI-Juazeiro do,2205516,16183,PI,Juazeiro do Piauí
16184-PI-Júlio Borge,2205524,16184,PI,Júlio Borges
16185-PI-Jurema,2205532,16185,PI,Jurema
16186-PI-Lagoinha do,2205540,16186,PI,Lagoinha do Piauí
16187-PI-Lagoa de Sã,2205573,16187,PI,Lagoa de São Francisco
16188-PI-Lagoa do Pi,2205581,16188,PI,Lagoa do Piauí
16189-PI-Lagoa do Sí,2205599,16189,PI,Lagoa do Sítio
16190-PI-Madeiro,2205854,16190,PI,Madeiro
16191-PI-Massapê do ,2206050,16191,PI,Massapê do Piauí
16192-PI-Milton Bran,2206357,16192,PI,Milton Brandão
16193-PI-Morro Cabeç,2206654,16193,PI,Morro Cabeça no Tempo
16194-PI-Morro do Ch,2206670,16194,PI,Morro do Chapéu do Piauí
16195-PI-Murici dos ,2206696,16195,PI,Murici dos Portelas
16196-PI-Nossa Senho,2206753,16196,PI,Nossa Senhora de Nazaré
16197-PI-Novo Santo ,2206951,16197,PI,Novo Santo Antônio
16198-PI-Olho d Água,2207108,16198,PI,Olho d Água do Piauí
16199-PI-Pajeú do Pi,2207355,16199,PI,Pajeú do Piauí
16200-PI-Paquetá,2207553,16200,PI,Paquetá
16201-PI-Pavussu,2207850,16201,PI,Pavussu
16202-PI-Pedro Laure,2207934,16202,PI,Pedro Laurentino
16203-PI-Nova Santa ,2207959,16203,PI,Nova Santa Rita
16204-PI-Porto Alegr,2208551,16204,PI,Porto Alegre do Piauí
16205-PI-Riacho Frio,2208858,16205,PI,Riacho Frio
16206-PI-Ribeira do ,2208874,16206,PI,Ribeira do Piauí
16207-PI-Santo Antôn,2209450,16207,PI,Santo Antônio dos Milagres
16208-PI-São Francis,2209658,16208,PI,São Francisco de Assis do Piauí
16209-PI-São Gonçalo,2209757,16209,PI,São Gonçalo do Gurguéia
16210-PI-São João da,2209872,16210,PI,São João da Fronteira
16211-PI-São João da,2209955,16211,PI,São João da Varjota
16212-PI-São João do,2209971,16212,PI,São João do Arraial
16213-PI-São Luis do,2210375,16213,PI,São Luis do Piauí
16214-PI-São Miguel ,2210383,16214,PI,São Miguel da Baixa Grande
16215-PI-São Miguel ,2210391,16215,PI,São Miguel do Fidalgo
16216-PI-Sebastião B,2210623,16216,PI,Sebastião Barros
16217-PI-Sebastião L,2210631,16217,PI,Sebastião Leal
16218-PI-Sussuapara,2210938,16218,PI,Sussuapara
16219-PI-Tamboril do,2210953,16219,PI,Tamboril do Piauí
16220-PI-Tanque do P,2210979,16220,PI,Tanque do Piauí
16221-PI-Vera Mendes,2211506,16221,PI,Vera Mendes
16222-PI-Vila Nova d,2211605,16222,PI,Vila Nova do Piauí
16223-PI-Wall Ferraz,2211704,16223,PI,Wall Ferraz
16225-PI-Aroeiras do,2200954,16225,PI,Aroeiras do Itaim
16226-PI-Nazaria,2206720,16226,PI,Nazaria
17001-RJ-Angra dos R,3300100,17001,RJ,Angra dos Reis
17002-RJ-Araruama,3300209,17002,RJ,Araruama
17003-RJ-Barra do Pi,3300308,17003,RJ,Barra do Piraí
17004-RJ-Barra Mansa,3300407,17004,RJ,Barra Mansa
17005-RJ-Bom Jardim,3300506,17005,RJ,Bom Jardim
17006-RJ-Bom Jesus d,3300605,17006,RJ,Bom Jesus do Itabapoana
17007-RJ-Cabo Frio,3300704,17007,RJ,Cabo Frio
17008-RJ-Cachoeiras ,3300803,17008,RJ,Cachoeiras de Macacu
17009-RJ-Cambuci,3300902,17009,RJ,Cambuci
17010-RJ-Campos dos ,3301009,17010,RJ,Campos dos Goytacazes
17011-RJ-Cantagalo,3301108,17011,RJ,Cantagalo
17012-RJ-Carmo,3301207,17012,RJ,Carmo
17013-RJ-Casimiro de,3301306,17013,RJ,Casimiro de Abreu
17014-RJ-Conceição d,3301405,17014,RJ,Conceição de Macabu
17015-RJ-Cordeiro,3301504,17015,RJ,Cordeiro
17016-RJ-Duas Barras,3301603,17016,RJ,Duas Barras
17017-RJ-Duque de Ca,3301702,17017,RJ,Duque de Caxias
17018-RJ-Engenheiro ,3301801,17018,RJ,Engenheiro Paulo de Frontin
17019-RJ-Itaboraí,3301900,17019,RJ,Itaboraí
17020-RJ-Itaguaí,3302007,17020,RJ,Itaguaí
17021-RJ-Itaocara,3302106,17021,RJ,Itaocara
17022-RJ-Itaperuna,3302205,17022,RJ,Itaperuna
17023-RJ-Laje do Mur,3302304,17023,RJ,Laje do Muriaé
17024-RJ-Macaé,3302403,17024,RJ,Macaé
17025-RJ-Magé,3302502,17025,RJ,Magé
17026-RJ-Mangaratiba,3302601,17026,RJ,Mangaratiba
17027-RJ-Maricá,3302700,17027,RJ,Maricá
17028-RJ-Mendes,3302809,17028,RJ,Mendes
17029-RJ-Miguel Pere,3302908,17029,RJ,Miguel Pereira
17030-RJ-Miracema,3303005,17030,RJ,Miracema
17031-RJ-Natividade,3303104,17031,RJ,Natividade
17032-RJ-Nilópolis,3303203,17032,RJ,Nilópolis
17033-RJ-Niterói,3303302,17033,RJ,Niterói
17034-RJ-Nova Fribur,3303401,17034,RJ,Nova Friburgo
17035-RJ-Nova Iguaçu,3303500,17035,RJ,Nova Iguaçu
17036-RJ-Paracambi,3303609,17036,RJ,Paracambi
17037-RJ-Paraíba do ,3303708,17037,RJ,Paraíba do Sul
17038-RJ-Parati,3303807,17038,RJ,Parati
17039-RJ-Petrópolis,3303906,17039,RJ,Petrópolis
17040-RJ-Piraí,3304003,17040,RJ,Piraí
17041-RJ-Porciúncula,3304102,17041,RJ,Porciúncula
17042-RJ-Resende,3304201,17042,RJ,Resende
17043-RJ-Rio Bonito,3304300,17043,RJ,Rio Bonito
17044-RJ-Rio Claro,3304409,17044,RJ,Rio Claro
17045-RJ-Rio das Flo,3304508,17045,RJ,Rio das Flores
17046-RJ-Santa Maria,3304607,17046,RJ,Santa Maria Madalena
17047-RJ-Santo Antôn,3304706,17047,RJ,Santo Antônio de Pádua
17048-RJ-São Fidélis,3304805,17048,RJ,São Fidélis
17049-RJ-São Gonçalo,3304904,17049,RJ,São Gonçalo
17050-RJ-São João da,3305000,17050,RJ,São João da Barra
17051-RJ-São João de,3305109,17051,RJ,São João de Meriti
17052-RJ-São Pedro d,3305208,17052,RJ,São Pedro da Aldeia
17053-RJ-São Sebasti,3305307,17053,RJ,São Sebastião do Alto
17054-RJ-Sapucaia,3305406,17054,RJ,Sapucaia
17055-RJ-Saquarema,3305505,17055,RJ,Saquarema
17056-RJ-Silva Jardi,3305604,17056,RJ,Silva Jardim
17057-RJ-Sumidouro,3305703,17057,RJ,Sumidouro
17058-RJ-Teresópolis,3305802,17058,RJ,Teresópolis
17059-RJ-Trajano de ,3305901,17059,RJ,Trajano de Morais
17060-RJ-Três Rios,3306008,17060,RJ,Três Rios
17061-RJ-Valença,3306107,17061,RJ,Valença
17062-RJ-Vassouras,3306206,17062,RJ,Vassouras
17063-RJ-Volta Redon,3306305,17063,RJ,Volta Redonda
17064-RJ-Rio de Jane,3304557,17064,RJ,Rio de Janeiro
17065-RJ-Italva,3302056,17065,RJ,Italva
17066-RJ-Arraial do ,3300258,17066,RJ,Arraial do Cabo
17067-RJ-Paty do Alf,3303856,17067,RJ,Paty do Alferes
17068-RJ-São José do,3305158,17068,RJ,São José do Vale do Rio Preto
17069-RJ-Itatiaia,3302254,17069,RJ,Itatiaia
17070-RJ-Quissamã,3304151,17070,RJ,Quissamã
17071-RJ-Cardoso Mor,3301157,17071,RJ,Cardoso Moreira
17072-RJ-Belford Rox,3300456,17072,RJ,Belford Roxo
17073-RJ-Guapimirim,3301850,17073,RJ,Guapimirim
17074-RJ-Queimados,3304144,17074,RJ,Queimados
17075-RJ-Quatis,3304128,17075,RJ,Quatis
17076-RJ-Varre-Sai,3306156,17076,RJ,Varre-Sai
17077-RJ-Aperibé,3300159,17077,RJ,Aperibé
17078-RJ-Areal,3300225,17078,RJ,Areal
17079-RJ-Comendador ,3300951,17079,RJ,Comendador Levy Gasparian
17080-RJ-Japeri,3302270,17080,RJ,Japeri
17081-RJ-Rio das Ost,3304524,17081,RJ,Rio das Ostras
17082-RJ-Armação de ,3300233,17082,RJ,Armação de Búzios
17083-RJ-Carapebus,3300936,17083,RJ,Carapebus
17084-RJ-Iguaba Gran,3301876,17084,RJ,Iguaba Grande
17085-RJ-Macuco,3302452,17085,RJ,Macuco
17086-RJ-Pinheiral,3303955,17086,RJ,Pinheiral
17087-RJ-Porto Real,3304110,17087,RJ,Porto Real
17088-RJ-São Francis,3304755,17088,RJ,São Francisco de Itabapoana
17089-RJ-São José de,3305133,17089,RJ,São José de Ubá
17090-RJ-Seropédica,3305554,17090,RJ,Seropédica
17091-RJ-Tanguá,3305752,17091,RJ,Tanguá
17092-RJ-Mesquita,3302858,17092,RJ,Mesquita
18001-RN-Acari,2400109,18001,RN,Acari
18002-RN-Açu,2400208,18002,RN,Açu
18003-RN-Afonso Beze,2400307,18003,RN,Afonso Bezerra
18004-RN-Água Nova,2400406,18004,RN,Água Nova
18005-RN-Alexandria,2400505,18005,RN,Alexandria
18006-RN-Almino Afon,2400604,18006,RN,Almino Afonso
18007-RN-Alto do Rod,2400703,18007,RN,Alto do Rodrigues
18008-RN-Angicos,2400802,18008,RN,Angicos
18009-RN-Antônio Mar,2400901,18009,RN,Antônio Martins
18010-RN-Apodi,2401008,18010,RN,Apodi
18011-RN-Areia Branc,2401107,18011,RN,Areia Branca
18012-RN-Arês,2401206,18012,RN,Arês
18013-RN-Augusto Sev,2401305,18013,RN,Augusto Severo
18014-RN-Baía Formos,2401404,18014,RN,Baía Formosa
18015-RN-Barcelona,2401503,18015,RN,Barcelona
18016-RN-Bento Ferna,2401602,18016,RN,Bento Fernandes
18017-RN-Bom Jesus,2401701,18017,RN,Bom Jesus
18018-RN-Brejinho,2401800,18018,RN,Brejinho
18019-RN-Caiçara do ,2401909,18019,RN,Caiçara do Rio do Vento
18020-RN-Caicó,2402006,18020,RN,Caicó
18021-RN-Campo Redon,2402105,18021,RN,Campo Redondo
18022-RN-Canguaretam,2402204,18022,RN,Canguaretama
18023-RN-Caraúbas,2402303,18023,RN,Caraúbas
18024-RN-Carnaúba do,2402402,18024,RN,Carnaúba dos Dantas
18025-RN-Carnaubais,2402501,18025,RN,Carnaubais
18026-RN-Ceará-Mirim,2402600,18026,RN,Ceará-Mirim
18027-RN-Cerro Corá,2402709,18027,RN,Cerro Corá
18028-RN-Coronel Eze,2402808,18028,RN,Coronel Ezequiel
18029-RN-Coronel Joã,2402907,18029,RN,Coronel João Pessoa
18030-RN-Cruzeta,2403004,18030,RN,Cruzeta
18031-RN-Currais Nov,2403103,18031,RN,Currais Novos
18032-RN-Doutor Seve,2403202,18032,RN,Doutor Severiano
18033-RN-Encanto,2403301,18033,RN,Encanto
18034-RN-Equador,2403400,18034,RN,Equador
18035-RN-Espírito Sa,2403509,18035,RN,Espírito Santo
18036-RN-Extremoz,2403608,18036,RN,Extremoz
18037-RN-Felipe Guer,2403707,18037,RN,Felipe Guerra
18038-RN-Florânia,2403806,18038,RN,Florânia
18039-RN-Francisco D,2403905,18039,RN,Francisco Dantas
18040-RN-Galinhos,2404101,18040,RN,Galinhos
18041-RN-Goianinha,2404200,18041,RN,Goianinha
18042-RN-Governador ,2404309,18042,RN,Governador Dixpt Rosado
18043-RN-Grossos,2404408,18043,RN,Grossos
18044-RN-Guamaré,2404507,18044,RN,Guamaré
18045-RN-Ielmo Marin,2404606,18045,RN,Ielmo Marinho
18046-RN-Ipanguaçu,2404705,18046,RN,Ipanguaçu
18047-RN-Ipueira,2404804,18047,RN,Ipueira
18048-RN-Itaú,2404903,18048,RN,Itaú
18049-RN-Jaçanã,2405009,18049,RN,Jaçanã
18050-RN-Jandaíra,2405108,18050,RN,Jandaíra
18051-RN-Janduís,2405207,18051,RN,Janduís
18052-RN-Januário Ci,2405306,18052,RN,Januário Cicco
18053-RN-Japi,2405405,18053,RN,Japi
18054-RN-Jardim de A,2405504,18054,RN,Jardim de Angicos
18055-RN-Jardim de P,2405603,18055,RN,Jardim de Piranhas
18056-RN-Jardim do S,2405702,18056,RN,Jardim do Seridó
18057-RN-João Câmara,2405801,18057,RN,João Câmara
18058-RN-João Dias,2405900,18058,RN,João Dias
18059-RN-José da Pen,2406007,18059,RN,José da Penha
18060-RN-Jucurutu,2406106,18060,RN,Jucurutu
18061-RN-Messias Tar,2407609,18061,RN,Messias Targino
18062-RN-Lagoa d Ant,2406205,18062,RN,Lagoa d Anta
18063-RN-Lagoa de Pe,2406304,18063,RN,Lagoa de Pedras
18064-RN-Lagoa de Ve,2406403,18064,RN,Lagoa de Velhos
18065-RN-Lagoa Nova,2406502,18065,RN,Lagoa Nova
18066-RN-Lagoa Salga,2406601,18066,RN,Lagoa Salgada
18067-RN-Lajes,2406700,18067,RN,Lajes
18068-RN-Lajes Pinta,2406809,18068,RN,Lajes Pintadas
18069-RN-Lucrécia,2406908,18069,RN,Lucrécia
18070-RN-Luís Gomes,2407005,18070,RN,Luís Gomes
18071-RN-Macaíba,2407104,18071,RN,Macaíba
18072-RN-Macau,2407203,18072,RN,Macau
18073-RN-Marcelino V,2407302,18073,RN,Marcelino Vieira
18074-RN-Martins,2407401,18074,RN,Martins
18075-RN-Maxaranguap,2407500,18075,RN,Maxaranguape
18076-RN-Frutuoso Go,2404002,18076,RN,Frutuoso Gomes
18077-RN-Montanhas,2407708,18077,RN,Montanhas
18078-RN-Monte Alegr,2407807,18078,RN,Monte Alegre
18079-RN-Monte das G,2407906,18079,RN,Monte das Gameleiras
18080-RN-Mossoró,2408003,18080,RN,Mossoró
18081-RN-Natal,2408102,18081,RN,Natal
18082-RN-Nísia Flore,2408201,18082,RN,Nísia Floresta
18083-RN-Nova Cruz,2408300,18083,RN,Nova Cruz
18084-RN-Olho-d Água,2408409,18084,RN,Olho-d Água do Borges
18085-RN-Ouro Branco,2408508,18085,RN,Ouro Branco
18086-RN-Paraná,2408607,18086,RN,Paraná
18087-RN-Paraú,2408706,18087,RN,Paraú
18088-RN-Parazinho,2408805,18088,RN,Parazinho
18089-RN-Parelhas,2408904,18089,RN,Parelhas
18090-RN-Parnamirim,2403251,18090,RN,Parnamirim
18091-RN-Passa e Fic,2409100,18091,RN,Passa e Fica
18092-RN-Passagem,2409209,18092,RN,Passagem
18093-RN-Patu,2409308,18093,RN,Patu
18094-RN-Pau dos Fer,2409407,18094,RN,Pau dos Ferros
18095-RN-Pedra Grand,2409506,18095,RN,Pedra Grande
18096-RN-Pedra Preta,2409605,18096,RN,Pedra Preta
18097-RN-Pedro Aveli,2409704,18097,RN,Pedro Avelino
18098-RN-Pedro Velho,2409803,18098,RN,Pedro Velho
18099-RN-Pendências,2409902,18099,RN,Pendências
18100-RN-Pilões,2410009,18100,RN,Pilões
18101-RN-Poço Branco,2410108,18101,RN,Poço Branco
18102-RN-Portalegre,2410207,18102,RN,Portalegre
18103-RN-Presidente ,2410306,18103,RN,Presidente Juscelino
18104-RN-Pureza,2410405,18104,RN,Pureza
18105-RN-Rafael Fern,2410504,18105,RN,Rafael Fernandes
18106-RN-Riacho da C,2410702,18106,RN,Riacho da Cruz
18107-RN-Riacho de S,2410801,18107,RN,Riacho de Santana
18108-RN-Riachuelo,2410900,18108,RN,Riachuelo
18109-RN-Rodolfo Fer,2411007,18109,RN,Rodolfo Fernandes
18110-RN-Ruy Barbosa,2411106,18110,RN,Ruy Barbosa
18111-RN-São Francis,2411908,18111,RN,São Francisco do Oeste
18112-RN-Santa Cruz,2411205,18112,RN,Santa Cruz
18113-RN-Santana do ,2411429,18113,RN,Santana do Seridó
18114-RN-Santana do ,2411403,18114,RN,Santana do Matos
18115-RN-Santo Antôn,2411502,18115,RN,Santo Antônio
18116-RN-São Bento d,2411601,18116,RN,São Bento do Norte
18117-RN-São Bento d,2411700,18117,RN,São Bento do Trairí
18118-RN-São Fernand,2411809,18118,RN,São Fernando
18119-RN-São Gonçalo,2412005,18119,RN,São Gonçalo do Amarante
18120-RN-São João do,2412104,18120,RN,São João do Sabugi
18121-RN-São José de,2412203,18121,RN,São José de Mipibu
18122-RN-São José do,2412302,18122,RN,São José do Campestre
18123-RN-São José do,2412401,18123,RN,São José do Seridó
18124-RN-São Miguel,2412500,18124,RN,São Miguel
18125-RN-São Paulo d,2412609,18125,RN,São Paulo do Potengi
18126-RN-São Pedro,2412708,18126,RN,São Pedro
18127-RN-São Rafael,2412807,18127,RN,São Rafael
18128-RN-São Tomé,2412906,18128,RN,São Tomé
18129-RN-São Vicente,2413003,18129,RN,São Vicente
18130-RN-Senador Eló,2413102,18130,RN,Senador Elói de Souza
18131-RN-Senador Geo,2413201,18131,RN,Senador Georgino Avelino
18132-RN-Serra de Sã,2413300,18132,RN,Serra de São Bento
18133-RN-Serra Negra,2413409,18133,RN,Serra Negra do Norte
18134-RN-Serrinha,2413508,18134,RN,Serrinha
18135-RN-Severiano M,2413607,18135,RN,Severiano Melo
18136-RN-Sítio Novo,2413706,18136,RN,Sítio Novo
18137-RN-Taboleiro G,2413805,18137,RN,Taboleiro Grande
18138-RN-Taipu,2413904,18138,RN,Taipu
18139-RN-Tangará,2414001,18139,RN,Tangará
18140-RN-Tenente Ana,2414100,18140,RN,Tenente Ananias
18141-RN-Tibau do Su,2414209,18141,RN,Tibau do Sul
18142-RN-Timbaúba do,2414308,18142,RN,Timbaúba dos Batistas
18143-RN-Touros,2414407,18143,RN,Touros
18144-RN-Umarizal,2414506,18144,RN,Umarizal
18145-RN-Upanema,2414605,18145,RN,Upanema
18146-RN-Várzea,2414704,18146,RN,Várzea
18147-RN-Rafael Gode,2410603,18147,RN,Rafael Godeiro
18148-RN-Vera Cruz,2414803,18148,RN,Vera Cruz
18149-RN-Viçosa,2414902,18149,RN,Viçosa
18150-RN-Vila Flor,2415008,18150,RN,Vila Flor
18151-RN-Baraúna,2401453,18151,RN,Baraúna
18152-RN-Serra do Me,2413359,18152,RN,Serra do Mel
18153-RN-Bodó,2401651,18153,RN,Bodó
18154-RN-Fernando Pe,2403756,18154,RN,Fernando Pedroza
18156-RN-Major Sales,2407252,18156,RN,Major Sales
18157-RN-Triunfo Pot,2414456,18157,RN,Triunfo Potiguar
18158-RN-Venha-Ver,2414753,18158,RN,Venha-Ver
18159-RN-Caiçara do ,2401859,18159,RN,Caiçara do Norte
18160-RN-Itajá,2404853,18160,RN,Itajá
18161-RN-Rio do Fogo,2408953,18161,RN,Rio do Fogo
18162-RN-Santa Maria,2409332,18162,RN,Santa Maria
18163-RN-Porto do Ma,2410256,18163,RN,Porto do Mangue
18164-RN-Tibau,2411056,18164,RN,Tibau
18165-RN-São Miguel ,2412559,18165,RN,São Miguel de Touros
18166-RN-Serrinha do,2413557,18166,RN,Serrinha dos Pintos
18167-RN-Tenente Lau,2414159,18167,RN,Tenente Laurentino Cruz
18168-RN-Jundia,2406155,18168,RN,Jundia
19001-RS-Agudo,4300109,19001,RS,Agudo
19002-RS-Ajuricaba,4300208,19002,RS,Ajuricaba
19003-RS-Alecrim,4300307,19003,RS,Alecrim
19004-RS-Alegrete,4300406,19004,RS,Alegrete
19005-RS-Alpestre,4300505,19005,RS,Alpestre
19006-RS-Alvorada,4300604,19006,RS,Alvorada
19007-RS-Anta Gorda,4300703,19007,RS,Anta Gorda
19008-RS-Antônio Pra,4300802,19008,RS,Antônio Prado
19009-RS-Aratiba,4300901,19009,RS,Aratiba
19010-RS-Arroio do M,4301008,19010,RS,Arroio do Meio
19011-RS-Arroio dos ,4301107,19011,RS,Arroio dos Ratos
19012-RS-Arroio do T,4301206,19012,RS,Arroio do Tigre
19013-RS-Arroio Gran,4301305,19013,RS,Arroio Grande
19014-RS-Arvorezinha,4301404,19014,RS,Arvorezinha
19015-RS-Augusto Pes,4301503,19015,RS,Augusto Pestana
19016-RS-Bagé,4301602,19016,RS,Bagé
19017-RS-Barão de Co,4301701,19017,RS,Barão de Cotegipe
19018-RS-Barracão,4301800,19018,RS,Barracão
19019-RS-Barra do Ri,4301909,19019,RS,Barra do Ribeiro
19020-RS-Barros Cass,4302006,19020,RS,Barros Cassal
19021-RS-Bento Gonça,4302105,19021,RS,Bento Gonçalves
19022-RS-Boa Vista d,4302204,19022,RS,Boa Vista do Buricá
19023-RS-Bom Jesus,4302303,19023,RS,Bom Jesus
19024-RS-Bom Retiro ,4302402,19024,RS,Bom Retiro do Sul
19025-RS-Bossoroca,4302501,19025,RS,Bossoroca
19026-RS-Braga,4302600,19026,RS,Braga
19027-RS-Butiá,4302709,19027,RS,Butiá
19028-RS-Caçapava do,4302808,19028,RS,Caçapava do Sul
19029-RS-Cacequi,4302907,19029,RS,Cacequi
19030-RS-Cachoeira d,4303004,19030,RS,Cachoeira do Sul
19031-RS-Cachoeirinh,4303103,19031,RS,Cachoeirinha
19032-RS-Cacique Dob,4303202,19032,RS,Cacique Doble
19033-RS-Caibaté,4303301,19033,RS,Caibaté
19034-RS-Caiçara,4303400,19034,RS,Caiçara
19035-RS-Camaquã,4303509,19035,RS,Camaquã
19036-RS-Cambará do ,4303608,19036,RS,Cambará do Sul
19037-RS-Campina das,4303707,19037,RS,Campina das Missões
19038-RS-Campinas do,4303806,19038,RS,Campinas do Sul
19039-RS-Campo Bom,4303905,19039,RS,Campo Bom
19040-RS-Campo Novo,4304002,19040,RS,Campo Novo
19041-RS-Candelária,4304200,19041,RS,Candelária
19042-RS-Cândido God,4304309,19042,RS,Cândido Godói
19043-RS-Canela,4304408,19043,RS,Canela
19044-RS-Canguçu,4304507,19044,RS,Canguçu
19045-RS-Canoas,4304606,19045,RS,Canoas
19046-RS-Carazinho,4304705,19046,RS,Carazinho
19047-RS-Carlos Barb,4304804,19047,RS,Carlos Barbosa
19048-RS-Casca,4304903,19048,RS,Casca
19049-RS-Catuípe,4305009,19049,RS,Catuípe
19050-RS-Caxias do S,4305108,19050,RS,Caxias do Sul
19051-RS-Cerro Largo,4305207,19051,RS,Cerro Largo
19052-RS-Chapada,4305306,19052,RS,Chapada
19053-RS-Chiapeta,4305405,19053,RS,Chiapeta
19054-RS-Ciríaco,4305504,19054,RS,Ciríaco
19055-RS-Colorado,4305603,19055,RS,Colorado
19056-RS-Condor,4305702,19056,RS,Condor
19057-RS-Constantina,4305801,19057,RS,Constantina
19058-RS-Coronel Bic,4305900,19058,RS,Coronel Bicaco
19059-RS-Crissiumal,4306007,19059,RS,Crissiumal
19060-RS-Cruz Alta,4306106,19060,RS,Cruz Alta
19061-RS-Cruzeiro do,4306205,19061,RS,Cruzeiro do Sul
19062-RS-David Canab,4306304,19062,RS,David Canabarro
19063-RS-Dois Irmãos,4306403,19063,RS,Dois Irmãos
19064-RS-Dom Felicia,4306502,19064,RS,Dom Feliciano
19065-RS-Dom Pedrito,4306601,19065,RS,Dom Pedrito
19066-RS-Dona Franci,4306700,19066,RS,Dona Francisca
19067-RS-Encantado,4306809,19067,RS,Encantado
19068-RS-Encruzilhad,4306908,19068,RS,Encruzilhada do Sul
19069-RS-Erechim,4307005,19069,RS,Erechim
19070-RS-Herval,4307104,19070,RS,Herval
19071-RS-Erval Grand,4307203,19071,RS,Erval Grande
19072-RS-Erval Seco,4307302,19072,RS,Erval Seco
19073-RS-Esmeralda,4307401,19073,RS,Esmeralda
19074-RS-Espumoso,4307500,19074,RS,Espumoso
19075-RS-Estância Ve,4307609,19075,RS,Estância Velha
19076-RS-Esteio,4307708,19076,RS,Esteio
19077-RS-Estrela,4307807,19077,RS,Estrela
19078-RS-Farroupilha,4307906,19078,RS,Farroupilha
19079-RS-Faxinal do ,4308003,19079,RS,Faxinal do Soturno
19080-RS-Feliz,4308102,19080,RS,Feliz
19081-RS-Flores da C,4308201,19081,RS,Flores da Cunha
19082-RS-Fontoura Xa,4308300,19082,RS,Fontoura Xavier
19083-RS-Formigueiro,4308409,19083,RS,Formigueiro
19084-RS-Frederico W,4308508,19084,RS,Frederico Westphalen
19085-RS-Garibaldi,4308607,19085,RS,Garibaldi
19086-RS-Gaurama,4308706,19086,RS,Gaurama
19087-RS-General Câm,4308805,19087,RS,General Câmara
19088-RS-São Vicente,4319802,19088,RS,São Vicente do Sul
19089-RS-Getúlio Var,4308904,19089,RS,Getúlio Vargas
19090-RS-Giruá,4309001,19090,RS,Giruá
19091-RS-Gramado,4309100,19091,RS,Gramado
19092-RS-Gravataí,4309209,19092,RS,Gravataí
19093-RS-Guaíba,4309308,19093,RS,Guaíba
19094-RS-Guaporé,4309407,19094,RS,Guaporé
19095-RS-Guarani das,4309506,19095,RS,Guarani das Missões
19096-RS-Horizontina,4309605,19096,RS,Horizontina
19097-RS-Humaitá,4309704,19097,RS,Humaitá
19098-RS-Ibiaçá,4309803,19098,RS,Ibiaçá
19099-RS-Ibiraiaras,4309902,19099,RS,Ibiraiaras
19100-RS-Ibirubá,4310009,19100,RS,Ibirubá
19101-RS-Igrejinha,4310108,19101,RS,Igrejinha
19102-RS-Ijuí,4310207,19102,RS,Ijuí
19103-RS-Ilópolis,4310306,19103,RS,Ilópolis
19104-RS-Independênc,4310405,19104,RS,Independência
19105-RS-Iraí,4310504,19105,RS,Iraí
19106-RS-Itaqui,4310603,19106,RS,Itaqui
19107-RS-Itatiba do ,4310702,19107,RS,Itatiba do Sul
19108-RS-Ivoti,4310801,19108,RS,Ivoti
19109-RS-Jacutinga,4310900,19109,RS,Jacutinga
19110-RS-Jaguarão,4311007,19110,RS,Jaguarão
19111-RS-Jaguari,4311106,19111,RS,Jaguari
19112-RS-Júlio de Ca,4311205,19112,RS,Júlio de Castilhos
19113-RS-Lagoa Verme,4311304,19113,RS,Lagoa Vermelha
19114-RS-Lajeado,4311403,19114,RS,Lajeado
19115-RS-Lavras do S,4311502,19115,RS,Lavras do Sul
19116-RS-Liberato Sa,4311601,19116,RS,Liberato Salzano
19117-RS-Machadinho,4311700,19117,RS,Machadinho
19118-RS-Marau,4311809,19118,RS,Marau
19119-RS-Marcelino R,4311908,19119,RS,Marcelino Ramos
19120-RS-Mariano Mor,4312005,19120,RS,Mariano Moro
19121-RS-Mata,4312104,19121,RS,Mata
19122-RS-Maximiliano,4312203,19122,RS,Maximiliano de Almeida
19123-RS-Miraguaí,4312302,19123,RS,Miraguaí
19124-RS-Montenegro,4312401,19124,RS,Montenegro
19125-RS-Mostardas,4312500,19125,RS,Mostardas
19126-RS-Muçum,4312609,19126,RS,Muçum
19127-RS-Não-Meque,4312658,19127,RS,Não-Meque
19128-RS-Nonoai,4312708,19128,RS,Nonoai
19129-RS-Nova Araçá,4312807,19129,RS,Nova Araçá
19130-RS-Nova Bassan,4312906,19130,RS,Nova Bassano
19131-RS-Nova Brésci,4313003,19131,RS,Nova Bréscia
19132-RS-Nova Palma,4313102,19132,RS,Nova Palma
19133-RS-Nova Petróp,4313201,19133,RS,Nova Petrópolis
19134-RS-Nova Prata,4313300,19134,RS,Nova Prata
19135-RS-Novo Hambur,4313409,19135,RS,Novo Hamburgo
19136-RS-Osório,4313508,19136,RS,Osório
19137-RS-Paim Filho,4313607,19137,RS,Paim Filho
19138-RS-Palmeira da,4313706,19138,RS,Palmeira das Missões
19139-RS-Palmitinho,4313805,19139,RS,Palmitinho
19140-RS-Panambi,4313904,19140,RS,Panambi
19141-RS-Paraí,4314001,19141,RS,Paraí
19142-RS-Passo Fundo,4314100,19142,RS,Passo Fundo
19143-RS-Pedro Osóri,4314209,19143,RS,Pedro Osório
19144-RS-Pejuçara,4314308,19144,RS,Pejuçara
19145-RS-Pelotas,4314407,19145,RS,Pelotas
19146-RS-Pinheiro Ma,4314506,19146,RS,Pinheiro Machado
19147-RS-Piratini,4314605,19147,RS,Piratini
19148-RS-Planalto,4314704,19148,RS,Planalto
19149-RS-Portão,4314803,19149,RS,Portão
19150-RS-Porto Alegr,4314902,19150,RS,Porto Alegre
19151-RS-Porto Lucen,4315008,19151,RS,Porto Lucena
19152-RS-Porto Xavie,4315107,19152,RS,Porto Xavier
19153-RS-Putinga,4315206,19153,RS,Putinga
19154-RS-Quaraí,4315305,19154,RS,Quaraí
19155-RS-Redentora,4315404,19155,RS,Redentora
19156-RS-Restinga Se,4315503,19156,RS,Restinga Seca
19157-RS-Rio Grande,4315602,19157,RS,Rio Grande
19158-RS-Rio Pardo,4315701,19158,RS,Rio Pardo
19159-RS-Roca Sales,4315800,19159,RS,Roca Sales
19160-RS-Rodeio Boni,4315909,19160,RS,Rodeio Bonito
19161-RS-Rolante,4316006,19161,RS,Rolante
19162-RS-Ronda Alta,4316105,19162,RS,Ronda Alta
19163-RS-Rondinha,4316204,19163,RS,Rondinha
19164-RS-Roque Gonza,4316303,19164,RS,Roque Gonzales
19165-RS-Rosário do ,4316402,19165,RS,Rosário do Sul
19166-RS-Salvador do,4316501,19166,RS,Salvador do Sul
19167-RS-Sananduva,4316600,19167,RS,Sananduva
19168-RS-Santa Bárba,4316709,19168,RS,Santa Bárbara do Sul
19169-RS-Santa Cruz ,4316808,19169,RS,Santa Cruz do Sul
19170-RS-Santa Maria,4316907,19170,RS,Santa Maria
19171-RS-Santana da ,4317004,19171,RS,Santana da Boa Vista
19172-RS-Santana do ,4317103,19172,RS,Santana do Livramento
19173-RS-Santa Rosa,4317202,19173,RS,Santa Rosa
19174-RS-Santa Vitór,4317301,19174,RS,Santa Vitória do Palmar
19175-RS-Santiago,4317400,19175,RS,Santiago
19176-RS-Santo Ângel,4317509,19176,RS,Santo Ângelo
19177-RS-Santo Antôn,4317608,19177,RS,Santo Antônio da Patrulha
19178-RS-Santo Antôn,4317707,19178,RS,Santo Antônio das Missões
19179-RS-Santo Augus,4317806,19179,RS,Santo Augusto
19180-RS-Santo Crist,4317905,19180,RS,Santo Cristo
19181-RS-São Borja,4318002,19181,RS,São Borja
19182-RS-São Francis,4318101,19182,RS,São Francisco de Assis
19183-RS-São Francis,4318200,19183,RS,São Francisco de Paula
19184-RS-São Gabriel,4318309,19184,RS,São Gabriel
19185-RS-São Jerônim,4318408,19185,RS,São Jerônimo
19186-RS-São José do,4318507,19186,RS,São José do Norte
19187-RS-São José do,4318606,19187,RS,São José do Ouro
19188-RS-São Leopold,4318705,19188,RS,São Leopoldo
19189-RS-São Lourenç,4318804,19189,RS,São Lourenço do Sul
19190-RS-São Luiz Go,4318903,19190,RS,São Luiz Gonzaga
19191-RS-São Marcos,4319000,19191,RS,São Marcos
19192-RS-São Martinh,4319109,19192,RS,São Martinho
19193-RS-São Nicolau,4319208,19193,RS,São Nicolau
19194-RS-São Paulo d,4319307,19194,RS,São Paulo das Missões
19195-RS-São Pedro d,4319406,19195,RS,São Pedro do Sul
19196-RS-São Sebasti,4319505,19196,RS,São Sebastião do Caí
19197-RS-São Sepé,4319604,19197,RS,São Sepé
19198-RS-São Valenti,4319703,19198,RS,São Valentim
19199-RS-Sapiranga,4319901,19199,RS,Sapiranga
19200-RS-Sapucaia do,4320008,19200,RS,Sapucaia do Sul
19201-RS-Sarandi,4320107,19201,RS,Sarandi
19202-RS-Seberi,4320206,19202,RS,Seberi
19203-RS-Selbach,4320305,19203,RS,Selbach
19204-RS-Serafina Co,4320404,19204,RS,Serafina Corrêa
19205-RS-Sertão,4320503,19205,RS,Sertão
19206-RS-Severiano d,4320602,19206,RS,Severiano de Almeida
19208-RS-Sobradinho,4320701,19208,RS,Sobradinho
19209-RS-Soledade,4320800,19209,RS,Soledade
19210-RS-Tapejara,4320909,19210,RS,Tapejara
19211-RS-Tapera,4321006,19211,RS,Tapera
19212-RS-Tapes,4321105,19212,RS,Tapes
19213-RS-Taquara,4321204,19213,RS,Taquara
19214-RS-Taquari,4321303,19214,RS,Taquari
19215-RS-Tenente Por,4321402,19215,RS,Tenente Portela
19216-RS-Torres,4321501,19216,RS,Torres
19217-RS-Tramandaí,4321600,19217,RS,Tramandaí
19218-RS-Três Coroas,4321709,19218,RS,Três Coroas
19219-RS-Três de Mai,4321808,19219,RS,Três de Maio
19220-RS-Três Passos,4321907,19220,RS,Três Passos
19221-RS-Triunfo,4322004,19221,RS,Triunfo
19222-RS-Tucunduva,4322103,19222,RS,Tucunduva
19223-RS-Tupanciretã,4322202,19223,RS,Tupanciretã
19224-RS-Tuparendi,4322301,19224,RS,Tuparendi
19225-RS-Uruguaiana,4322400,19225,RS,Uruguaiana
19226-RS-Vacaria,4322509,19226,RS,Vacaria
19227-RS-Venâncio Ai,4322608,19227,RS,Venâncio Aires
19228-RS-Vera Cruz,4322707,19228,RS,Vera Cruz
19229-RS-Veranópolis,4322806,19229,RS,Veranópolis
19230-RS-Viadutos,4322905,19230,RS,Viadutos
19231-RS-Viamão,4323002,19231,RS,Viamão
19232-RS-Vicente Dut,4323101,19232,RS,Vicente Dutra
19233-RS-Victor Grae,4323200,19233,RS,Victor Graeff
19235-RS-Teutônia,4321451,19235,RS,Teutônia
19236-RS-Charqueadas,4305355,19236,RS,Charqueadas
19237-RS-Capão do Le,4304663,19237,RS,Capão do Leão
19238-RS-Fortaleza d,4308458,19238,RS,Fortaleza dos Valos
19239-RS-Palmares do,4313656,19239,RS,Palmares do Sul
19240-RS-Capão da Ca,4304630,19240,RS,Capão da Canoa
19241-RS-Tavares,4321352,19241,RS,Tavares
19242-RS-Cotiporã,4305959,19242,RS,Cotiporã
19243-RS-Parobé,4314050,19243,RS,Parobé
19244-RS-Bom Princíp,4302352,19244,RS,Bom Princípio
19245-RS-Jóia,4311155,19245,RS,Jóia
19246-RS-Salto do Ja,4316451,19246,RS,Salto do Jacuí
19247-RS-Água Santa,4300059,19247,RS,Água Santa
19248-RS-Alegria,4300455,19248,RS,Alegria
19249-RS-Alto Alegre,4300554,19249,RS,Alto Alegre
19250-RS-Amaral Ferr,4300638,19250,RS,Amaral Ferrador
19251-RS-André da Ro,4300661,19251,RS,André da Rocha
19252-RS-Arroio do S,4301057,19252,RS,Arroio do Sal
19253-RS-Áurea,4301552,19253,RS,Áurea
19254-RS-Barão,4301651,19254,RS,Barão
19255-RS-Boqueirão d,4302451,19255,RS,Boqueirão do Leão
19256-RS-Brochier,4302659,19256,RS,Brochier
19257-RS-Camargo,4303558,19257,RS,Camargo
19258-RS-Campos Borg,4304101,19258,RS,Campos Borges
19259-RS-Capela de S,4304689,19259,RS,Capela de Santana
19260-RS-Caseiros,4304952,19260,RS,Caseiros
19261-RS-Cerro Branc,4305132,19261,RS,Cerro Branco
19262-RS-Cerro Grand,4305157,19262,RS,Cerro Grande
19263-RS-Cerro Grand,4305173,19263,RS,Cerro Grande do Sul
19264-RS-Cidreira,4305454,19264,RS,Cidreira
19265-RS-Cristal,4306056,19265,RS,Cristal
19266-RS-Dezesseis d,4306353,19266,RS,Dezesseis de Novembro
19267-RS-Dois Lajead,4306452,19267,RS,Dois Lajeados
19268-RS-Doutor Maur,4306734,19268,RS,Doutor Maurício Cardoso
19269-RS-Eldorado do,4306767,19269,RS,Eldorado do Sul
19270-RS-Entre-Ijuís,4306932,19270,RS,Entre-Ijuís
19271-RS-Entre Rios ,4306957,19271,RS,Entre Rios do Sul
19272-RS-Erebango,4306973,19272,RS,Erebango
19273-RS-Ernestina,4307054,19273,RS,Ernestina
19274-RS-Estação,4307559,19274,RS,Estação
19275-RS-Eugênio de ,4307831,19275,RS,Eugênio de Castro
19276-RS-Fagundes Va,4307864,19276,RS,Fagundes Varela
19277-RS-Faxinalzinh,4308052,19277,RS,Faxinalzinho
19278-RS-Glorinha,4309050,19278,RS,Glorinha
19279-RS-Guabiju,4309258,19279,RS,Guabiju
19280-RS-Harmonia,4309555,19280,RS,Harmonia
19281-RS-Ibarama,4309753,19281,RS,Ibarama
19282-RS-Ibirapuitã,4309951,19282,RS,Ibirapuitã
19283-RS-Imbé,4310330,19283,RS,Imbé
19284-RS-Imigrante,4310363,19284,RS,Imigrante
19285-RS-Ipê,4310439,19285,RS,Ipê
19286-RS-Ipiranga do,4310462,19286,RS,Ipiranga do Sul
19287-RS-Itacurubi,4310553,19287,RS,Itacurubi
19288-RS-Ivorá,4310751,19288,RS,Ivorá
19289-RS-Jaboticaba,4310850,19289,RS,Jaboticaba
19290-RS-Jaquirana,4311122,19290,RS,Jaquirana
19291-RS-Lagoão,4311254,19291,RS,Lagoão
19292-RS-Montauri,4312351,19292,RS,Montauri
19293-RS-Morro Redon,4312450,19293,RS,Morro Redondo
19294-RS-Nova Alvora,4312757,19294,RS,Nova Alvorada
19295-RS-Nova Espera,4313037,19295,RS,Nova Esperança do Sul
19296-RS-Nova Hartz,4313060,19296,RS,Nova Hartz
19297-RS-Nova Roma d,4313359,19297,RS,Nova Roma do Sul
19298-RS-Pântano Gra,4313953,19298,RS,Pântano Grande
19299-RS-Paraíso do ,4314027,19299,RS,Paraíso do Sul
19300-RS-Paverama,4314159,19300,RS,Paverama
19301-RS-Pinhal,4314456,19301,RS,Pinhal
19302-RS-Pirapó,4314555,19302,RS,Pirapó
19303-RS-Poço das An,4314753,19303,RS,Poço das Antas
19304-RS-Pouso Novo,4315131,19304,RS,Pouso Novo
19305-RS-Progresso,4315156,19305,RS,Progresso
19306-RS-Protásio Al,4315172,19306,RS,Protásio Alves
19307-RS-Quinze de N,4315354,19307,RS,Quinze de Novembro
19308-RS-Relvado,4315453,19308,RS,Relvado
19309-RS-Riozinho,4315750,19309,RS,Riozinho
19310-RS-Saldanha Ma,4316436,19310,RS,Saldanha Marinho
19311-RS-Santa Maria,4316956,19311,RS,Santa Maria do Herval
19312-RS-São Domingo,4318051,19312,RS,São Domingos do Sul
19313-RS-São João da,4318424,19313,RS,São João da Urtiga
19314-RS-São Jorge,4318440,19314,RS,São Jorge
19315-RS-São José do,4318465,19315,RS,São José do Herval
19316-RS-São José do,4318481,19316,RS,São José do Hortêncio
19317-RS-São Miguel ,4319158,19317,RS,São Miguel das Missões
19318-RS-Sede Nova,4320230,19318,RS,Sede Nova
19319-RS-Segredo,4320263,19319,RS,Segredo
19320-RS-Silveira Ma,4320651,19320,RS,Silveira Martins
19321-RS-Taquaruçu d,4321329,19321,RS,Taquaruçu do Sul
19322-RS-Terra de Ar,4321436,19322,RS,Terra de Areia
19323-RS-Três Arroio,4321634,19323,RS,Três Arroios
19324-RS-Três Cachoe,4321667,19324,RS,Três Cachoeiras
19325-RS-Três Palmei,4321857,19325,RS,Três Palmeiras
19326-RS-Trindade do,4321956,19326,RS,Trindade do Sul
19327-RS-Tunas,4322152,19327,RS,Tunas
19328-RS-Tupandi,4322251,19328,RS,Tupandi
19329-RS-Vanini,4322558,19329,RS,Vanini
19330-RS-Vila Flores,4323309,19330,RS,Vila Flores
19331-RS-Vila Maria,4323408,19331,RS,Vila Maria
19332-RS-Vista Alegr,4323507,19332,RS,Vista Alegre
19333-RS-Vista Alegr,4323606,19333,RS,Vista Alegre do Prata
19334-RS-Vista Gaúch,4323705,19334,RS,Vista Gaúcha
19335-RS-São Vendeli,4319752,19335,RS,São Vendelino
19337-RS-Alto Feliz,4300570,19337,RS,Alto Feliz
19338-RS-Ametista do,4300646,19338,RS,Ametista do Sul
19339-RS-Arambaré,4300851,19339,RS,Arambaré
19340-RS-Barão do Tr,4301750,19340,RS,Barão do Triunfo
19341-RS-Barra do Gu,4301859,19341,RS,Barra do Guarita
19342-RS-Barra do Ri,4301925,19342,RS,Barra do Rio Azul
19343-RS-Barra Funda,4301958,19343,RS,Barra Funda
19344-RS-Boa Vista d,4302154,19344,RS,Boa Vista das Missões
19345-RS-Bom Progres,4302378,19345,RS,Bom Progresso
19346-RS-Campestre d,4303673,19346,RS,Campestre da Serra
19347-RS-Candiota,4304358,19347,RS,Candiota
19348-RS-Capitão,4304697,19348,RS,Capitão
19349-RS-Carlos Gome,4304853,19349,RS,Carlos Gomes
19350-RS-Centenário,4305116,19350,RS,Centenário
19351-RS-Charrua,4305371,19351,RS,Charrua
19352-RS-Colinas,4305587,19352,RS,Colinas
19353-RS-Coqueiros d,4305850,19353,RS,Coqueiros do Sul
19354-RS-Coronel Bar,4305871,19354,RS,Coronel Barros
19355-RS-Coxilha,4305975,19355,RS,Coxilha
19356-RS-Derrubadas,4306320,19356,RS,Derrubadas
19357-RS-Dois Irmãos,4306429,19357,RS,Dois Irmãos das Missões
19358-RS-Engenho Vel,4306924,19358,RS,Engenho Velho
19359-RS-Garruchos,4308656,19359,RS,Garruchos
19360-RS-Gentil,4308854,19360,RS,Gentil
19361-RS-Gramado dos,4309126,19361,RS,Gramado dos Loureiros
19362-RS-Gramado Xav,4309159,19362,RS,Gramado Xavier
19363-RS-Hulha Negra,4309654,19363,RS,Hulha Negra
19364-RS-Inhacorá,4310413,19364,RS,Inhacorá
19365-RS-Itapuca,4310579,19365,RS,Itapuca
19366-RS-Lagoa dos T,4311270,19366,RS,Lagoa dos Três Cantos
19367-RS-Lajeado do ,4311429,19367,RS,Lajeado do Bugre
19368-RS-Lindolfo Co,4311627,19368,RS,Lindolfo Collor
19369-RS-Linha Nova,4311643,19369,RS,Linha Nova
19370-RS-Manoel Vian,4311759,19370,RS,Manoel Viana
19371-RS-Maquiné,4311775,19371,RS,Maquiné
19372-RS-Maratá,4311791,19372,RS,Maratá
19373-RS-Mariana Pim,4311981,19373,RS,Mariana Pimentel
19374-RS-Mato Castel,4312138,19374,RS,Mato Castelhano
19375-RS-Mato Leitão,4312153,19375,RS,Mato Leitão
19376-RS-Minas do Le,4312252,19376,RS,Minas do Leão
19377-RS-Mormaço,4312427,19377,RS,Mormaço
19378-RS-Morrinhos d,4312443,19378,RS,Morrinhos do Sul
19379-RS-Morro Reute,4312476,19379,RS,Morro Reuter
19380-RS-Muliterno,4312625,19380,RS,Muliterno
19381-RS-Nicolau Ver,4312674,19381,RS,Nicolau Vergueiro
19382-RS-Nova Boa Vi,4312955,19382,RS,Nova Boa Vista
19383-RS-Nova Pádua,4313086,19383,RS,Nova Pádua
19384-RS-Nova Santa ,4313375,19384,RS,Nova Santa Rita
19385-RS-Novo Barrei,4313490,19385,RS,Novo Barreiro
19386-RS-Novo Machad,4313425,19386,RS,Novo Machado
19387-RS-Novo Tirade,4313441,19387,RS,Novo Tiradentes
19388-RS-Pareci Novo,4314035,19388,RS,Pareci Novo
19389-RS-Passo do So,4314076,19389,RS,Passo do Sobrado
19390-RS-Picada Café,4314423,19390,RS,Picada Café
19391-RS-Pinhal Gran,4314472,19391,RS,Pinhal Grande
19392-RS-Pinheirinho,4314498,19392,RS,Pinheirinho do Vale
19393-RS-Pontão,4314779,19393,RS,Pontão
19394-RS-Ponte Preta,4314787,19394,RS,Ponte Preta
19395-RS-Porto Mauá,4315057,19395,RS,Porto Mauá
19396-RS-Porto Vera ,4315073,19396,RS,Porto Vera Cruz
19397-RS-Presidente ,4315149,19397,RS,Presidente Lucena
19398-RS-Quevedos,4315321,19398,RS,Quevedos
19399-RS-Rio dos Índ,4315552,19399,RS,Rio dos Índios
19400-RS-Sagrada Fam,4316428,19400,RS,Sagrada Família
19401-RS-Salvador da,4316477,19401,RS,Salvador das Missões
19402-RS-Santa Clara,4316758,19402,RS,Santa Clara do Sul
19403-RS-Santa Terez,4317251,19403,RS,Santa Tereza
19404-RS-Santo Antôn,4317558,19404,RS,Santo Antônio do Palma
19405-RS-Santo Antôn,4317756,19405,RS,Santo Antônio do Planalto
19406-RS-Santo Exped,4317954,19406,RS,Santo Expedito do Sul
19407-RS-São João do,4318432,19407,RS,São João do Polêsine
19408-RS-São José da,4318457,19408,RS,São José das Missões
19409-RS-São José do,4318499,19409,RS,São José do Inhacorá
19410-RS-São José do,4318622,19410,RS,São José dos Ausentes
19411-RS-São Martinh,4319125,19411,RS,São Martinho da Serra
19412-RS-São Pedro d,4319356,19412,RS,São Pedro da Serra
19413-RS-São Pedro d,4319372,19413,RS,São Pedro do Butiá
19414-RS-São Valenti,4319711,19414,RS,São Valentim do Sul
19415-RS-São Valério,4319737,19415,RS,São Valério do Sul
19416-RS-Sentinela d,4320354,19416,RS,Sentinela do Sul
19417-RS-Sério,4320453,19417,RS,Sério
19418-RS-Sertão Sant,4320552,19418,RS,Sertão Santana
19419-RS-Sinimbu,4320677,19419,RS,Sinimbu
19420-RS-Tiradentes ,4321477,19420,RS,Tiradentes do Sul
19421-RS-Travesseiro,4321626,19421,RS,Travesseiro
19422-RS-Três Forqui,4321832,19422,RS,Três Forquilhas
19423-RS-Tupanci do ,4322186,19423,RS,Tupanci do Sul
19424-RS-União da Se,4322350,19424,RS,União da Serra
19425-RS-Vale do Sol,4322533,19425,RS,Vale do Sol
19426-RS-Vale Real,4322541,19426,RS,Vale Real
19427-RS-Vila Nova d,4323457,19427,RS,Vila Nova do Sul
19428-RS-Vitória das,4323754,19428,RS,Vitória das Missões
19429-RS-Xangri-lá,4323804,19429,RS,Xangri-lá
19430-RS-Monte Belo ,4312385,19430,RS,Monte Belo do Sul
19431-RS-Araricá,4300877,19431,RS,Araricá
19432-RS-Balneário P,4301636,19432,RS,Balneário Pinhal
19433-RS-Barra do Qu,4301875,19433,RS,Barra do Quaraí
19434-RS-Benjamin Co,4302055,19434,RS,Benjamin Constant do Sul
19435-RS-Boa Vista d,4302253,19435,RS,Boa Vista do Sul
19436-RS-Capivari do,4304671,19436,RS,Capivari do Sul
19437-RS-Caraã,4304713,19437,RS,Caraã
19438-RS-Cerrito,4305124,19438,RS,Cerrito
19439-RS-Chuí,4305439,19439,RS,Chuí
19440-RS-Chuvisca,4305447,19440,RS,Chuvisca
19441-RS-Cristal do ,4306072,19441,RS,Cristal do Sul
19442-RS-Dilermando ,4306379,19442,RS,Dilermando de Aguiar
19443-RS-Dom Pedro d,4306551,19443,RS,Dom Pedro de Alcântara
19444-RS-Doutor Rica,4306759,19444,RS,Doutor Ricardo
19445-RS-Esperança d,4307450,19445,RS,Esperança do Sul
19446-RS-Estrela Vel,4307815,19446,RS,Estrela Velha
19447-RS-Fazenda Vil,4308078,19447,RS,Fazenda Vilanova
19448-RS-Floriano Pe,4308250,19448,RS,Floriano Peixoto
19449-RS-Herveiras,4309571,19449,RS,Herveiras
19450-RS-Itaara,4310538,19450,RS,Itaara
19451-RS-Jari,4311130,19451,RS,Jari
19452-RS-Maçambara,4311718,19452,RS,Maçambara
19453-RS-Mampituba,4311734,19453,RS,Mampituba
19454-RS-Marques de ,4312054,19454,RS,Marques de Souza
19455-RS-Monte Alegr,4312377,19455,RS,Monte Alegre dos Campos
19456-RS-Muitos Capõ,4312617,19456,RS,Muitos Capões
19457-RS-Nova Candel,4313011,19457,RS,Nova Candelária
19458-RS-Nova Ramada,4313334,19458,RS,Nova Ramada
19459-RS-Novo Cabrai,4313391,19459,RS,Novo Cabrais
19460-RS-Passa Sete,4314068,19460,RS,Passa Sete
19461-RS-Senador Sal,4320321,19461,RS,Senador Salgado Filho
19462-RS-Sete de Set,4320578,19462,RS,Sete de Setembro
19463-RS-Tabaí,4320859,19463,RS,Tabaí
19464-RS-Toropi,4321493,19464,RS,Toropi
19465-RS-Turuçu,4322327,19465,RS,Turuçu
19466-RS-Ubiretama,4322343,19466,RS,Ubiretama
19467-RS-Unistalda,4322376,19467,RS,Unistalda
19468-RS-Vale Verde,4322525,19468,RS,Vale Verde
19469-RS-Vespasiano ,4322855,19469,RS,Vespasiano Correa
19470-RS-Vila Lângar,4323358,19470,RS,Vila Lângaro
19474-RS-Acegua,4300034,19474,RS,Acegua
19475-RS-Almirante T,4300471,19475,RS,Almirante Tamandare do Sul
19476-RS-Arroio do P,4301073,19476,RS,Arroio do Padre
19477-RS-Boa Vista d,4302220,19477,RS,Boa Vista do Cadeado
19478-RS-Boa Vista d,4302238,19478,RS,Boa Vista do Incra
19479-RS-Bozano,4302584,19479,RS,Bozano
19480-RS-Canudos do ,4304614,19480,RS,Canudos do Vale
19481-RS-Capao Bonit,4304622,19481,RS,Capao Bonito do Sul
19482-RS-Capao do Ci,4304655,19482,RS,Capao do Cipo
19483-RS-Coqueiro Ba,4305835,19483,RS,Coqueiro Baixo
19484-RS-Coronel Pil,4305934,19484,RS,Coronel Pilar
19485-RS-Cruzaltense,4306130,19485,RS,Cruzaltense
19486-RS-Forquetinha,4308433,19486,RS,Forquetinha
19487-RS-Itati,4310652,19487,RS,Itati
19488-RS-Jacuizinho,4310876,19488,RS,Jacuizinho
19489-RS-Lagoa Bonit,4311239,19489,RS,Lagoa Bonita do Sul
19490-RS-Mato Queima,4312179,19490,RS,Mato Queimado
19491-RS-Novo Xingu,4313466,19491,RS,Novo Xingu
19492-RS-Paulo Bento,4314134,19492,RS,Paulo Bento
19493-RS-Pedras Alta,4314175,19493,RS,Pedras Altas
19494-RS-Pinhal da S,4314464,19494,RS,Pinhal da Serra
19495-RS-Pinto Bande,4314548,19495,RS,Pinto Bandeira
19496-RS-Quatro Irma,4315313,19496,RS,Quatro Irmaos
19497-RS-Rolador,4315958,19497,RS,Rolador
19498-RS-Santa Cecil,4316733,19498,RS,Santa Cecilia do Sul
19499-RS-Santa Marga,4316972,19499,RS,Santa Margarida do Sul
19500-RS-São José do,4318614,19500,RS,São José do Sul
19501-RS-São Pedro d,4319364,19501,RS,São Pedro das Missoes
19502-RS-Tio Hugo,4321469,19502,RS,Tio Hugo
19503-RS-Westfalia,4323770,19503,RS,Westfalia
20001-SC-Abelardo Lu,4200101,20001,SC,Abelardo Luz
20002-SC-Agrolândia,4200200,20002,SC,Agrolândia
20003-SC-Agronômica,4200309,20003,SC,Agronômica
20004-SC-Água Doce,4200408,20004,SC,Água Doce
20005-SC-Águas de Ch,4200507,20005,SC,Águas de Chapecó
20006-SC-Águas Morna,4200606,20006,SC,Águas Mornas
20007-SC-Alfredo Wag,4200705,20007,SC,Alfredo Wagner
20008-SC-Anchieta,4200804,20008,SC,Anchieta
20009-SC-Angelina,4200903,20009,SC,Angelina
20010-SC-Anita Garib,4201000,20010,SC,Anita Garibaldi
20011-SC-Anitápolis,4201109,20011,SC,Anitápolis
20012-SC-Antônio Car,4201208,20012,SC,Antônio Carlos
20013-SC-Araquari,4201307,20013,SC,Araquari
20014-SC-Araranguá,4201406,20014,SC,Araranguá
20015-SC-Armazém,4201505,20015,SC,Armazém
20016-SC-Arroio Trin,4201604,20016,SC,Arroio Trinta
20017-SC-Ascurra,4201703,20017,SC,Ascurra
20018-SC-Atalanta,4201802,20018,SC,Atalanta
20019-SC-Aurora,4201901,20019,SC,Aurora
20020-SC-Balneário C,4202008,20020,SC,Balneário Camboriú
20021-SC-Barra Velha,4202107,20021,SC,Barra Velha
20022-SC-Benedito No,4202206,20022,SC,Benedito Novo
20023-SC-Biguaçu,4202305,20023,SC,Biguaçu
20024-SC-Blumenau,4202404,20024,SC,Blumenau
20025-SC-Bom Retiro,4202602,20025,SC,Bom Retiro
20026-SC-Botuverá,4202701,20026,SC,Botuverá
20027-SC-Braço do No,4202800,20027,SC,Braço do Norte
20028-SC-Brusque,4202909,20028,SC,Brusque
20029-SC-Caçador,4203006,20029,SC,Caçador
20030-SC-Caibi,4203105,20030,SC,Caibi
20031-SC-Camboriú,4203204,20031,SC,Camboriú
20032-SC-Campo Alegr,4203303,20032,SC,Campo Alegre
20033-SC-Campo Belo ,4203402,20033,SC,Campo Belo do Sul
20034-SC-Campo Erê,4203501,20034,SC,Campo Erê
20035-SC-Campos Novo,4203600,20035,SC,Campos Novos
20036-SC-Canelinha,4203709,20036,SC,Canelinha
20037-SC-Canoinhas,4203808,20037,SC,Canoinhas
20038-SC-Capinzal,4203907,20038,SC,Capinzal
20039-SC-Catanduvas,4204004,20039,SC,Catanduvas
20040-SC-Caxambu do ,4204103,20040,SC,Caxambu do Sul
20041-SC-Chapecó,4204202,20041,SC,Chapecó
20042-SC-Concórdia,4204301,20042,SC,Concórdia
20043-SC-Coronel Fre,4204400,20043,SC,Coronel Freitas
20044-SC-Corupá,4204509,20044,SC,Corupá
20045-SC-Criciúma,4204608,20045,SC,Criciúma
20046-SC-Cunha Porã,4204707,20046,SC,Cunha Porã
20047-SC-Curitibanos,4204806,20047,SC,Curitibanos
20048-SC-Descanso,4204905,20048,SC,Descanso
20049-SC-Dionísio Ce,4205001,20049,SC,Dionísio Cerqueira
20050-SC-Dona Emma,4205100,20050,SC,Dona Emma
20051-SC-Erval Velho,4205209,20051,SC,Erval Velho
20052-SC-Faxinal dos,4205308,20052,SC,Faxinal dos Guedes
20053-SC-Florianópol,4205407,20053,SC,Florianópolis
20054-SC-Fraiburgo,4205506,20054,SC,Fraiburgo
20055-SC-Galvão,4205605,20055,SC,Galvão
20056-SC-Governador ,4206009,20056,SC,Governador Celso Ramos
20057-SC-Garopaba,4205704,20057,SC,Garopaba
20058-SC-Garuva,4205803,20058,SC,Garuva
20059-SC-Gaspar,4205902,20059,SC,Gaspar
20060-SC-Grão Pará,4206108,20060,SC,Grão Pará
20061-SC-Gravatal,4206207,20061,SC,Gravatal
20062-SC-Guabiruba,4206306,20062,SC,Guabiruba
20063-SC-Guaraciaba,4206405,20063,SC,Guaraciaba
20064-SC-Guaramirim,4206504,20064,SC,Guaramirim
20065-SC-Guarujá do ,4206603,20065,SC,Guarujá do Sul
20066-SC-Herval d Oe,4206702,20066,SC,Herval d Oeste
20067-SC-Ibicaré,4206801,20067,SC,Ibicaré
20068-SC-Ibirama,4206900,20068,SC,Ibirama
20069-SC-Içara,4207007,20069,SC,Içara
20070-SC-Ilhota,4207106,20070,SC,Ilhota
20071-SC-Imaruí,4207205,20071,SC,Imaruí
20072-SC-Imbituba,4207304,20072,SC,Imbituba
20073-SC-Imbuia,4207403,20073,SC,Imbuia
20074-SC-Indaial,4207502,20074,SC,Indaial
20075-SC-Ipira,4207601,20075,SC,Ipira
20076-SC-Ipumirim,4207700,20076,SC,Ipumirim
20077-SC-Irani,4207809,20077,SC,Irani
20078-SC-Irineópolis,4207908,20078,SC,Irineópolis
20079-SC-Itá,4208005,20079,SC,Itá
20080-SC-Itaiópolis,4208104,20080,SC,Itaiópolis
20081-SC-Itajaí,4208203,20081,SC,Itajaí
20082-SC-Itapema,4208302,20082,SC,Itapema
20083-SC-Itapiranga,4208401,20083,SC,Itapiranga
20084-SC-Ituporanga,4208500,20084,SC,Ituporanga
20085-SC-Jaborá,4208609,20085,SC,Jaborá
20086-SC-Jacinto Mac,4208708,20086,SC,Jacinto Machado
20087-SC-Jaguaruna,4208807,20087,SC,Jaguaruna
20088-SC-Jaraguá do ,4208906,20088,SC,Jaraguá do Sul
20089-SC-Joaçaba,4209003,20089,SC,Joaçaba
20090-SC-Joinville,4209102,20090,SC,Joinville
20091-SC-Lacerdópoli,4209201,20091,SC,Lacerdópolis
20092-SC-Lages,4209300,20092,SC,Lages
20093-SC-Laguna,4209409,20093,SC,Laguna
20094-SC-Laurentino,4209508,20094,SC,Laurentino
20095-SC-Lauro Mulle,4209607,20095,SC,Lauro Muller
20096-SC-Lebon Régis,4209706,20096,SC,Lebon Régis
20097-SC-Leoberto Le,4209805,20097,SC,Leoberto Leal
20098-SC-Lontras,4209904,20098,SC,Lontras
20099-SC-Luiz Alves,4210001,20099,SC,Luiz Alves
20100-SC-Mafra,4210100,20100,SC,Mafra
20101-SC-Major Gerci,4210209,20101,SC,Major Gercino
20102-SC-Major Vieir,4210308,20102,SC,Major Vieira
20103-SC-Maravilha,4210506,20103,SC,Maravilha
20104-SC-Massarandub,4210605,20104,SC,Massaranduba
20105-SC-Matos Costa,4210704,20105,SC,Matos Costa
20106-SC-Meleiro,4210803,20106,SC,Meleiro
20107-SC-Modelo,4210902,20107,SC,Modelo
20108-SC-Mondaí,4211009,20108,SC,Mondaí
20109-SC-Monte Caste,4211108,20109,SC,Monte Castelo
20110-SC-Morro da Fu,4211207,20110,SC,Morro da Fumaça
20111-SC-Navegantes,4211306,20111,SC,Navegantes
20112-SC-Nova Erechi,4211405,20112,SC,Nova Erechim
20113-SC-Nova Trento,4211504,20113,SC,Nova Trento
20114-SC-Nova Veneza,4211603,20114,SC,Nova Veneza
20115-SC-Orleans,4211702,20115,SC,Orleans
20116-SC-Ouro,4211801,20116,SC,Ouro
20117-SC-Palhoça,4211900,20117,SC,Palhoça
20118-SC-Palma Sola,4212007,20118,SC,Palma Sola
20119-SC-Palmitos,4212106,20119,SC,Palmitos
20120-SC-Papanduva,4212205,20120,SC,Papanduva
20121-SC-Paulo Lopes,4212304,20121,SC,Paulo Lopes
20122-SC-Pedras Gran,4212403,20122,SC,Pedras Grandes
20123-SC-Penha,4212502,20123,SC,Penha
20124-SC-Peritiba,4212601,20124,SC,Peritiba
20125-SC-Petrolândia,4212700,20125,SC,Petrolândia
20126-SC-Piçarras,4212809,20126,SC,Piçarras
20127-SC-Pinhalzinho,4212908,20127,SC,Pinhalzinho
20128-SC-Pinheiro Pr,4213005,20128,SC,Pinheiro Preto
20129-SC-Piratuba,4213104,20129,SC,Piratuba
20130-SC-Pomerode,4213203,20130,SC,Pomerode
20131-SC-Ponte Alta,4213302,20131,SC,Ponte Alta
20132-SC-Ponte Serra,4213401,20132,SC,Ponte Serrada
20133-SC-Porto Belo,4213500,20133,SC,Porto Belo
20134-SC-Porto União,4213609,20134,SC,Porto União
20135-SC-Pouso Redon,4213708,20135,SC,Pouso Redondo
20136-SC-Praia Grand,4213807,20136,SC,Praia Grande
20137-SC-Presidente ,4213906,20137,SC,Presidente Castelo Branco
20138-SC-Presidente ,4214003,20138,SC,Presidente Getúlio
20139-SC-Presidente ,4214102,20139,SC,Presidente Nereu
20140-SC-Quilombo,4214201,20140,SC,Quilombo
20141-SC-Rancho Quei,4214300,20141,SC,Rancho Queimado
20142-SC-Rio das Ant,4214409,20142,SC,Rio das Antas
20143-SC-Rio do Camp,4214508,20143,SC,Rio do Campo
20144-SC-Rio do Oest,4214607,20144,SC,Rio do Oeste
20145-SC-Rio dos Ced,4214706,20145,SC,Rio dos Cedros
20146-SC-Rio do Sul,4214805,20146,SC,Rio do Sul
20147-SC-Rio Fortuna,4214904,20147,SC,Rio Fortuna
20148-SC-Rio Negrinh,4215000,20148,SC,Rio Negrinho
20149-SC-Rodeio,4215109,20149,SC,Rodeio
20150-SC-Romelândia,4215208,20150,SC,Romelândia
20151-SC-Salete,4215307,20151,SC,Salete
20152-SC-Salto Velos,4215406,20152,SC,Salto Veloso
20153-SC-Santa Cecíl,4215505,20153,SC,Santa Cecília
20154-SC-Santa Rosa ,4215604,20154,SC,Santa Rosa de Lima
20155-SC-Santo Amaro,4215703,20155,SC,Santo Amaro da Imperatriz
20156-SC-São Bento d,4215802,20156,SC,São Bento do Sul
20157-SC-São Bonifác,4215901,20157,SC,São Bonifácio
20158-SC-São Carlos,4216008,20158,SC,São Carlos
20159-SC-São Domingo,4216107,20159,SC,São Domingos
20160-SC-São Francis,4216206,20160,SC,São Francisco do Sul
20161-SC-São João Ba,4216305,20161,SC,São João Batista
20162-SC-São João do,4216404,20162,SC,São João do Sul
20163-SC-São Joaquim,4216503,20163,SC,São Joaquim
20164-SC-São José,4216602,20164,SC,São José
20165-SC-São José do,4216701,20165,SC,São José do Cedro
20166-SC-São José do,4216800,20166,SC,São José do Cerrito
20167-SC-São Lourenç,4216909,20167,SC,São Lourenço do Oeste
20168-SC-São Ludgero,4217006,20168,SC,São Ludgero
20169-SC-São Martinh,4217105,20169,SC,São Martinho
20170-SC-São Miguel ,4217204,20170,SC,São Miguel d Oeste
20171-SC-Saudades,4217303,20171,SC,Saudades
20172-SC-Schroeder,4217402,20172,SC,Schroeder
20173-SC-Seara,4217501,20173,SC,Seara
20174-SC-Siderópolis,4217600,20174,SC,Siderópolis
20175-SC-Sombrio,4217709,20175,SC,Sombrio
20176-SC-Taió,4217808,20176,SC,Taió
20177-SC-Tangará,4217907,20177,SC,Tangará
20178-SC-Tijucas,4218004,20178,SC,Tijucas
20179-SC-Timbó,4218202,20179,SC,Timbó
20180-SC-Três Barras,4218301,20180,SC,Três Barras
20181-SC-Treze de Ma,4218400,20181,SC,Treze de Maio
20182-SC-Treze Tília,4218509,20182,SC,Treze Tílias
20183-SC-Trombudo Ce,4218608,20183,SC,Trombudo Central
20184-SC-Tubarão,4218707,20184,SC,Tubarão
20185-SC-Turvo,4218806,20185,SC,Turvo
20186-SC-Urubici,4218905,20186,SC,Urubici
20187-SC-Urussanga,4219002,20187,SC,Urussanga
20188-SC-Vargeão,4219101,20188,SC,Vargeão
20189-SC-Vidal Ramos,4219200,20189,SC,Vidal Ramos
20190-SC-Videira,4219309,20190,SC,Videira
20191-SC-Witmarsum,4219408,20191,SC,Witmarsum
20192-SC-Xanxerê,4219507,20192,SC,Xanxerê
20193-SC-Xavantina,4219606,20193,SC,Xavantina
20194-SC-Xaxim,4219705,20194,SC,Xaxim
20195-SC-Bom Jardim ,4202503,20195,SC,Bom Jardim da Serra
20196-SC-Maracajá,4210407,20196,SC,Maracajá
20197-SC-Timbé do Su,4218103,20197,SC,Timbé do Sul
20198-SC-Correia Pin,4204558,20198,SC,Correia Pinto
20199-SC-Otacílio Co,4211751,20199,SC,Otacílio Costa
20200-SC-Abdon Batis,4200051,20200,SC,Abdon Batista
20201-SC-Apiúna,4201257,20201,SC,Apiúna
20202-SC-Celso Ramos,4204152,20202,SC,Celso Ramos
20203-SC-Doutor Pedr,4205159,20203,SC,Doutor Pedrinho
20204-SC-Iporã do Oe,4207650,20204,SC,Iporã do Oeste
20205-SC-Iraceminha,4207759,20205,SC,Iraceminha
20206-SC-José Boiteu,4209151,20206,SC,José Boiteux
20207-SC-Lindóia do ,4209854,20207,SC,Lindóia do Sul
20208-SC-Marema,4210555,20208,SC,Marema
20209-SC-Santa Rosa ,4215653,20209,SC,Santa Rosa do Sul
20210-SC-Serra Alta,4217550,20210,SC,Serra Alta
20211-SC-Timbó Grand,4218251,20211,SC,Timbó Grande
20212-SC-União do Oe,4218855,20212,SC,União do Oeste
20213-SC-Urupema,4218954,20213,SC,Urupema
20214-SC-Vitor Meire,4219358,20214,SC,Vitor Meireles
20215-SC-Forquilhinh,4205456,20215,SC,Forquilhinha
20216-SC-Itapoá,4208450,20216,SC,Itapoá
20217-SC-Tunápolis,4218756,20217,SC,Tunápolis
20218-SC-Águas Frias,4200556,20218,SC,Águas Frias
20219-SC-Arabutã,4201273,20219,SC,Arabutã
20220-SC-Cerro Negro,4204178,20220,SC,Cerro Negro
20221-SC-Cocal do Su,4204251,20221,SC,Cocal do Sul
20222-SC-Formosa do ,4205431,20222,SC,Formosa do Sul
20223-SC-Guatambu,4206652,20223,SC,Guatambu
20224-SC-Ipuaçu,4207684,20224,SC,Ipuaçu
20225-SC-Irati,4207858,20225,SC,Irati
20226-SC-Lajeado Gra,4209458,20226,SC,Lajeado Grande
20227-SC-Mirim Doce,4210852,20227,SC,Mirim Doce
20228-SC-Monte Carlo,4211058,20228,SC,Monte Carlo
20229-SC-Nova Itaber,4211454,20229,SC,Nova Itaberaba
20230-SC-Novo Horizo,4211652,20230,SC,Novo Horizonte
20231-SC-Ouro Verde,4211850,20231,SC,Ouro Verde
20232-SC-Paraíso,4212239,20232,SC,Paraíso
20233-SC-Passo de To,4212254,20233,SC,Passo de Torres
20234-SC-Passos Maia,4212270,20234,SC,Passos Maia
20235-SC-Planalto Al,4213153,20235,SC,Planalto Alegre
20236-SC-Rio Rufino,4215059,20236,SC,Rio Rufino
20237-SC-Riqueza,4215075,20237,SC,Riqueza
20238-SC-Santa Helen,4215554,20238,SC,Santa Helena
20239-SC-Santa Terez,4215679,20239,SC,Santa Terezinha
20240-SC-São João do,4216255,20240,SC,São João do Oeste
20242-SC-Sul Brasil,4217758,20242,SC,Sul Brasil
20243-SC-Vargem,4219150,20243,SC,Vargem
20244-SC-Arvoredo,4201653,20244,SC,Arvoredo
20245-SC-Balneário B,4202057,20245,SC,Balneário Barra do Sul
20246-SC-Belmonte,4202156,20246,SC,Belmonte
20247-SC-Bombinhas,4202453,20247,SC,Bombinhas
20248-SC-Braço do Tr,4202859,20248,SC,Braço do Trombudo
20249-SC-Calmon,4203154,20249,SC,Calmon
20250-SC-Capivari de,4203956,20250,SC,Capivari de Baixo
20251-SC-Cordilheira,4204350,20251,SC,Cordilheira Alta
20252-SC-Coronel Mar,4204459,20252,SC,Coronel Martins
20253-SC-Jardinópoli,4208955,20253,SC,Jardinópolis
20254-SC-Macieira,4210050,20254,SC,Macieira
20255-SC-Morro Grand,4211256,20255,SC,Morro Grande
20256-SC-Ponte Alta ,4213351,20256,SC,Ponte Alta do Norte
20257-SC-Sangão,4215455,20257,SC,Sangão
20258-SC-São Cristóv,4216057,20258,SC,São Cristóvão do Sul
20259-SC-São João do,4216354,20259,SC,São João do Itaperiú
20260-SC-São Miguel ,4217154,20260,SC,São Miguel da Boa Vista
20261-SC-Vargem Boni,4219176,20261,SC,Vargem Bonita
20262-SC-Alto Bela V,4200754,20262,SC,Alto Bela Vista
20263-SC-Balneário A,4201950,20263,SC,Balneário Arroio do Silva
20264-SC-Balneário G,4202073,20264,SC,Balneário Gaivota
20265-SC-Bandeirante,4202081,20265,SC,Bandeirante
20266-SC-Barra Bonit,4202099,20266,SC,Barra Bonita
20267-SC-Bela Vista ,4202131,20267,SC,Bela Vista do Toldo
20268-SC-Bocaina do ,4202438,20268,SC,Bocaina do Sul
20269-SC-Bom Jesus,4202537,20269,SC,Bom Jesus
20270-SC-Bom Jesus d,4202578,20270,SC,Bom Jesus do Oeste
20271-SC-Brunópolis,4202875,20271,SC,Brunópolis
20272-SC-Capão Alto,4203253,20272,SC,Capão Alto
20273-SC-Chapadão do,4204194,20273,SC,Chapadão do Lageado
20274-SC-Cunhataí,4204756,20274,SC,Cunhataí
20275-SC-Entre Rios,4205175,20275,SC,Entre Rios
20276-SC-Ermo,4205191,20276,SC,Ermo
20277-SC-Flor do Ser,4205357,20277,SC,Flor do Sertão
20278-SC-Frei Rogéri,4205555,20278,SC,Frei Rogério
20279-SC-Ibiam,4206751,20279,SC,Ibiam
20280-SC-Iomerê,4207577,20280,SC,Iomerê
20281-SC-Jupiá,4209177,20281,SC,Jupiá
20282-SC-Luzerna,4210035,20282,SC,Luzerna
20283-SC-Paial,4211876,20283,SC,Paial
20284-SC-Painel,4211892,20284,SC,Painel
20285-SC-Palmeira,4212056,20285,SC,Palmeira
20286-SC-Princesa,4214151,20286,SC,Princesa
20287-SC-Saltinho,4215356,20287,SC,Saltinho
20288-SC-Santa Terez,4215687,20288,SC,Santa Terezinha do Progresso
20289-SC-Santiago do,4215695,20289,SC,Santiago do Sul
20290-SC-São Bernard,4215752,20290,SC,São Bernardino
20291-SC-São Pedro d,4217253,20291,SC,São Pedro de Alcântara
20292-SC-Tigrinhos,4217956,20292,SC,Tigrinhos
20293-SC-Treviso,4218350,20293,SC,Treviso
20294-SC-Zortéa,4219853,20294,SC,Zortéa
20901-SC-Pescaria Br,4212650,20901,SC,Pescaria Brava
20902-SC-Balneario R,4220000,20902,SC,Balneario Rincao
21001-SP-Adamantina,3500105,21001,SP,Adamantina
21002-SP-Adolfo,3500204,21002,SP,Adolfo
21003-SP-Aguaí,3500303,21003,SP,Aguaí
21004-SP-Águas da Pr,3500402,21004,SP,Águas da Prata
21005-SP-Águas de Li,3500501,21005,SP,Águas de Lindóia
21006-SP-Águas de Sã,3500600,21006,SP,Águas de São Pedro
21007-SP-Agudos,3500709,21007,SP,Agudos
21008-SP-Alfredo Mar,3500808,21008,SP,Alfredo Marcondes
21009-SP-Altair,3500907,21009,SP,Altair
21010-SP-Altinópolis,3501004,21010,SP,Altinópolis
21011-SP-Alto Alegre,3501103,21011,SP,Alto Alegre
21012-SP-Álvares Flo,3501202,21012,SP,Álvares Florence
21013-SP-Álvares Mac,3501301,21013,SP,Álvares Machado
21014-SP-Álvaro de C,3501400,21014,SP,Álvaro de Carvalho
21015-SP-Alvinlândia,3501509,21015,SP,Alvinlândia
21016-SP-Americana,3501608,21016,SP,Americana
21017-SP-Américo Bra,3501707,21017,SP,Américo Brasiliense
21018-SP-Américo de ,3501806,21018,SP,Américo de Campos
21019-SP-Amparo,3501905,21019,SP,Amparo
21020-SP-Analândia,3502002,21020,SP,Analândia
21021-SP-Andradina,3502101,21021,SP,Andradina
21022-SP-Angatuba,3502200,21022,SP,Angatuba
21023-SP-Anhembi,3502309,21023,SP,Anhembi
21024-SP-Anhumas,3502408,21024,SP,Anhumas
21025-SP-Aparecida,3502507,21025,SP,Aparecida
21026-SP-Aparecida d,3502606,21026,SP,Aparecida d Oeste
21027-SP-Apiaí,3502705,21027,SP,Apiaí
21028-SP-Araçatuba,3502804,21028,SP,Araçatuba
21029-SP-Araçoiaba d,3502903,21029,SP,Araçoiaba da Serra
21030-SP-Aramina,3503000,21030,SP,Aramina
21031-SP-Arandu,3503109,21031,SP,Arandu
21032-SP-Araraquara,3503208,21032,SP,Araraquara
21033-SP-Araras,3503307,21033,SP,Araras
21034-SP-Arealva,3503406,21034,SP,Arealva
21035-SP-Areias,3503505,21035,SP,Areias
21036-SP-Areiópolis,3503604,21036,SP,Areiópolis
21037-SP-Ariranha,3503703,21037,SP,Ariranha
21038-SP-Artur Nogue,3503802,21038,SP,Artur Nogueira
21039-SP-Arujá,3503901,21039,SP,Arujá
21040-SP-Assis,3504008,21040,SP,Assis
21041-SP-Atibaia,3504107,21041,SP,Atibaia
21042-SP-Auriflama,3504206,21042,SP,Auriflama
21043-SP-Avaí,3504305,21043,SP,Avaí
21044-SP-Avanhandava,3504404,21044,SP,Avanhandava
21045-SP-Avaré,3504503,21045,SP,Avaré
21046-SP-Bady Bassit,3504602,21046,SP,Bady Bassitt
21047-SP-Balbinos,3504701,21047,SP,Balbinos
21048-SP-Bálsamo,3504800,21048,SP,Bálsamo
21049-SP-Bananal,3504909,21049,SP,Bananal
21050-SP-Barbosa,3505104,21050,SP,Barbosa
21051-SP-Barão de An,3505005,21051,SP,Barão de Antonina
21052-SP-Bariri,3505203,21052,SP,Bariri
21053-SP-Barra Bonit,3505302,21053,SP,Barra Bonita
21054-SP-Barra do Tu,3505401,21054,SP,Barra do Turvo
21055-SP-Barretos,3505500,21055,SP,Barretos
21056-SP-Barrinha,3505609,21056,SP,Barrinha
21057-SP-Barueri,3505708,21057,SP,Barueri
21058-SP-Bastos,3505807,21058,SP,Bastos
21059-SP-Batatais,3505906,21059,SP,Batatais
21060-SP-Bauru,3506003,21060,SP,Bauru
21061-SP-Bebedouro,3506102,21061,SP,Bebedouro
21062-SP-Bento de Ab,3506201,21062,SP,Bento de Abreu
21063-SP-Bernardino ,3506300,21063,SP,Bernardino de Campos
21064-SP-Bilac,3506409,21064,SP,Bilac
21065-SP-Birigui,3506508,21065,SP,Birigui
21066-SP-Biritiba-Mi,3506607,21066,SP,Biritiba-Mirim
21067-SP-Boa Esperan,3506706,21067,SP,Boa Esperança do Sul
21068-SP-Bocaina,3506805,21068,SP,Bocaina
21069-SP-Bofete,3506904,21069,SP,Bofete
21070-SP-Boituva,3507001,21070,SP,Boituva
21071-SP-Bom Jesus d,3507100,21071,SP,Bom Jesus dos Perdões
21072-SP-Borá,3507209,21072,SP,Borá
21073-SP-Boracéia,3507308,21073,SP,Boracéia
21074-SP-Borborema,3507407,21074,SP,Borborema
21075-SP-Botucatu,3507506,21075,SP,Botucatu
21076-SP-Bragança Pa,3507605,21076,SP,Bragança Paulista
21078-SP-Braúna,3507704,21078,SP,Braúna
21079-SP-Brodósqui,3507803,21079,SP,Brodósqui
21080-SP-Brotas,3507902,21080,SP,Brotas
21081-SP-Buri,3508009,21081,SP,Buri
21082-SP-Buritama,3508108,21082,SP,Buritama
21083-SP-Buritizal,3508207,21083,SP,Buritizal
21084-SP-Cabrália Pa,3508306,21084,SP,Cabrália Paulista
21085-SP-Cabreúva,3508405,21085,SP,Cabreúva
21086-SP-Caçapava,3508504,21086,SP,Caçapava
21087-SP-Cachoeira P,3508603,21087,SP,Cachoeira Paulista
21088-SP-Caconde,3508702,21088,SP,Caconde
21089-SP-Cafelândia,3508801,21089,SP,Cafelândia
21090-SP-Caiabu,3508900,21090,SP,Caiabu
21091-SP-Caieiras,3509007,21091,SP,Caieiras
21092-SP-Caiuá,3509106,21092,SP,Caiuá
21093-SP-Cajamar,3509205,21093,SP,Cajamar
21094-SP-Cajobi,3509304,21094,SP,Cajobi
21095-SP-Cajuru,3509403,21095,SP,Cajuru
21096-SP-Campinas,3509502,21096,SP,Campinas
21097-SP-Campo Limpo,3509601,21097,SP,Campo Limpo Paulista
21098-SP-Campos do J,3509700,21098,SP,Campos do Jordão
21099-SP-Campos Novo,3509809,21099,SP,Campos Novos Paulista
21100-SP-Cananéia,3509908,21100,SP,Cananéia
21101-SP-Cândido Mot,3510005,21101,SP,Cândido Mota
21102-SP-Cândido Rod,3510104,21102,SP,Cândido Rodrigues
21103-SP-Capão Bonit,3510203,21103,SP,Capão Bonito
21104-SP-Capela do A,3510302,21104,SP,Capela do Alto
21105-SP-Capivari,3510401,21105,SP,Capivari
21106-SP-Caraguatatu,3510500,21106,SP,Caraguatatuba
21107-SP-Carapicuíba,3510609,21107,SP,Carapicuíba
21108-SP-Cardoso,3510708,21108,SP,Cardoso
21109-SP-Casa Branca,3510807,21109,SP,Casa Branca
21110-SP-Cássia dos ,3510906,21110,SP,Cássia dos Coqueiros
21111-SP-Castilho,3511003,21111,SP,Castilho
21112-SP-Catanduva,3511102,21112,SP,Catanduva
21113-SP-Catiguá,3511201,21113,SP,Catiguá
21114-SP-Cedral,3511300,21114,SP,Cedral
21115-SP-Cerqueira C,3511409,21115,SP,Cerqueira César
21116-SP-Cerquilho,3511508,21116,SP,Cerquilho
21117-SP-Cesário Lan,3511607,21117,SP,Cesário Lange
21118-SP-Charqueada,3511706,21118,SP,Charqueada
21119-SP-Chavantes,3557204,21119,SP,Chavantes
21120-SP-Clementina,3511904,21120,SP,Clementina
21121-SP-Colina,3512001,21121,SP,Colina
21122-SP-Colômbia,3512100,21122,SP,Colômbia
21123-SP-Conchal,3512209,21123,SP,Conchal
21124-SP-Conchas,3512308,21124,SP,Conchas
21125-SP-Cordeirópol,3512407,21125,SP,Cordeirópolis
21126-SP-Coroados,3512506,21126,SP,Coroados
21127-SP-Coronel Mac,3512605,21127,SP,Coronel Macedo
21128-SP-Corumbataí,3512704,21128,SP,Corumbataí
21129-SP-Cosmópolis,3512803,21129,SP,Cosmópolis
21130-SP-Cosmorama,3512902,21130,SP,Cosmorama
21131-SP-Cotia,3513009,21131,SP,Cotia
21132-SP-Cravinhos,3513108,21132,SP,Cravinhos
21133-SP-Cristais Pa,3513207,21133,SP,Cristais Paulista
21134-SP-Cruzália,3513306,21134,SP,Cruzália
21135-SP-Cruzeiro,3513405,21135,SP,Cruzeiro
21136-SP-Cubatão,3513504,21136,SP,Cubatão
21137-SP-Cunha,3513603,21137,SP,Cunha
21138-SP-Descalvado,3513702,21138,SP,Descalvado
21139-SP-Diadema,3513801,21139,SP,Diadema
21140-SP-Divinolândi,3513900,21140,SP,Divinolândia
21141-SP-Dobrada,3514007,21141,SP,Dobrada
21142-SP-Dois Córreg,3514106,21142,SP,Dois Córregos
21143-SP-Dolcinópoli,3514205,21143,SP,Dolcinópolis
21144-SP-Dourado,3514304,21144,SP,Dourado
21145-SP-Dracena,3514403,21145,SP,Dracena
21146-SP-Duartina,3514502,21146,SP,Duartina
21147-SP-Dumont,3514601,21147,SP,Dumont
21148-SP-Echaporã,3514700,21148,SP,Echaporã
21149-SP-Eldorado,3514809,21149,SP,Eldorado
21150-SP-Elias Faust,3514908,21150,SP,Elias Fausto
21151-SP-Embu,3515004,21151,SP,Embu
21152-SP-Embu-Guaçu,3515103,21152,SP,Embu-Guaçu
21153-SP-Estrela d O,3515202,21153,SP,Estrela d Oeste
21154-SP-Estrela do ,3515301,21154,SP,Estrela do Norte
21155-SP-Fartura,3515400,21155,SP,Fartura
21156-SP-Fernandópol,3515509,21156,SP,Fernandópolis
21157-SP-Fernando Pr,3515608,21157,SP,Fernando Prestes
21158-SP-Ferraz de V,3515707,21158,SP,Ferraz de Vasconcelos
21159-SP-Flora Rica,3515806,21159,SP,Flora Rica
21160-SP-Floreal,3515905,21160,SP,Floreal
21161-SP-Flórida Pau,3516002,21161,SP,Flórida Paulista
21162-SP-Florínia,3516101,21162,SP,Florínia
21163-SP-Franca,3516200,21163,SP,Franca
21164-SP-Francisco M,3516309,21164,SP,Francisco Morato
21165-SP-Franco da R,3516408,21165,SP,Franco da Rocha
21166-SP-Gabriel Mon,3516507,21166,SP,Gabriel Monteiro
21167-SP-Gália,3516606,21167,SP,Gália
21168-SP-Garça,3516705,21168,SP,Garça
21169-SP-Gastão Vidi,3516804,21169,SP,Gastão Vidigal
21170-SP-General Sal,3516903,21170,SP,General Salgado
21171-SP-Getulina,3517000,21171,SP,Getulina
21172-SP-Glicério,3517109,21172,SP,Glicério
21173-SP-Guaiçara,3517208,21173,SP,Guaiçara
21174-SP-Guaimbê,3517307,21174,SP,Guaimbê
21175-SP-Guaíra,3517406,21175,SP,Guaíra
21176-SP-Guapiaçu,3517505,21176,SP,Guapiaçu
21177-SP-Guapiara,3517604,21177,SP,Guapiara
21178-SP-Guará,3517703,21178,SP,Guará
21179-SP-Guaraçaí,3517802,21179,SP,Guaraçaí
21180-SP-Guaraci,3517901,21180,SP,Guaraci
21181-SP-Guarani d O,3518008,21181,SP,Guarani d Oeste
21182-SP-Guarantã,3518107,21182,SP,Guarantã
21183-SP-Guararapes,3518206,21183,SP,Guararapes
21184-SP-Guararema,3518305,21184,SP,Guararema
21185-SP-Guaratingue,3518404,21185,SP,Guaratinguetá
21186-SP-Guareí,3518503,21186,SP,Guareí
21187-SP-Guariba,3518602,21187,SP,Guariba
21188-SP-Guarujá,3518701,21188,SP,Guarujá
21189-SP-Guarulhos,3518800,21189,SP,Guarulhos
21190-SP-Guzolândia,3518909,21190,SP,Guzolândia
21191-SP-Herculândia,3519006,21191,SP,Herculândia
21192-SP-Iacanga,3519105,21192,SP,Iacanga
21193-SP-Iacri,3519204,21193,SP,Iacri
21194-SP-Ibaté,3519303,21194,SP,Ibaté
21195-SP-Ibirá,3519402,21195,SP,Ibirá
21196-SP-Ibirarema,3519501,21196,SP,Ibirarema
21197-SP-Ibitinga,3519600,21197,SP,Ibitinga
21198-SP-Ibiúna,3519709,21198,SP,Ibiúna
21199-SP-Icém,3519808,21199,SP,Icém
21200-SP-Iepê,3519907,21200,SP,Iepê
21201-SP-Igaraçu do ,3520004,21201,SP,Igaraçu do Tietê
21202-SP-Igarapava,3520103,21202,SP,Igarapava
21203-SP-Igaratá,3520202,21203,SP,Igaratá
21204-SP-Iguape,3520301,21204,SP,Iguape
21205-SP-Ilhabela,3520400,21205,SP,Ilhabela
21206-SP-Indaiatuba,3520509,21206,SP,Indaiatuba
21207-SP-Indiana,3520608,21207,SP,Indiana
21208-SP-Indiaporã,3520707,21208,SP,Indiaporã
21209-SP-Inúbia Paul,3520806,21209,SP,Inúbia Paulista
21210-SP-Ipauçu,3520905,21210,SP,Ipauçu
21211-SP-Iperó,3521002,21211,SP,Iperó
21212-SP-Ipeúna,3521101,21212,SP,Ipeúna
21213-SP-Iporanga,3521200,21213,SP,Iporanga
21214-SP-Ipuã,3521309,21214,SP,Ipuã
21215-SP-Iracemápoli,3521408,21215,SP,Iracemápolis
21216-SP-Irapuã,3521507,21216,SP,Irapuã
21217-SP-Irapuru,3521606,21217,SP,Irapuru
21218-SP-Itaberá,3521705,21218,SP,Itaberá
21219-SP-Itaí,3521804,21219,SP,Itaí
21220-SP-Itajobi,3521903,21220,SP,Itajobi
21221-SP-Itaju,3522000,21221,SP,Itaju
21222-SP-Itanhaém,3522109,21222,SP,Itanhaém
21223-SP-Itapecerica,3522208,21223,SP,Itapecerica da Serra
21224-SP-Itapetining,3522307,21224,SP,Itapetininga
21225-SP-Itapeva,3522406,21225,SP,Itapeva
21226-SP-Itapevi,3522505,21226,SP,Itapevi
21227-SP-Itapira,3522604,21227,SP,Itapira
21228-SP-Itápolis,3522703,21228,SP,Itápolis
21229-SP-Itaporanga,3522802,21229,SP,Itaporanga
21230-SP-Itapuí,3522901,21230,SP,Itapuí
21231-SP-Itapura,3523008,21231,SP,Itapura
21232-SP-Itaquaquece,3523107,21232,SP,Itaquaquecetuba
21233-SP-Itararé,3523206,21233,SP,Itararé
21234-SP-Itariri,3523305,21234,SP,Itariri
21235-SP-Itatiba,3523404,21235,SP,Itatiba
21236-SP-Itatinga,3523503,21236,SP,Itatinga
21237-SP-Itirapina,3523602,21237,SP,Itirapina
21238-SP-Itirapuã,3523701,21238,SP,Itirapuã
21239-SP-Itobi,3523800,21239,SP,Itobi
21240-SP-Itu,3523909,21240,SP,Itu
21241-SP-Itupeva,3524006,21241,SP,Itupeva
21242-SP-Ituverava,3524105,21242,SP,Ituverava
21243-SP-Jaborandi,3524204,21243,SP,Jaborandi
21244-SP-Jaboticabal,3524303,21244,SP,Jaboticabal
21245-SP-Jacareí,3524402,21245,SP,Jacareí
21246-SP-Jaci,3524501,21246,SP,Jaci
21247-SP-Jacupiranga,3524600,21247,SP,Jacupiranga
21248-SP-Jaguariúna,3524709,21248,SP,Jaguariúna
21249-SP-Jales,3524808,21249,SP,Jales
21250-SP-Jambeiro,3524907,21250,SP,Jambeiro
21251-SP-Jandira,3525003,21251,SP,Jandira
21252-SP-Jardinópoli,3525102,21252,SP,Jardinópolis
21253-SP-Jarinu,3525201,21253,SP,Jarinu
21254-SP-Jaú,3525300,21254,SP,Jaú
21255-SP-Jeriquara,3525409,21255,SP,Jeriquara
21256-SP-Joanópolis,3525508,21256,SP,Joanópolis
21257-SP-João Ramalh,3525607,21257,SP,João Ramalho
21258-SP-José Bonifá,3525706,21258,SP,José Bonifácio
21259-SP-Júlio Mesqu,3525805,21259,SP,Júlio Mesquita
21260-SP-Jundiaí,3525904,21260,SP,Jundiaí
21261-SP-Junqueirópo,3526001,21261,SP,Junqueirópolis
21262-SP-Juquiá,3526100,21262,SP,Juquiá
21263-SP-Juquitiba,3526209,21263,SP,Juquitiba
21264-SP-Lagoinha,3526308,21264,SP,Lagoinha
21265-SP-Laranjal Pa,3526407,21265,SP,Laranjal Paulista
21266-SP-Lavínia,3526506,21266,SP,Lavínia
21267-SP-Lavrinhas,3526605,21267,SP,Lavrinhas
21268-SP-Leme,3526704,21268,SP,Leme
21269-SP-Lençóis Pau,3526803,21269,SP,Lençóis Paulista
21270-SP-Limeira,3526902,21270,SP,Limeira
21271-SP-Lindóia,3527009,21271,SP,Lindóia
21272-SP-Lins,3527108,21272,SP,Lins
21273-SP-Lorena,3527207,21273,SP,Lorena
21274-SP-Louveira,3527306,21274,SP,Louveira
21275-SP-Lucélia,3527405,21275,SP,Lucélia
21276-SP-Lucianópoli,3527504,21276,SP,Lucianópolis
21277-SP-Luís Antôni,3527603,21277,SP,Luís Antônio
21278-SP-Luiziânia,3527702,21278,SP,Luiziânia
21279-SP-Lupércio,3527801,21279,SP,Lupércio
21280-SP-Lutécia,3527900,21280,SP,Lutécia
21281-SP-Macatuba,3528007,21281,SP,Macatuba
21282-SP-Macaubal,3528106,21282,SP,Macaubal
21283-SP-Macedônia,3528205,21283,SP,Macedônia
21284-SP-Magda,3528304,21284,SP,Magda
21285-SP-Mairinque,3528403,21285,SP,Mairinque
21286-SP-Mairiporã,3528502,21286,SP,Mairiporã
21287-SP-Manduri,3528601,21287,SP,Manduri
21288-SP-Marabá Paul,3528700,21288,SP,Marabá Paulista
21289-SP-Maracaí,3528809,21289,SP,Maracaí
21290-SP-Mariápolis,3528908,21290,SP,Mariápolis
21291-SP-Marília,3529005,21291,SP,Marília
21292-SP-Marinópolis,3529104,21292,SP,Marinópolis
21293-SP-Martinópoli,3529203,21293,SP,Martinópolis
21294-SP-Matão,3529302,21294,SP,Matão
21295-SP-Mauá,3529401,21295,SP,Mauá
21296-SP-Mendonça,3529500,21296,SP,Mendonça
21297-SP-Meridiano,3529609,21297,SP,Meridiano
21298-SP-Miguelópoli,3529708,21298,SP,Miguelópolis
21299-SP-Mineiros do,3529807,21299,SP,Mineiros do Tietê
21300-SP-Miracatu,3529906,21300,SP,Miracatu
21301-SP-Mira Estrel,3530003,21301,SP,Mira Estrela
21302-SP-Mirandópoli,3530102,21302,SP,Mirandópolis
21303-SP-Mirante do ,3530201,21303,SP,Mirante do Paranapanema
21304-SP-Mirassol,3530300,21304,SP,Mirassol
21305-SP-Mirassolând,3530409,21305,SP,Mirassolândia
21306-SP-Mococa,3530508,21306,SP,Mococa
21307-SP-Moji das Cr,3530607,21307,SP,Moji das Cruzes
21308-SP-Moji-Guaçu,3530706,21308,SP,Moji-Guaçu
21309-SP-Moji-Mirim,3530805,21309,SP,Moji-Mirim
21310-SP-Mombuca,3530904,21310,SP,Mombuca
21311-SP-Monções,3531001,21311,SP,Monções
21312-SP-Mongaguá,3531100,21312,SP,Mongaguá
21313-SP-Monte Alegr,3531209,21313,SP,Monte Alegre do Sul
21314-SP-Monte Alto,3531308,21314,SP,Monte Alto
21315-SP-Monte Apraz,3531407,21315,SP,Monte Aprazível
21316-SP-Monte Azul ,3531506,21316,SP,Monte Azul Paulista
21317-SP-Monte Caste,3531605,21317,SP,Monte Castelo
21318-SP-Monteiro Lo,3531704,21318,SP,Monteiro Lobato
21319-SP-Monte Mor,3531803,21319,SP,Monte Mor
21320-SP-Morro Agudo,3531902,21320,SP,Morro Agudo
21321-SP-Morungaba,3532009,21321,SP,Morungaba
21322-SP-Murutinga d,3532108,21322,SP,Murutinga do Sul
21323-SP-Narandiba,3532207,21323,SP,Narandiba
21324-SP-Natividade ,3532306,21324,SP,Natividade da Serra
21325-SP-Nazaré Paul,3532405,21325,SP,Nazaré Paulista
21326-SP-Neves Pauli,3532504,21326,SP,Neves Paulista
21327-SP-Nhandeara,3532603,21327,SP,Nhandeara
21328-SP-Nipoã,3532702,21328,SP,Nipoã
21329-SP-Nova Alianç,3532801,21329,SP,Nova Aliança
21330-SP-Nova Europa,3532900,21330,SP,Nova Europa
21331-SP-Nova Granad,3533007,21331,SP,Nova Granada
21332-SP-Nova Guatap,3533106,21332,SP,Nova Guataporanga
21333-SP-Nova Indepe,3533205,21333,SP,Nova Independência
21334-SP-Nova Luzitâ,3533304,21334,SP,Nova Luzitânia
21335-SP-Nova Odessa,3533403,21335,SP,Nova Odessa
21336-SP-Novo Horizo,3533502,21336,SP,Novo Horizonte
21337-SP-Nuporanga,3533601,21337,SP,Nuporanga
21338-SP-Ocauçu,3533700,21338,SP,Ocauçu
21339-SP-Óleo,3533809,21339,SP,Óleo
21340-SP-Olímpia,3533908,21340,SP,Olímpia
21341-SP-Onda Verde,3534005,21341,SP,Onda Verde
21342-SP-Oriente,3534104,21342,SP,Oriente
21343-SP-Orindiúva,3534203,21343,SP,Orindiúva
21344-SP-Orlândia,3534302,21344,SP,Orlândia
21345-SP-Osasco,3534401,21345,SP,Osasco
21346-SP-Oscar Bress,3534500,21346,SP,Oscar Bressane
21347-SP-Osvaldo Cru,3534609,21347,SP,Osvaldo Cruz
21348-SP-Ourinhos,3534708,21348,SP,Ourinhos
21349-SP-Ouro Verde,3534807,21349,SP,Ouro Verde
21350-SP-Pacaembu,3534906,21350,SP,Pacaembu
21351-SP-Palestina,3535002,21351,SP,Palestina
21352-SP-Palmares Pa,3535101,21352,SP,Palmares Paulista
21353-SP-Palmeira d ,3535200,21353,SP,Palmeira d Oeste
21354-SP-Palmital,3535309,21354,SP,Palmital
21355-SP-Panorama,3535408,21355,SP,Panorama
21356-SP-Paraguaçu P,3535507,21356,SP,Paraguaçu Paulista
21357-SP-Paraibuna,3535606,21357,SP,Paraibuna
21358-SP-Paraíso,3535705,21358,SP,Paraíso
21359-SP-Paranapanem,3535804,21359,SP,Paranapanema
21360-SP-Paranapuã,3535903,21360,SP,Paranapuã
21361-SP-Parapuã,3536000,21361,SP,Parapuã
21362-SP-Pardinho,3536109,21362,SP,Pardinho
21363-SP-Pariquera-A,3536208,21363,SP,Pariquera-Açu
21364-SP-Patrocínio ,3536307,21364,SP,Patrocínio Paulista
21365-SP-Paulicéia,3536406,21365,SP,Paulicéia
21366-SP-Paulínia,3536505,21366,SP,Paulínia
21367-SP-Paulo de Fa,3536604,21367,SP,Paulo de Faria
21368-SP-Pederneiras,3536703,21368,SP,Pederneiras
21369-SP-Pedra Bela,3536802,21369,SP,Pedra Bela
21370-SP-Pedranópoli,3536901,21370,SP,Pedranópolis
21371-SP-Pedregulho,3537008,21371,SP,Pedregulho
21372-SP-Pedreira,3537107,21372,SP,Pedreira
21373-SP-Pedro de To,3537206,21373,SP,Pedro de Toledo
21374-SP-Penápolis,3537305,21374,SP,Penápolis
21375-SP-Pereira Bar,3537404,21375,SP,Pereira Barreto
21376-SP-Pereiras,3537503,21376,SP,Pereiras
21377-SP-Peruíbe,3537602,21377,SP,Peruíbe
21378-SP-Piacatu,3537701,21378,SP,Piacatu
21379-SP-Piedade,3537800,21379,SP,Piedade
21380-SP-Pilar do Su,3537909,21380,SP,Pilar do Sul
21381-SP-Pindamonhan,3538006,21381,SP,Pindamonhangaba
21382-SP-Pindorama,3538105,21382,SP,Pindorama
21383-SP-Espírito Sa,3515186,21383,SP,Espírito Santo do Pinhal
21384-SP-Pinhalzinho,3538204,21384,SP,Pinhalzinho
21385-SP-Piquerobi,3538303,21385,SP,Piquerobi
21386-SP-Piquete,3538501,21386,SP,Piquete
21387-SP-Piracaia,3538600,21387,SP,Piracaia
21388-SP-Piracicaba,3538709,21388,SP,Piracicaba
21389-SP-Piraju,3538808,21389,SP,Piraju
21390-SP-Pirajuí,3538907,21390,SP,Pirajuí
21391-SP-Pirangi,3539004,21391,SP,Pirangi
21392-SP-Pirapora do,3539103,21392,SP,Pirapora do Bom Jesus
21393-SP-Pirapozinho,3539202,21393,SP,Pirapozinho
21394-SP-Pirassunung,3539301,21394,SP,Pirassununga
21395-SP-Piratininga,3539400,21395,SP,Piratininga
21396-SP-Pitangueira,3539509,21396,SP,Pitangueiras
21397-SP-Planalto,3539608,21397,SP,Planalto
21398-SP-Platina,3539707,21398,SP,Platina
21399-SP-Poá,3539806,21399,SP,Poá
21400-SP-Poloni,3539905,21400,SP,Poloni
21401-SP-Pompéia,3540002,21401,SP,Pompéia
21402-SP-Pongaí,3540101,21402,SP,Pongaí
21403-SP-Pontal,3540200,21403,SP,Pontal
21404-SP-Pontes Gest,3540309,21404,SP,Pontes Gestal
21405-SP-Populina,3540408,21405,SP,Populina
21406-SP-Porangaba,3540507,21406,SP,Porangaba
21407-SP-Porto Feliz,3540606,21407,SP,Porto Feliz
21408-SP-Porto Ferre,3540705,21408,SP,Porto Ferreira
21409-SP-Potirendaba,3540804,21409,SP,Potirendaba
21410-SP-Pradópolis,3540903,21410,SP,Pradópolis
21411-SP-Praia Grand,3541000,21411,SP,Praia Grande
21412-SP-Presidente ,3541109,21412,SP,Presidente Alves
21413-SP-Presidente ,3541208,21413,SP,Presidente Bernardes
21414-SP-Presidente ,3541307,21414,SP,Presidente Epitácio
21415-SP-Presidente ,3541406,21415,SP,Presidente Prudente
21416-SP-Presidente ,3541505,21416,SP,Presidente Venceslau
21417-SP-Promissão,3541604,21417,SP,Promissão
21418-SP-Quatá,3541703,21418,SP,Quatá
21419-SP-Queiroz,3541802,21419,SP,Queiroz
21420-SP-Queluz,3541901,21420,SP,Queluz
21421-SP-Quintana,3542008,21421,SP,Quintana
21422-SP-Rafard,3542107,21422,SP,Rafard
21423-SP-Rancharia,3542206,21423,SP,Rancharia
21424-SP-Redenção da,3542305,21424,SP,Redenção da Serra
21425-SP-Regente Fei,3542404,21425,SP,Regente Feijó
21426-SP-Reginópolis,3542503,21426,SP,Reginópolis
21427-SP-Registro,3542602,21427,SP,Registro
21428-SP-Restinga,3542701,21428,SP,Restinga
21429-SP-Ribeira,3542800,21429,SP,Ribeira
21430-SP-Ribeirão Bo,3542909,21430,SP,Ribeirão Bonito
21431-SP-Ribeirão Br,3543006,21431,SP,Ribeirão Branco
21432-SP-Ribeirão Co,3543105,21432,SP,Ribeirão Corrente
21433-SP-Ribeirão do,3543204,21433,SP,Ribeirão do Sul
21434-SP-Ribeirão Pi,3543303,21434,SP,Ribeirão Pires
21435-SP-Ribeirão Pr,3543402,21435,SP,Ribeirão Preto
21436-SP-Riversul,3543501,21436,SP,Riversul
21437-SP-Rifaina,3543600,21437,SP,Rifaina
21438-SP-Rincão,3543709,21438,SP,Rincão
21439-SP-Rinópolis,3543808,21439,SP,Rinópolis
21440-SP-Rio Claro,3543907,21440,SP,Rio Claro
21441-SP-Rio das Ped,3544004,21441,SP,Rio das Pedras
21442-SP-Rio Grande ,3544103,21442,SP,Rio Grande da Serra
21443-SP-Riolândia,3544202,21443,SP,Riolândia
21444-SP-Roseira,3544301,21444,SP,Roseira
21445-SP-Rubiácea,3544400,21445,SP,Rubiácea
21446-SP-Rubinéia,3544509,21446,SP,Rubinéia
21447-SP-Sabino,3544608,21447,SP,Sabino
21448-SP-Sagres,3544707,21448,SP,Sagres
21449-SP-Sales,3544806,21449,SP,Sales
21450-SP-Sales Olive,3544905,21450,SP,Sales Oliveira
21451-SP-Salesópolis,3545001,21451,SP,Salesópolis
21452-SP-Salmourão,3545100,21452,SP,Salmourão
21453-SP-Salto,3545209,21453,SP,Salto
21454-SP-Salto de Pi,3545308,21454,SP,Salto de Pirapora
21455-SP-Salto Grand,3545407,21455,SP,Salto Grande
21456-SP-Sandovalina,3545506,21456,SP,Sandovalina
21457-SP-Santa Adéli,3545605,21457,SP,Santa Adélia
21458-SP-Santa Alber,3545704,21458,SP,Santa Albertina
21459-SP-Santa Bárba,3545803,21459,SP,Santa Bárbara d Oeste
21460-SP-Águas de Sa,3500550,21460,SP,Águas de Santa Bárbara
21461-SP-Santa Branc,3546009,21461,SP,Santa Branca
21462-SP-Santa Clara,3546108,21462,SP,Santa Clara d Oeste
21463-SP-Santa Cruz ,3546207,21463,SP,Santa Cruz da Conceição
21464-SP-Santa Cruz ,3546306,21464,SP,Santa Cruz das Palmeiras
21465-SP-Santa Cruz ,3546405,21465,SP,Santa Cruz do Rio Pardo
21466-SP-Santa Ernes,3546504,21466,SP,Santa Ernestina
21467-SP-Santa Fé do,3546603,21467,SP,Santa Fé do Sul
21468-SP-Santa Gertr,3546702,21468,SP,Santa Gertrudes
21469-SP-Santa Isabe,3546801,21469,SP,Santa Isabel
21470-SP-Santa Lúcia,3546900,21470,SP,Santa Lúcia
21471-SP-Santa Maria,3547007,21471,SP,Santa Maria da Serra
21472-SP-Santa Merce,3547106,21472,SP,Santa Mercedes
21473-SP-Santana da ,3547205,21473,SP,Santana da Ponte Pensa
21474-SP-Santana de ,3547304,21474,SP,Santana de Parnaíba
21475-SP-Santa Rita ,3547403,21475,SP,Santa Rita d Oeste
21476-SP-Santa Rita ,3547502,21476,SP,Santa Rita do Passa Quatro
21477-SP-Santa Rosa ,3547601,21477,SP,Santa Rosa de Viterbo
21478-SP-Santo Anast,3547700,21478,SP,Santo Anastácio
21479-SP-Santo André,3547809,21479,SP,Santo André
21480-SP-Santo Antôn,3547908,21480,SP,Santo Antônio da Alegria
21481-SP-Santo Antôn,3548005,21481,SP,Santo Antônio de Posse
21482-SP-Santo Antôn,3548104,21482,SP,Santo Antônio do Jardim
21483-SP-Santo Antôn,3548203,21483,SP,Santo Antônio do Pinhal
21484-SP-Santo Exped,3548302,21484,SP,Santo Expedito
21485-SP-Santópolis ,3548401,21485,SP,Santópolis do Aguapeí
21486-SP-Santos,3548500,21486,SP,Santos
21487-SP-São Bento d,3548609,21487,SP,São Bento do Sapucaí
21488-SP-São Bernard,3548708,21488,SP,São Bernardo do Campo
21489-SP-São Caetano,3548807,21489,SP,São Caetano do Sul
21490-SP-São Carlos,3548906,21490,SP,São Carlos
21491-SP-São Francis,3549003,21491,SP,São Francisco
21492-SP-São João da,3549102,21492,SP,São João da Boa Vista
21493-SP-São João da,3549201,21493,SP,São João das Duas Pontes
21494-SP-São João do,3549300,21494,SP,São João do Pau d Alho
21495-SP-São Joaquim,3549409,21495,SP,São Joaquim da Barra
21496-SP-São José da,3549508,21496,SP,São José da Bela Vista
21497-SP-São José do,3549607,21497,SP,São José do Barreiro
21498-SP-São José do,3549706,21498,SP,São José do Rio Pardo
21499-SP-São José do,3549805,21499,SP,São José do Rio Preto
21500-SP-São José do,3549904,21500,SP,São José dos Campos
21501-SP-São Luís do,3550001,21501,SP,São Luís do Paraitinga
21502-SP-São Manuel,3550100,21502,SP,São Manuel
21503-SP-São Miguel ,3550209,21503,SP,São Miguel Arcanjo
21504-SP-São Paulo,3550308,21504,SP,São Paulo
21505-SP-São Pedro,3550407,21505,SP,São Pedro
21506-SP-São Pedro d,3550506,21506,SP,São Pedro do Turvo
21507-SP-São Roque,3550605,21507,SP,São Roque
21508-SP-São Sebasti,3550704,21508,SP,São Sebastião
21509-SP-São Sebasti,3550803,21509,SP,São Sebastião da Grama
21510-SP-São Simão,3550902,21510,SP,São Simão
21511-SP-São Vicente,3551009,21511,SP,São Vicente
21512-SP-Sarapuí,3551108,21512,SP,Sarapuí
21513-SP-Sarutaiá,3551207,21513,SP,Sarutaiá
21514-SP-Sebastianóp,3551306,21514,SP,Sebastianópolis do Sul
21515-SP-Serra Azul,3551405,21515,SP,Serra Azul
21516-SP-Serrana,3551504,21516,SP,Serrana
21517-SP-Serra Negra,3551603,21517,SP,Serra Negra
21518-SP-Sertãozinho,3551702,21518,SP,Sertãozinho
21519-SP-Sete Barras,3551801,21519,SP,Sete Barras
21520-SP-Severínia,3551900,21520,SP,Severínia
21521-SP-Silveiras,3552007,21521,SP,Silveiras
21522-SP-Socorro,3552106,21522,SP,Socorro
21523-SP-Sorocaba,3552205,21523,SP,Sorocaba
21524-SP-Sud Mennucc,3552304,21524,SP,Sud Mennucci
21525-SP-Sumaré,3552403,21525,SP,Sumaré
21526-SP-Suzano,3552502,21526,SP,Suzano
21527-SP-Tabapuã,3552601,21527,SP,Tabapuã
21528-SP-Tabatinga,3552700,21528,SP,Tabatinga
21529-SP-Taboão da S,3552809,21529,SP,Taboão da Serra
21530-SP-Taciba,3552908,21530,SP,Taciba
21531-SP-Taguaí,3553005,21531,SP,Taguaí
21532-SP-Taiaçu,3553104,21532,SP,Taiaçu
21533-SP-Taiúva,3553203,21533,SP,Taiúva
21534-SP-Tambaú,3553302,21534,SP,Tambaú
21535-SP-Tanabi,3553401,21535,SP,Tanabi
21536-SP-Tapiraí,3553500,21536,SP,Tapiraí
21537-SP-Tapiratiba,3553609,21537,SP,Tapiratiba
21538-SP-Taquariting,3553708,21538,SP,Taquaritinga
21539-SP-Taquarituba,3553807,21539,SP,Taquarituba
21540-SP-Tarabaí,3553906,21540,SP,Tarabaí
21541-SP-Tatuí,3554003,21541,SP,Tatuí
21542-SP-Taubaté,3554102,21542,SP,Taubaté
21543-SP-Tejupá,3554201,21543,SP,Tejupá
21544-SP-Teodoro Sam,3554300,21544,SP,Teodoro Sampaio
21545-SP-Terra Roxa,3554409,21545,SP,Terra Roxa
21546-SP-Tietê,3554508,21546,SP,Tietê
21547-SP-Timburi,3554607,21547,SP,Timburi
21548-SP-Torrinha,3554706,21548,SP,Torrinha
21549-SP-Tremembé,3554805,21549,SP,Tremembé
21550-SP-Três Fronte,3554904,21550,SP,Três Fronteiras
21551-SP-Tupã,3555000,21551,SP,Tupã
21552-SP-Tupi Paulis,3555109,21552,SP,Tupi Paulista
21553-SP-Turiúba,3555208,21553,SP,Turiúba
21554-SP-Turmalina,3555307,21554,SP,Turmalina
21555-SP-Ubatuba,3555406,21555,SP,Ubatuba
21556-SP-Ubirajara,3555505,21556,SP,Ubirajara
21557-SP-Uchoa,3555604,21557,SP,Uchoa
21558-SP-União Pauli,3555703,21558,SP,União Paulista
21559-SP-Urânia,3555802,21559,SP,Urânia
21560-SP-Uru,3555901,21560,SP,Uru
21561-SP-Urupês,3556008,21561,SP,Urupês
21562-SP-Valentim Ge,3556107,21562,SP,Valentim Gentil
21563-SP-Valinhos,3556206,21563,SP,Valinhos
21564-SP-Valparaíso,3556305,21564,SP,Valparaíso
21565-SP-Vargem,3556354,21565,SP,Vargem
21566-SP-Vargem Gran,3556404,21566,SP,Vargem Grande do Sul
21567-SP-Várzea Paul,3556503,21567,SP,Várzea Paulista
21568-SP-Vera Cruz,3556602,21568,SP,Vera Cruz
21569-SP-Vinhedo,3556701,21569,SP,Vinhedo
21570-SP-Viradouro,3556800,21570,SP,Viradouro
21571-SP-Vista Alegr,3556909,21571,SP,Vista Alegre do Alto
21572-SP-Votorantim,3557006,21572,SP,Votorantim
21573-SP-Votuporanga,3557105,21573,SP,Votuporanga
21574-SP-Vargem Gran,3556453,21574,SP,Vargem Grande Paulista
21575-SP-Borebi,3507456,21575,SP,Borebi
21576-SP-Dirce Reis,3513850,21576,SP,Dirce Reis
21577-SP-Espírito Sa,3515194,21577,SP,Espírito Santo do Turvo
21578-SP-Embaúba,3514957,21578,SP,Embaúba
21579-SP-Euclides da,3515350,21579,SP,Euclides da Cunha Paulista
21580-SP-Guatapará,3518859,21580,SP,Guatapará
21581-SP-Iaras,3519253,21581,SP,Iaras
21583-SP-Motuca,3532058,21583,SP,Motuca
21584-SP-Rosana,3544251,21584,SP,Rosana
21585-SP-Tarumã,3553955,21585,SP,Tarumã
21586-SP-Alambari,3500758,21586,SP,Alambari
21587-SP-Alumínio,3501152,21587,SP,Alumínio
21588-SP-Arapeí,3503158,21588,SP,Arapeí
21589-SP-Araçariguam,3502754,21589,SP,Araçariguama
21590-SP-Aspásia,3503950,21590,SP,Aspásia
21591-SP-Barra do Ch,3505351,21591,SP,Barra do Chapéu
21592-SP-Bertioga,3506359,21592,SP,Bertioga
21593-SP-Bom Sucesso,3507159,21593,SP,Bom Sucesso de Itararé
21594-SP-Cajati,3509254,21594,SP,Cajati
21595-SP-Campina do ,3509452,21595,SP,Campina do Monte Alegre
21596-SP-Canitar,3510153,21596,SP,Canitar
21597-SP-Elisiário,3514924,21597,SP,Elisiário
21598-SP-Emilianópol,3515129,21598,SP,Emilianópolis
21599-SP-Engenheiro ,3515152,21599,SP,Engenheiro Coelho
21600-SP-Estiva Gerb,3557303,21600,SP,Estiva Gerbi
21601-SP-Holambra,3519055,21601,SP,Holambra
21602-SP-Hortolândia,3519071,21602,SP,Hortolândia
21603-SP-Ilha Soltei,3520442,21603,SP,Ilha Solteira
21604-SP-Itaóca,3522158,21604,SP,Itaóca
21605-SP-Marapoama,3528858,21605,SP,Marapoama
21606-SP-Nova Canaã ,3532843,21606,SP,Nova Canaã Paulista
21607-SP-Novais,3533254,21607,SP,Novais
21608-SP-Parisi,3536257,21608,SP,Parisi
21609-SP-Pedrinhas P,3537156,21609,SP,Pedrinhas Paulista
21610-SP-Pontalinda,3540259,21610,SP,Pontalinda
21611-SP-Potim,3540754,21611,SP,Potim
21612-SP-Ribeirão Gr,3543253,21612,SP,Ribeirão Grande
21613-SP-Saltinho,3545159,21613,SP,Saltinho
21614-SP-Santo Antôn,3548054,21614,SP,Santo Antônio do Aracanguá
21615-SP-São João de,3549250,21615,SP,São João de Iracema
21616-SP-Suzanápolis,3552551,21616,SP,Suzanápolis
21617-SP-Taquarivaí,3553856,21617,SP,Taquarivaí
21618-SP-Tuiuti,3554953,21618,SP,Tuiuti
21619-SP-Ubarana,3555356,21619,SP,Ubarana
21620-SP-Ilha Compri,3520426,21620,SP,Ilha Comprida
21621-SP-Itapirapuã ,3522653,21621,SP,Itapirapuã Paulista
21622-SP-Lourdes,3527256,21622,SP,Lourdes
21623-SP-Mesópolis,3529658,21623,SP,Mesópolis
21624-SP-Nova Campin,3532827,21624,SP,Nova Campina
21625-SP-São Lourenç,3549953,21625,SP,São Lourenço da Serra
21626-SP-Torre de Pe,3554656,21626,SP,Torre de Pedra
21627-SP-Zacarias,3557154,21627,SP,Zacarias
21628-SP-Arco-Íris,3503356,21628,SP,Arco-Íris
21629-SP-Brejo Alegr,3507753,21629,SP,Brejo Alegre
21630-SP-Canas,3509957,21630,SP,Canas
21631-SP-Fernão,3515657,21631,SP,Fernão
21632-SP-Gavião Peix,3516853,21632,SP,Gavião Peixoto
21633-SP-Ipiguá,3521150,21633,SP,Ipiguá
21634-SP-Jumirim,3525854,21634,SP,Jumirim
21635-SP-Nantes,3532157,21635,SP,Nantes
21636-SP-Nova Castil,3532868,21636,SP,Nova Castilho
21637-SP-Ouroeste,3534757,21637,SP,Ouroeste
21638-SP-Paulistânia,3536570,21638,SP,Paulistânia
21639-SP-Pracinha,3540853,21639,SP,Pracinha
21640-SP-Pratânia,3541059,21640,SP,Pratânia
21641-SP-Quadra,3541653,21641,SP,Quadra
21642-SP-Ribeirão do,3543238,21642,SP,Ribeirão dos Índios
21643-SP-Santa Cruz ,3546256,21643,SP,Santa Cruz da Esperança
21644-SP-Santa Salet,3547650,21644,SP,Santa Salete
21645-SP-Taquaral,3553658,21645,SP,Taquaral
21646-SP-Trabiju,3554755,21646,SP,Trabiju
21647-SP-Vitória Bra,3556958,21647,SP,Vitória Brasil
22001-SE-Amparo de S,2800100,22001,SE,Amparo de São Francisco
22002-SE-Aquidabã,2800209,22002,SE,Aquidabã
22003-SE-Aracaju,2800308,22003,SE,Aracaju
22004-SE-Arauá,2800407,22004,SE,Arauá
22005-SE-Areia Branc,2800506,22005,SE,Areia Branca
22006-SE-Barra dos C,2800605,22006,SE,Barra dos Coqueiros
22007-SE-Brejo Grand,2800704,22007,SE,Brejo Grande
22008-SE-Boquim,2800670,22008,SE,Boquim
22010-SE-Campo do Br,2801009,22010,SE,Campo do Brito
22011-SE-Canhoba,2801108,22011,SE,Canhoba
22012-SE-Canindé de ,2801207,22012,SE,Canindé de São Francisco
22013-SE-Capela,2801306,22013,SE,Capela
22014-SE-Carira,2801405,22014,SE,Carira
22015-SE-Carmópolis,2801504,22015,SE,Carmópolis
22016-SE-Cedro de Sã,2801603,22016,SE,Cedro de São João
22017-SE-Cristinápol,2801702,22017,SE,Cristinápolis
22018-SE-Nossa Senho,2804458,22018,SE,Nossa Senhora Aparecida
22019-SE-Cumbe,2801900,22019,SE,Cumbe
22020-SE-Divina Past,2802007,22020,SE,Divina Pastora
22021-SE-Estância,2802106,22021,SE,Estância
22022-SE-Feira Nova,2802205,22022,SE,Feira Nova
22023-SE-Frei Paulo,2802304,22023,SE,Frei Paulo
22024-SE-General May,2802502,22024,SE,General Maynard
22025-SE-Gararu,2802403,22025,SE,Gararu
22026-SE-Gracho Card,2802601,22026,SE,Gracho Cardoso
22027-SE-Ilha das Fl,2802700,22027,SE,Ilha das Flores
22028-SE-Indiaroba,2802809,22028,SE,Indiaroba
22029-SE-Itabaiana,2802908,22029,SE,Itabaiana
22030-SE-Itabaianinh,2803005,22030,SE,Itabaianinha
22031-SE-Itabi,2803104,22031,SE,Itabi
22032-SE-Itaporanga ,2803203,22032,SE,Itaporanga d Ajuda
22033-SE-Japaratuba,2803302,22033,SE,Japaratuba
22034-SE-Japoatã,2803401,22034,SE,Japoatã
22035-SE-Lagarto,2803500,22035,SE,Lagarto
22036-SE-Laranjeiras,2803609,22036,SE,Laranjeiras
22037-SE-Macambira,2803708,22037,SE,Macambira
22038-SE-Malhada dos,2803807,22038,SE,Malhada dos Bois
22039-SE-Malhador,2803906,22039,SE,Malhador
22040-SE-Maruim,2804003,22040,SE,Maruim
22041-SE-Moita Bonit,2804102,22041,SE,Moita Bonita
22042-SE-Monte Alegr,2804201,22042,SE,Monte Alegre de Sergipe
22043-SE-Muribeca,2804300,22043,SE,Muribeca
22044-SE-Neópolis,2804409,22044,SE,Neópolis
22045-SE-Nossa Senho,2804508,22045,SE,Nossa Senhora da Glória
22046-SE-Nossa Senho,2804607,22046,SE,Nossa Senhora das Dores
22047-SE-Nossa Senho,2804706,22047,SE,Nossa Senhora de Lourdes
22048-SE-Nossa Senho,2804805,22048,SE,Nossa Senhora do Socorro
22049-SE-Pacatuba,2804904,22049,SE,Pacatuba
22050-SE-Pedra Mole,2805000,22050,SE,Pedra Mole
22051-SE-Pedrinhas,2805109,22051,SE,Pedrinhas
22052-SE-Pinhão,2805208,22052,SE,Pinhão
22053-SE-Pirambu,2805307,22053,SE,Pirambu
22054-SE-Poço Redond,2805406,22054,SE,Poço Redondo
22055-SE-Poço Verde,2805505,22055,SE,Poço Verde
22056-SE-Porto da Fo,2805604,22056,SE,Porto da Folha
22057-SE-Propriá,2805703,22057,SE,Propriá
22058-SE-Riachão do ,2805802,22058,SE,Riachão do Dantas
22059-SE-Riachuelo,2805901,22059,SE,Riachuelo
22060-SE-Ribeirópoli,2806008,22060,SE,Ribeirópolis
22061-SE-Rosário do ,2806107,22061,SE,Rosário do Catete
22062-SE-Salgado,2806206,22062,SE,Salgado
22063-SE-Santa Luzia,2806305,22063,SE,Santa Luzia do Itanhy
22064-SE-Santana do ,2806404,22064,SE,Santana do São Francisco
22065-SE-Santa Rosa ,2806503,22065,SE,Santa Rosa de Lima
22066-SE-Santo Amaro,2806602,22066,SE,Santo Amaro das Brotas
22067-SE-São Cristóv,2806701,22067,SE,São Cristóvão
22068-SE-São Domingo,2806800,22068,SE,São Domingos
22069-SE-São Francis,2806909,22069,SE,São Francisco
22070-SE-São Miguel ,2807006,22070,SE,São Miguel do Aleixo
22071-SE-Simão Dias,2807105,22071,SE,Simão Dias
22072-SE-Siriri,2807204,22072,SE,Siriri
22073-SE-Telha,2807303,22073,SE,Telha
22074-SE-Tobias Barr,2807402,22074,SE,Tobias Barreto
22075-SE-Tomar do Ge,2807501,22075,SE,Tomar do Geru
22076-SE-Umbaúba,2807600,22076,SE,Umbaúba
23001-DF-Brasília,5300108,23001,DF,Brasília
24001-AC-Assis Brasi,1200054,24001,AC,Assis Brasil
24003-AC-Brasiléia,1200104,24003,AC,Brasiléia
24004-AC-Cruzeiro do,1200203,24004,AC,Cruzeiro do Sul
24006-AC-Epitaciolân,1200252,24006,AC,Epitaciolândia
24007-AC-Feijó,1200302,24007,AC,Feijó
24012-AC-Jordão,1200328,24012,AC,Jordão
24014-AC-Mâncio Lima,1200336,24014,AC,Mâncio Lima
24015-AC-Manoel Urba,1200344,24015,AC,Manoel Urbano
24016-AC-Marechal Th,1200351,24016,AC,Marechal Thaumaturgo
24018-AC-Plácido de ,1200385,24018,AC,Plácido de Castro
24019-AC-Porto Acre,1200807,24019,AC,Porto Acre
24020-AC-Rio Branco,1200401,24020,AC,Rio Branco
24021-AC-Senador Gui,1200450,24021,AC,Senador Guiomard
24023-AC-Sena Madure,1200500,24023,AC,Sena Madureira
24024-AC-Tarauacá,1200609,24024,AC,Tarauacá
24025-AC-Xapuri,1200708,24025,AC,Xapuri
24026-AC-Santa Rosa ,1200435,24026,AC,Santa Rosa do Purus
24027-AC-Acrelândia,1200013,24027,AC,Acrelândia
24028-AC-Bujari,1200138,24028,AC,Bujari
24029-AC-Capixaba,1200179,24029,AC,Capixaba
24030-AC-Porto Walte,1200393,24030,AC,Porto Walter
24031-AC-Rodrigues A,1200427,24031,AC,Rodrigues Alves
25001-AP-Amapá,1600105,25001,AP,Amapá
25002-AP-Calçoene,1600204,25002,AP,Calçoene
25003-AP-Macapá,1600303,25003,AP,Macapá
25004-AP-Mazagão,1600402,25004,AP,Mazagão
25005-AP-Oiapoque,1600501,25005,AP,Oiapoque
25006-AP-Ferreira Go,1600238,25006,AP,Ferreira Gomes
25007-AP-Laranjal do,1600279,25007,AP,Laranjal do Jari
25008-AP-Santana,1600600,25008,AP,Santana
25009-AP-Tartarugalz,1600709,25009,AP,Tartarugalzinho
25010-AP-Serra do Na,1600055,25010,AP,Serra do Navio
25011-AP-Pedra Branc,1600154,25011,AP,Pedra Branca do Amapari
25012-AP-Cutias,1600212,25012,AP,Cutias
25013-AP-Itaubal,1600253,25013,AP,Itaubal
25014-AP-Porto Grand,1600535,25014,AP,Porto Grande
25015-AP-Pracuúba,1600550,25015,AP,Pracuúba
25016-AP-Vitória do ,1600808,25016,AP,Vitória do Jari
26001-RO-Guajará-Mir,1100106,26001,RO,Guajará-Mirim
26002-RO-Porto Velho,1100205,26002,RO,Porto Velho
26003-RO-Ji-Paraná,1100122,26003,RO,Ji-Paraná
26004-RO-Ariquemes,1100023,26004,RO,Ariquemes
26005-RO-Pimenta Bue,1100189,26005,RO,Pimenta Bueno
26006-RO-Vilhena,1100304,26006,RO,Vilhena
26007-RO-Cacoal,1100049,26007,RO,Cacoal
26008-RO-Colorado do,1100064,26008,RO,Colorado do Oeste
26009-RO-Costa Marqu,1100080,26009,RO,Costa Marques
26010-RO-Espigão d O,1100098,26010,RO,Espigão d Oeste
26011-RO-Jaru,1100114,26011,RO,Jaru
26012-RO-Ouro Preto ,1100155,26012,RO,Ouro Preto do Oeste
26013-RO-Presidente ,1100254,26013,RO,Presidente Médici
26014-RO-Cerejeiras,1100056,26014,RO,Cerejeiras
26015-RO-Rolim de Mo,1100288,26015,RO,Rolim de Moura
26016-RO-Alta Flores,1100015,26016,RO,Alta Floresta d Oeste
26017-RO-Alvorada d ,1100346,26017,RO,Alvorada d Oeste
26018-RO-Santa Luzia,1100296,26018,RO,Santa Luzia d Oeste
26019-RO-Nova Brasil,1100148,26019,RO,Nova Brasilândia d Oeste
26020-RO-Cabixi,1100031,26020,RO,Cabixi
26021-RO-Machadinho ,1100130,26021,RO,Machadinho d Oeste
26022-RO-São Miguel ,1100320,26022,RO,São Miguel do Guaporé
26023-RO-Nova Mamoré,1100338,26023,RO,Nova Mamoré
26024-RO-Alto Paraís,1100403,26024,RO,Alto Paraíso
26025-RO-Novo Horizo,1100502,26025,RO,Novo Horizonte do Oeste
26026-RO-Cacaulândia,1100601,26026,RO,Cacaulândia
26027-RO-Campo Novo ,1100700,26027,RO,Campo Novo de Rondônia
26028-RO-Candeias do,1100809,26028,RO,Candeias do Jamari
26029-RO-Castanheira,1100908,26029,RO,Castanheiras
26030-RO-Corumbiara,1100072,26030,RO,Corumbiara
26031-RO-Governador ,1101005,26031,RO,Governador Jorge Teixeira
26032-RO-Jamari,1101104,26032,RO,Jamari
26033-RO-Ministro An,1101203,26033,RO,Ministro Andreazza
26034-RO-Mirante da ,1101302,26034,RO,Mirante da Serra
26035-RO-Monte Negro,1101401,26035,RO,Monte Negro
26036-RO-Rio Crespo,1100262,26036,RO,Rio Crespo
26037-RO-Seringueira,1101500,26037,RO,Seringueiras
26038-RO-Theobroma,1101609,26038,RO,Theobroma
26039-RO-Urupá,1101708,26039,RO,Urupá
26040-RO-Vale do Par,1101807,26040,RO,Vale do Paraíso
26041-RO-Alto Alegre,1100379,26041,RO,Alto Alegre dos Parecis
26042-RO-Buritis,1100452,26042,RO,Buritis
26043-RO-Chupinguaia,1100924,26043,RO,Chupinguaia
26044-RO-Cujubim,1100940,26044,RO,Cujubim
26045-RO-Nova União,1101435,26045,RO,Nova União
26046-RO-Parecis,1101450,26046,RO,Parecis
26047-RO-Pimenteiras,1101468,26047,RO,Pimenteiras do Oeste
26048-RO-Primavera d,1101476,26048,RO,Primavera de Rondônia
26049-RO-São Felipe ,1101484,26049,RO,São Felipe d Oeste
26050-RO-São Francis,1101492,26050,RO,São Francisco do Guaporé
26051-RO-Teixeirópol,1101559,26051,RO,Teixeirópolis
26052-RO-Vale do Ana,1101757,26052,RO,Vale do Anari
27001-RR-Boa Vista,1400100,27001,RR,Boa Vista
27002-RR-Caracaraí,1400209,27002,RR,Caracaraí
27003-RR-Alto Alegre,1400050,27003,RR,Alto Alegre
27004-RR-Bonfim,1400159,27004,RR,Bonfim
27005-RR-Mucajaí,1400308,27005,RR,Mucajaí
27006-RR-Normandia,1400407,27006,RR,Normandia
27007-RR-São João da,1400506,27007,RR,São João da Baliza
27008-RR-São Luiz,1400605,27008,RR,São Luiz
27009-RR-Amajari,1400027,27009,RR,Amajari
27010-RR-Cantá,1400175,27010,RR,Cantá
27011-RR-Caroebe,1400233,27011,RR,Caroebe
27012-RR-Iracema,1400282,27012,RR,Iracema
27013-RR-Pacaraima,1400456,27013,RR,Pacaraima
27014-RR-Rorainópoli,1400472,27014,RR,Rorainópolis
27015-RR-Uiramutã,1400704,27015,RR,Uiramutã
28001-TO-Aliança do ,1700350,28001,TO,Aliança do Tocantins
28002-TO-Almas,1700400,28002,TO,Almas
28003-TO-Alvorada,1700707,28003,TO,Alvorada
28004-TO-Ananás,1701002,28004,TO,Ananás
28005-TO-Aparecida d,1701101,28005,TO,Aparecida do Rio Negro
28006-TO-Araguacema,1701903,28006,TO,Araguacema
28007-TO-Araguaçu,1702000,28007,TO,Araguaçu
28008-TO-Araguaína,1702109,28008,TO,Araguaína
28009-TO-Araguatins,1702208,28009,TO,Araguatins
28010-TO-Arapoema,1702307,28010,TO,Arapoema
28011-TO-Arraias,1702406,28011,TO,Arraias
28012-TO-Augustinópo,1702554,28012,TO,Augustinópolis
28013-TO-Aurora do T,1702703,28013,TO,Aurora do Tocantins
28014-TO-Axixá do To,1702901,28014,TO,Axixá do Tocantins
28015-TO-Babaçulândi,1703008,28015,TO,Babaçulândia
28016-TO-Barrolândia,1703107,28016,TO,Barrolândia
28017-TO-Bernardo Sa,1703206,28017,TO,Bernardo Sayão
28018-TO-Brejinho de,1703701,28018,TO,Brejinho de Nazaré
28019-TO-Buriti do T,1703800,28019,TO,Buriti do Tocantins
28020-TO-Caseara,1703909,28020,TO,Caseara
28021-TO-Colinas do ,1705508,28021,TO,Colinas do Tocantins
28022-TO-Combinado,1705557,28022,TO,Combinado
28023-TO-Conceição d,1705607,28023,TO,Conceição do Tocantins
28024-TO-Couto de Ma,1706001,28024,TO,Couto de Magalhães
28025-TO-Cristalândi,1706100,28025,TO,Cristalândia
28026-TO-Dianópolis,1707009,28026,TO,Dianópolis
28027-TO-Divinópolis,1707108,28027,TO,Divinópolis do Tocantins
28028-TO-Dois Irmãos,1707207,28028,TO,Dois Irmãos do Tocantins
28029-TO-Dueré,1707306,28029,TO,Dueré
28030-TO-Fátima,1707553,28030,TO,Fátima
28031-TO-Figueirópol,1707652,28031,TO,Figueirópolis
28032-TO-Filadélfia,1707702,28032,TO,Filadélfia
28033-TO-Formoso do ,1708205,28033,TO,Formoso do Araguaia
28034-TO-Goianorte,1708304,28034,TO,Goianorte
28035-TO-Goiatins,1709005,28035,TO,Goiatins
28036-TO-Guaraí,1709302,28036,TO,Guaraí
28037-TO-Gurupi,1709500,28037,TO,Gurupi
28038-TO-Itacajá,1710508,28038,TO,Itacajá
28039-TO-Itaguatins,1710706,28039,TO,Itaguatins
28040-TO-Itaporã do ,1711100,28040,TO,Itaporã do Tocantins
28041-TO-Lizarda,1712405,28041,TO,Lizarda
28042-TO-Marianópoli,1712504,28042,TO,Marianópolis do Tocantins
28043-TO-Miracema do,1713205,28043,TO,Miracema do Tocantins
28044-TO-Miranorte,1713304,28044,TO,Miranorte
28045-TO-Monte do Ca,1713601,28045,TO,Monte do Carmo
28046-TO-Natividade,1714203,28046,TO,Natividade
28047-TO-Nazaré,1714302,28047,TO,Nazaré
28048-TO-Nova Olinda,1714880,28048,TO,Nova Olinda
28049-TO-Nova Rosalâ,1715002,28049,TO,Nova Rosalândia
28050-TO-Novo Acordo,1715101,28050,TO,Novo Acordo
28051-TO-Palmeirópol,1715754,28051,TO,Palmeirópolis
28052-TO-Paraíso do ,1716109,28052,TO,Paraíso do Tocantins
28053-TO-Paranã,1716208,28053,TO,Paranã
28054-TO-Pedro Afons,1716505,28054,TO,Pedro Afonso
28055-TO-Peixe,1716604,28055,TO,Peixe
28056-TO-Pequizeiro,1716653,28056,TO,Pequizeiro
28057-TO-Colméia,1716703,28057,TO,Colméia
28058-TO-Pindorama d,1717008,28058,TO,Pindorama do Tocantins
28059-TO-Pium,1717503,28059,TO,Pium
28060-TO-Ponte Alta ,1717800,28060,TO,Ponte Alta do Bom Jesus
28061-TO-Ponte Alta ,1717909,28061,TO,Ponte Alta do Tocantins
28062-TO-Porto Alegr,1718006,28062,TO,Porto Alegre do Tocantins
28063-TO-Porto Nacio,1718204,28063,TO,Porto Nacional
28064-TO-Praia Norte,1718303,28064,TO,Praia Norte
28065-TO-Presidente ,1718402,28065,TO,Presidente Kennedy
28066-TO-Rio Sono,1718758,28066,TO,Rio Sono
28067-TO-Sampaio,1718808,28067,TO,Sampaio
28068-TO-Santa Rosa ,1718907,28068,TO,Santa Rosa do Tocantins
28069-TO-Santa Terez,1719004,28069,TO,Santa Tereza do Tocantins
28070-TO-São Sebasti,1720309,28070,TO,São Sebastião do Tocantins
28071-TO-São Valério,1720499,28071,TO,São Valério da Natividade
28072-TO-Silvanópoli,1720655,28072,TO,Silvanópolis
28073-TO-Sítio Novo ,1720804,28073,TO,Sítio Novo do Tocantins
28074-TO-Taguatinga,1720903,28074,TO,Taguatinga
28075-TO-Palmas,1721000,28075,TO,Palmas
28076-TO-Tocantínia,1721109,28076,TO,Tocantínia
28077-TO-Tocantinópo,1721208,28077,TO,Tocantinópolis
28078-TO-Wanderlândi,1722081,28078,TO,Wanderlândia
28079-TO-Xambioá,1722107,28079,TO,Xambioá
28080-TO-Novo Alegre,1715150,28080,TO,Novo Alegre
28081-TO-Abreulândia,1700251,28081,TO,Abreulândia
28082-TO-Angico,1701051,28082,TO,Angico
28083-TO-Aragominas,1701309,28083,TO,Aragominas
28084-TO-Araguanã,1702158,28084,TO,Araguanã
28085-TO-Bom Jesus d,1703305,28085,TO,Bom Jesus do Tocantins
28086-TO-Brasilândia,1703602,28086,TO,Brasilândia do Tocantins
28087-TO-Cachoeirinh,1703826,28087,TO,Cachoeirinha
28088-TO-Campos Lind,1703842,28088,TO,Campos Lindos
28089-TO-Cariri do T,1703867,28089,TO,Cariri do Tocantins
28090-TO-Carmolândia,1703883,28090,TO,Carmolândia
28091-TO-Carrasco Bo,1703891,28091,TO,Carrasco Bonito
28092-TO-Centenário,1704105,28092,TO,Centenário
28093-TO-Darcinópoli,1706506,28093,TO,Darcinópolis
28094-TO-Esperantina,1707405,28094,TO,Esperantina
28095-TO-Fortaleza d,1708254,28095,TO,Fortaleza do Tabocão
28096-TO-Itapiratins,1710904,28096,TO,Itapiratins
28097-TO-Jaú do Toca,1711506,28097,TO,Jaú do Tocantins
28098-TO-Juarina,1711803,28098,TO,Juarina
28099-TO-Lagoa da Co,1711902,28099,TO,Lagoa da Confusão
28100-TO-Lagoa do To,1711951,28100,TO,Lagoa do Tocantins
28101-TO-Lajeado,1712009,28101,TO,Lajeado
28102-TO-Mateiros,1712702,28102,TO,Mateiros
28103-TO-Maurilândia,1712801,28103,TO,Maurilândia do Tocantins
28104-TO-Palmeiras d,1713809,28104,TO,Palmeiras do Tocantins
28105-TO-Muricilândi,1713957,28105,TO,Muricilândia
28106-TO-Novo Jardim,1715259,28106,TO,Novo Jardim
28107-TO-Palmeirante,1715705,28107,TO,Palmeirante
28108-TO-Pau d Arco,1716307,28108,TO,Pau d Arco
28109-TO-Piraquê,1717206,28109,TO,Piraquê
28110-TO-Riachinho,1718550,28110,TO,Riachinho
28111-TO-Rio da Conc,1718659,28111,TO,Rio da Conceição
28112-TO-Rio dos Boi,1718709,28112,TO,Rio dos Bois
28113-TO-Sandolândia,1718840,28113,TO,Sandolândia
28114-TO-Santa Fé do,1718865,28114,TO,Santa Fé do Araguaia
28115-TO-Santa Maria,1718881,28115,TO,Santa Maria do Tocantins
28116-TO-São Bento d,1720101,28116,TO,São Bento do Tocantins
28117-TO-São Félix d,1720150,28117,TO,São Félix do Tocantins
28118-TO-São Miguel ,1720200,28118,TO,São Miguel do Tocantins
28119-TO-São Salvado,1720259,28119,TO,São Salvador do Tocantins
28120-TO-Sucupira,1720853,28120,TO,Sucupira
28121-TO-Taipas do T,1720937,28121,TO,Taipas do Tocantins
28124-TO-Tupiratins,1721307,28124,TO,Tupiratins
28125-TO-Recursolând,1718501,28125,TO,Recursolândia
28126-TO-Aguiarnópol,1700301,28126,TO,Aguiarnópolis
28127-TO-Bandeirante,1703057,28127,TO,Bandeirantes do Tocantins
28128-TO-Barra do Ou,1703073,28128,TO,Barra do Ouro
28129-TO-Chapada de ,1704600,28129,TO,Chapada de Areia
28130-TO-Chapada da ,1705102,28130,TO,Chapada da Natividade
28131-TO-Crixás do T,1706258,28131,TO,Crixás do Tocantins
28132-TO-Ipueiras,1709807,28132,TO,Ipueiras
28133-TO-Lavandeira,1712157,28133,TO,Lavandeira
28134-TO-Luzinópolis,1712454,28134,TO,Luzinópolis
28135-TO-Monte Santo,1713700,28135,TO,Monte Santo do Tocantins
28136-TO-Oliveira de,1715507,28136,TO,Oliveira de Fátima
28137-TO-Pugmil,1718451,28137,TO,Pugmil
28138-TO-Santa Rita ,1718899,28138,TO,Santa Rita do Tocantins
28139-TO-Santa Terez,1720002,28139,TO,Santa Terezinha do Tocantins
28140-TO-Talismã,1720978,28140,TO,Talismã
28141-TO-Tupirama,1721257,28141,TO,Tupirama
