table,name,description_pt,description_en,description_es
institution,year,"Ano de referência da coorte, conforme o arquivo anual publicado pela fonte","Reference year of the cohort, as published in the source's annual file","Año de referencia de la cohorte, según el archivo anual publicado por la fuente"
institution,unitid,"Código de identificação da instituição no IPEDS (UNITID). Mesma chave da tabela us_ed_ipeds; como lá o tipo é INT64, o cruzamento exige safe_cast(unitid as int64)","IPEDS institution identifier (UNITID). Same key as the us_ed_ipeds dataset; that dataset types it as INT64, so joining requires safe_cast(unitid as int64)","Código de identificación de la institución en IPEDS (UNITID). Misma clave que la tabla us_ed_ipeds; allí el tipo es INT64, por lo que el cruce exige safe_cast(unitid as int64)"
institution,opeid8,"Código OPE de 8 dígitos da instituição, atribuído pelo Escritório de Educação Superior","8-digit OPE ID of the institution, assigned by the Office of Postsecondary Education","Código OPE de 8 dígitos de la institución, asignado por la Oficina de Educación Superior"
institution,opeid6,"Código OPE de 6 dígitos da instituição, comum a todos os campi de uma mesma entidade","6-digit OPE ID of the institution, shared by every campus of the same entity","Código OPE de 6 dígitos de la institución, común a todos los campus de una misma entidad"
institution,federal_school_code,Código federal da instituição usado no formulário FAFSA,Federal school code used on the FAFSA form,Código federal de la institución usado en el formulario FAFSA
institution,institution_name,Nome da instituição,Institution name,Nombre de la institución
institution,institution_alias,Nomes alternativos e siglas pelos quais a instituição é conhecida,Alternative names and acronyms the institution is known by,Nombres alternativos y siglas por los que se conoce la institución
institution,institution_url,Endereço do sítio eletrônico da instituição,URL of the institution's website,Dirección del sitio web de la institución
institution,net_price_calculator_url,Endereço da calculadora de preço líquido da instituição,URL of the institution's net price calculator,Dirección de la calculadora de precio neto de la institución
institution,address,Endereço da instituição,Street address of the institution,Dirección de la institución
institution,city,Município da instituição,City of the institution,Ciudad de la institución
institution,state_abbreviation,Sigla do estado norte-americano em que a instituição está localizada,Two-letter postal code of the U.S. state where the institution is located,Sigla del estado de los Estados Unidos donde se ubica la institución
institution,zip_code,Código postal (ZIP) da instituição,ZIP code of the institution,Código postal (ZIP) de la institución
institution,state_fips,Código FIPS do estado em que a instituição está localizada,FIPS code of the state where the institution is located,Código FIPS del estado donde se ubica la institución
institution,region,Região do IPEDS em que a instituição está localizada,IPEDS region where the institution is located,Región del IPEDS donde se ubica la institución
institution,locale,"Grau de urbanização do local da instituição, segundo a classificação do NCES","Degree of urbanisation of the institution's locale, per the NCES classification","Grado de urbanización del lugar de la institución, según la clasificación del NCES"
institution,locale_degree_urbanization,Grau de urbanização agregado do local da instituição,Aggregated degree of urbanisation of the institution's locale,Grado de urbanización agregado del lugar de la institución
institution,latitude,Latitude da instituição em graus decimais,Latitude of the institution in decimal degrees,Latitud de la institución en grados decimales
institution,longitude,Longitude da instituição em graus decimais,Longitude of the institution in decimal degrees,Longitud de la institución en grados decimales
institution,control,"Natureza administrativa da instituição, conforme o IPEDS","Control of the institution, per IPEDS","Naturaleza administrativa de la institución, según el IPEDS"
institution,control_peps,"Natureza administrativa da instituição, conforme o sistema PEPS","Control of the institution, per the PEPS system","Naturaleza administrativa de la institución, según el sistema PEPS"
institution,ownership_peps,"Tipo de mantenedora da instituição, conforme o sistema PEPS","Ownership type of the institution, per the PEPS system","Tipo de titularidad de la institución, según el sistema PEPS"
institution,scorecard_sector,Setor da instituição segundo a classificação do College Scorecard,Sector of the institution under the College Scorecard classification,Sector de la institución según la clasificación del College Scorecard
institution,institution_level,Nível da instituição segundo as características institucionais do IPEDS,Level of the institution per IPEDS institutional characteristics,Nivel de la institución según las características institucionales del IPEDS
institution,predominant_degree,Grau predominante concedido pela instituição na graduação,Predominant undergraduate degree awarded by the institution,Grado predominante otorgado por la institución en el pregrado
institution,predominant_degree_recoded,"Grau predominante concedido, com os códigos 0 e 4 recodificados","Predominant degree awarded, with codes 0 and 4 recoded","Grado predominante otorgado, con los códigos 0 y 4 recodificados"
institution,highest_degree,Grau mais alto concedido pela instituição,Highest degree awarded by the institution,Grado más alto otorgado por la institución
institution,main_campus,Indica se a unidade é o campus principal da instituição,Whether the unit is the institution's main campus,Indica si la unidad es el campus principal de la institución
institution,branch_campuses,Número de campi da instituição,Number of campuses of the institution,Número de campus de la institución
institution,carnegie_basic,Classificação Carnegie básica da instituição,Carnegie basic classification of the institution,Clasificación Carnegie básica de la institución
institution,carnegie_undergraduate_profile,Perfil de graduação da instituição na classificação Carnegie,Carnegie undergraduate profile of the institution,Perfil de pregrado de la institución en la clasificación Carnegie
institution,carnegie_size_setting,Porte e regime de residência da instituição na classificação Carnegie,Carnegie size and setting of the institution,Tamaño y régimen de residencia de la institución en la clasificación Carnegie
institution,online_only,Indica se a instituição oferece exclusivamente ensino a distância,Whether the institution offers distance education only,Indica si la institución ofrece exclusivamente educación a distancia
institution,currently_operating,Indica se a instituição estava em funcionamento no ano de referência,Whether the institution was operating in the reference year,Indica si la institución estaba en funcionamiento en el año de referencia
institution,open_admissions_policy,Indica se a instituição adota política de admissão aberta,Whether the institution has an open admissions policy,Indica si la institución aplica una política de admisión abierta
institution,religious_affiliation,Afiliação religiosa da instituição,Religious affiliation of the institution,Afiliación religiosa de la institución
institution,men_only,Indica se a instituição atende exclusivamente homens,Whether the institution serves men only,Indica si la institución atiende exclusivamente a hombres
institution,women_only,Indica se a instituição atende exclusivamente mulheres,Whether the institution serves women only,Indica si la institución atiende exclusivamente a mujeres
institution,historically_black,Indica se a instituição é uma faculdade ou universidade historicamente negra,Whether the institution is a historically black college or university,Indica si la institución es una universidad históricamente negra
institution,predominantly_black,Indica se a instituição é classificada como predominantemente negra,Whether the institution is classified as predominantly black,Indica si la institución se clasifica como predominantemente negra
institution,alaska_native_hawaiian_serving,Indica se a instituição atende predominantemente nativos do Alasca ou nativos havaianos,Whether the institution predominantly serves Alaska Natives or Native Hawaiians,Indica si la institución atiende predominantemente a nativos de Alaska o nativos hawaianos
institution,tribal_college,Indica se a instituição é uma faculdade tribal,Whether the institution is a tribal college,Indica si la institución es una universidad tribal
institution,asian_pacific_islander_serving,"Indica se a instituição atende predominantemente asiático-americanos, nativos americanos ou nativos das ilhas do Pacífico","Whether the institution predominantly serves Asian Americans, Native Americans or Pacific Islanders","Indica si la institución atiende predominantemente a asiático-americanos, nativos americanos o isleños del Pacífico"
institution,hispanic_serving,Indica se a instituição atende predominantemente estudantes hispânicos,Whether the institution predominantly serves Hispanic students,Indica si la institución atiende predominantemente a estudiantes hispanos
institution,native_american_non_tribal,Indica se a instituição atende predominantemente nativos americanos sem ser uma faculdade tribal,Whether the institution predominantly serves Native Americans without being a tribal college,Indica si la institución atiende predominantemente a nativos americanos sin ser una universidad tribal
institution,accreditor_name,Nome da agência acreditadora da instituição,Name of the institution's accrediting agency,Nombre de la agencia acreditadora de la institución
institution,accreditor_code,Código da agência acreditadora da instituição,Code of the institution's accrediting agency,Código de la agencia acreditadora de la institución
institution,title_iv_eligibility_type,Tipo de elegibilidade da instituição ao Título IV da Lei do Ensino Superior,Institution's eligibility type under Title IV of the Higher Education Act,Tipo de elegibilidad de la institución al Título IV de la Ley de Educación Superior
institution,title_iv_approval_date,Data de aprovação da instituição para o Título IV,Date the institution was approved for Title IV,Fecha de aprobación de la institución para el Título IV
institution,heightened_cash_monitoring,Indica se a instituição está sob monitoramento reforçado de repasses (Heightened Cash Monitoring 2),Whether the institution is under Heightened Cash Monitoring 2,Indica si la institución está bajo monitoreo reforzado de desembolsos (Heightened Cash Monitoring 2)
institution,dol_provider,Indica se a instituição é provedora registrada junto ao Departamento do Trabalho,Whether the institution is a registered Department of Labor provider,Indica si la institución es proveedora registrada ante el Departamento de Trabajo
institution,undergraduate_enrollment,Número de estudantes de graduação matriculados em cursos de grau,Number of degree-seeking undergraduate students enrolled,Número de estudiantes de pregrado matriculados en carreras de grado
institution,undergraduate_enrollment_all,"Número total de estudantes de graduação, incluindo os não matriculados em cursos de grau","Total number of undergraduate students, including non-degree-seeking students","Número total de estudiantes de pregrado, incluidos los no matriculados en carreras de grado"
institution,tuition_revenue_per_fte,Receita líquida de mensalidades por estudante equivalente a tempo integral,Net tuition revenue per full-time equivalent student,Ingreso neto por matrícula por estudiante equivalente a tiempo completo
institution,instructional_expenditure_per_fte,Despesa com ensino por estudante equivalente a tempo integral,Instructional expenditure per full-time equivalent student,Gasto en enseñanza por estudiante equivalente a tiempo completo
institution,average_faculty_salary,Salário mensal médio do corpo docente,Average monthly faculty salary,Salario mensual promedio del cuerpo docente
institution,full_time_faculty_rate,"Proporção do corpo docente contratada em tempo integral, de 0 a 1","Share of faculty employed full time, from 0 to 1","Proporción del cuerpo docente contratada a tiempo completo, de 0 a 1"
institution,endowment_begin,Valor do fundo patrimonial da instituição no início do exercício,Value of the institution's endowment at the beginning of the fiscal year,Valor del fondo patrimonial de la institución al inicio del ejercicio
institution,endowment_end,Valor do fundo patrimonial da instituição no fim do exercício,Value of the institution's endowment at the end of the fiscal year,Valor del fondo patrimonial de la institución al final del ejercicio
institution,admission_rate,"Taxa de admissão da instituição, de 0 a 1","Admission rate of the institution, from 0 to 1","Tasa de admisión de la institución, de 0 a 1"
institution,admission_rate_all_campuses,"Taxa de admissão agregada por código OPE de 6 dígitos, de 0 a 1","Admission rate aggregated by 6-digit OPE ID, from 0 to 1","Tasa de admisión agregada por código OPE de 6 dígitos, de 0 a 1"
institution,admission_rate_suppressed,"Taxa de admissão com supressão aplicada a coortes pequenas, de 0 a 1","Admission rate with suppression applied to small cohorts, from 0 to 1","Tasa de admisión con supresión aplicada a cohortes pequeñas, de 0 a 1"
institution,test_score_requirement,Exigência da instituição quanto a notas de exames padronizados na admissão,Institution's requirement for standardised test scores in admissions,Exigencia de la institución sobre puntajes de exámenes estandarizados en la admisión
institution,sat_average,Nota média no SAT entre os estudantes admitidos,Average SAT score among admitted students,Puntaje promedio del SAT entre los estudiantes admitidos
institution,sat_average_all_campuses,Nota média no SAT agregada por código OPE de 6 dígitos,Average SAT score aggregated by 6-digit OPE ID,Puntaje promedio del SAT agregado por código OPE de 6 dígitos
institution,sat_reading_p25,"Nota de leitura crítica no SAT entre os estudantes admitidos, no percentil 25","SAT critical reading score among admitted students, at the 25th percentile","Puntaje de lectura crítica del SAT entre los estudiantes admitidos, en el percentil 25"
institution,sat_reading_p50,"Nota de leitura crítica no SAT entre os estudantes admitidos, na mediana","SAT critical reading score among admitted students, at the median","Puntaje de lectura crítica del SAT entre los estudiantes admitidos, en la mediana"
institution,sat_reading_p75,"Nota de leitura crítica no SAT entre os estudantes admitidos, no percentil 75","SAT critical reading score among admitted students, at the 75th percentile","Puntaje de lectura crítica del SAT entre los estudiantes admitidos, en el percentil 75"
institution,sat_reading_midpoint,"Nota de leitura crítica no SAT entre os estudantes admitidos, no ponto médio","SAT critical reading score among admitted students, at the midpoint","Puntaje de lectura crítica del SAT entre los estudiantes admitidos, en el punto medio"
institution,sat_math_p25,"Nota de matemática no SAT entre os estudantes admitidos, no percentil 25","SAT math score among admitted students, at the 25th percentile","Puntaje de matemáticas del SAT entre los estudiantes admitidos, en el percentil 25"
institution,sat_math_p50,"Nota de matemática no SAT entre os estudantes admitidos, na mediana","SAT math score among admitted students, at the median","Puntaje de matemáticas del SAT entre los estudiantes admitidos, en la mediana"
institution,sat_math_p75,"Nota de matemática no SAT entre os estudantes admitidos, no percentil 75","SAT math score among admitted students, at the 75th percentile","Puntaje de matemáticas del SAT entre los estudiantes admitidos, en el percentil 75"
institution,sat_math_midpoint,"Nota de matemática no SAT entre os estudantes admitidos, no ponto médio","SAT math score among admitted students, at the midpoint","Puntaje de matemáticas del SAT entre los estudiantes admitidos, en el punto medio"
institution,sat_writing_p25,"Nota de redação no SAT entre os estudantes admitidos, no percentil 25","SAT writing score among admitted students, at the 25th percentile","Puntaje de redacción del SAT entre los estudiantes admitidos, en el percentil 25"
institution,sat_writing_p75,"Nota de redação no SAT entre os estudantes admitidos, no percentil 75","SAT writing score among admitted students, at the 75th percentile","Puntaje de redacción del SAT entre los estudiantes admitidos, en el percentil 75"
institution,sat_writing_midpoint,"Nota de redação no SAT entre os estudantes admitidos, no ponto médio","SAT writing score among admitted students, at the midpoint","Puntaje de redacción del SAT entre los estudiantes admitidos, en el punto medio"
institution,act_composite_p25,"Nota composta no ACT entre os estudantes admitidos, no percentil 25","ACT cumulative score among admitted students, at the 25th percentile","Puntaje compuesto del ACT entre los estudiantes admitidos, en el percentil 25"
institution,act_composite_p50,"Nota composta no ACT entre os estudantes admitidos, na mediana","ACT cumulative score among admitted students, at the median","Puntaje compuesto del ACT entre los estudiantes admitidos, en la mediana"
institution,act_composite_p75,"Nota composta no ACT entre os estudantes admitidos, no percentil 75","ACT cumulative score among admitted students, at the 75th percentile","Puntaje compuesto del ACT entre los estudiantes admitidos, en el percentil 75"
institution,act_composite_midpoint,"Nota composta no ACT entre os estudantes admitidos, no ponto médio","ACT cumulative score among admitted students, at the midpoint","Puntaje compuesto del ACT entre los estudiantes admitidos, en el punto medio"
institution,act_english_p25,"Nota de inglês no ACT entre os estudantes admitidos, no percentil 25","ACT English score among admitted students, at the 25th percentile","Puntaje de inglés del ACT entre los estudiantes admitidos, en el percentil 25"
institution,act_english_p50,"Nota de inglês no ACT entre os estudantes admitidos, na mediana","ACT English score among admitted students, at the median","Puntaje de inglés del ACT entre los estudiantes admitidos, en la mediana"
institution,act_english_p75,"Nota de inglês no ACT entre os estudantes admitidos, no percentil 75","ACT English score among admitted students, at the 75th percentile","Puntaje de inglés del ACT entre los estudiantes admitidos, en el percentil 75"
institution,act_english_midpoint,"Nota de inglês no ACT entre os estudantes admitidos, no ponto médio","ACT English score among admitted students, at the midpoint","Puntaje de inglés del ACT entre los estudiantes admitidos, en el punto medio"
institution,act_math_p25,"Nota de matemática no ACT entre os estudantes admitidos, no percentil 25","ACT math score among admitted students, at the 25th percentile","Puntaje de matemáticas del ACT entre los estudiantes admitidos, en el percentil 25"
institution,act_math_p50,"Nota de matemática no ACT entre os estudantes admitidos, na mediana","ACT math score among admitted students, at the median","Puntaje de matemáticas del ACT entre los estudiantes admitidos, en la mediana"
institution,act_math_p75,"Nota de matemática no ACT entre os estudantes admitidos, no percentil 75","ACT math score among admitted students, at the 75th percentile","Puntaje de matemáticas del ACT entre los estudiantes admitidos, en el percentil 75"
institution,act_math_midpoint,"Nota de matemática no ACT entre os estudantes admitidos, no ponto médio","ACT math score among admitted students, at the midpoint","Puntaje de matemáticas del ACT entre los estudiantes admitidos, en el punto medio"
institution,act_writing_p25,"Nota de redação no ACT entre os estudantes admitidos, no percentil 25","ACT writing score among admitted students, at the 25th percentile","Puntaje de redacción del ACT entre los estudiantes admitidos, en el percentil 25"
institution,act_writing_p75,"Nota de redação no ACT entre os estudantes admitidos, no percentil 75","ACT writing score among admitted students, at the 75th percentile","Puntaje de redacción del ACT entre los estudiantes admitidos, en el percentil 75"
institution,act_writing_midpoint,"Nota de redação no ACT entre os estudantes admitidos, no ponto médio","ACT writing score among admitted students, at the midpoint","Puntaje de redacción del ACT entre los estudiantes admitidos, en el punto medio"
field_of_study,year,"Ano de referência da coorte, conforme o arquivo anual publicado pela fonte","Reference year of the cohort, as published in the source's annual file","Año de referencia de la cohorte, según el archivo anual publicado por la fuente"
field_of_study,unitid,"Código de identificação da instituição no IPEDS (UNITID). Mesma chave da tabela us_ed_ipeds; como lá o tipo é INT64, o cruzamento exige safe_cast(unitid as int64)","IPEDS institution identifier (UNITID). Same key as the us_ed_ipeds dataset; that dataset types it as INT64, so joining requires safe_cast(unitid as int64)","Código de identificación de la institución en IPEDS (UNITID). Misma clave que la tabla us_ed_ipeds; allí el tipo es INT64, por lo que el cruce exige safe_cast(unitid as int64)"
field_of_study,opeid6,Código OPE de 6 dígitos da instituição,6-digit OPE ID for institution,Código OPE de 6 dígitos de la institución
field_of_study,institution_name,Nome da instituição,Institution name,Nombre de la institución
field_of_study,control,Natureza administrativa da instituição,Control of institution,Naturaleza administrativa de la institución
field_of_study,main_campus,Indica se a unidade é o campus principal da instituição,Flag for main campus,Indica si la unidad es el campus principal de la institución
field_of_study,cip_code,Código CIP de 4 dígitos da área de formação,Classification of Instructional Programs (CIP) code for the field of study,Código CIP de 4 dígitos del campo de estudio
field_of_study,cip_description,Nome da área de formação correspondente ao código CIP,Text description of the field of study CIP Code,Nombre del campo de estudio correspondiente al código CIP
field_of_study,credential_level,Nível da credencial concedida,Level of credential,Nivel de la credencial otorgada
field_of_study,credential_description,Nome do nível da credencial concedida,Text description of the level of credential,Nombre del nivel de la credencial otorgada
field_of_study,ipedscount1,Número de diplomas concedidos no primeiro ano da coorte agrupada de endividamento,Number of awards to all students in year 1 of the pooled debt cohort,Número de títulos otorgados en el primer año de la cohorte agrupada de endeudamiento
field_of_study,ipedscount2,Número de diplomas concedidos no segundo ano da coorte agrupada de endividamento,Number of awards to all students in year 2 of the pooled debt cohort,Número de títulos otorgados en el segundo año de la cohorte agrupada de endeudamiento
field_of_study,debt_all_stgp_any_n,Número de tomadores usado no cálculo da média e da mediana d a dívida de empréstimos Stafford e Grad PLUS desembolsada no conjunto das instituições,Borrower count for average/median Stafford and Grad PLUS loan debt disbursed at all institutions,Número de prestatarios usado en el cálculo del promedio y la mediana de la deuda de préstamos Stafford y Grad PLUS desembolsada en el conjunto de las instituciones
field_of_study,debt_all_stgp_any_mean,Média d a dívida de empréstimos Stafford e Grad PLUS desembolsada no conjunto das instituições,Average Stafford and Grad PLUS loan debt disbursed at all institutions,Promedio de la deuda de préstamos Stafford y Grad PLUS desembolsada en el conjunto de las instituciones
field_of_study,debt_all_stgp_any_mdn,Mediana d a dívida de empréstimos Stafford e Grad PLUS desembolsada no conjunto das instituições,Median Stafford and Grad PLUS loan debt disbursed at all institutions,Mediana de la deuda de préstamos Stafford y Grad PLUS desembolsada en el conjunto de las instituciones
field_of_study,debt_all_stgp_eval_n,Número de tomadores usado no cálculo da média e da mediana d a dívida de empréstimos Stafford e Grad PLUS desembolsada nesta instituição,Borrower count for average/median Stafford and Grad PLUS loan debt disbursed at this institution,Número de prestatarios usado en el cálculo del promedio y la mediana de la deuda de préstamos Stafford y Grad PLUS desembolsada en esta institución
field_of_study,debt_all_stgp_eval_mean,Média d a dívida de empréstimos Stafford e Grad PLUS desembolsada nesta instituição,Average Stafford and Grad PLUS loan debt disbursed at this institution,Promedio de la deuda de préstamos Stafford y Grad PLUS desembolsada en esta institución
field_of_study,debt_all_stgp_eval_mdn,Mediana d a dívida de empréstimos Stafford e Grad PLUS desembolsada nesta instituição,Median Stafford and Grad PLUS loan debt disbursed at this institution,Mediana de la deuda de préstamos Stafford y Grad PLUS desembolsada en esta institución
field_of_study,debt_all_pp_any_n,Número de estudantes beneficiários usado no cálculo da média e da mediana d a dívida de empréstimos Parent PLUS desembolsada no conjunto das instituições,Student recipient count for average/median Parent PLUS loan debt disbursed at all institutions,Número de estudiantes beneficiarios usado en el cálculo del promedio y la mediana de la deuda de préstamos Parent PLUS desembolsada en el conjunto de las instituciones
field_of_study,debt_all_pp_any_mean,Média d a dívida de empréstimos Parent PLUS desembolsada no conjunto das instituições,Average Parent PLUS loan debt disbursed at all institutions,Promedio de la deuda de préstamos Parent PLUS desembolsada en el conjunto de las instituciones
field_of_study,debt_all_pp_any_mdn,Mediana d a dívida de empréstimos Parent PLUS desembolsada no conjunto das instituições,Median Parent PLUS loan debt disbursed at all institutions,Mediana de la deuda de préstamos Parent PLUS desembolsada en el conjunto de las instituciones
field_of_study,debt_all_pp_eval_n,Número de estudantes beneficiários usado no cálculo da média e da mediana d a dívida de empréstimos Parent PLUS desembolsada nesta instituição,Student recipient count for average/median Parent PLUS loan debt disbursed at this institution,Número de estudiantes beneficiarios usado en el cálculo del promedio y la mediana de la deuda de préstamos Parent PLUS desembolsada en esta institución
field_of_study,debt_all_pp_eval_mean,Média d a dívida de empréstimos Parent PLUS desembolsada nesta instituição,Average Parent PLUS loan debt disbursed at this institution,Promedio de la deuda de préstamos Parent PLUS desembolsada en esta institución
field_of_study,debt_all_pp_eval_mdn,Mediana d a dívida de empréstimos Parent PLUS desembolsada nesta instituição,Median Parent PLUS loan debt disbursed at this institution,Mediana de la deuda de préstamos Parent PLUS desembolsada en esta institución
field_of_study,debt_male_stgp_any_n,Número de tomadores usado no cálculo da média e da mediana d a dívida de empréstimos Stafford e Grad PLUS desembolsada a estudantes do sexo masculino no conjunto das instituições,Borrower count for average/median Stafford and Grad PLUS loan debt disbursed to males at all institutions,Número de prestatarios usado en el cálculo del promedio y la mediana de la deuda de préstamos Stafford y Grad PLUS desembolsada a estudiantes de sexo masculino en el conjunto de las instituciones
field_of_study,debt_male_stgp_any_mean,Média d a dívida de empréstimos Stafford e Grad PLUS desembolsada a estudantes do sexo masculino no conjunto das instituições,Average Stafford and Grad PLUS loan debt disbursed to males at all institutions,Promedio de la deuda de préstamos Stafford y Grad PLUS desembolsada a estudiantes de sexo masculino en el conjunto de las instituciones
field_of_study,debt_male_stgp_any_mdn,Mediana d a dívida de empréstimos Stafford e Grad PLUS desembolsada a estudantes do sexo masculino no conjunto das instituições,Median Stafford and Grad PLUS loan debt disbursed to males at all institutions,Mediana de la deuda de préstamos Stafford y Grad PLUS desembolsada a estudiantes de sexo masculino en el conjunto de las instituciones
field_of_study,debt_male_stgp_eval_n,Número de tomadores usado no cálculo da média e da mediana d a dívida de empréstimos Stafford e Grad PLUS desembolsada a estudantes do sexo masculino nesta instituição,Borrower count for average/median Stafford and Grad PLUS loan debt disbursed to males at this institution,Número de prestatarios usado en el cálculo del promedio y la mediana de la deuda de préstamos Stafford y Grad PLUS desembolsada a estudiantes de sexo masculino en esta institución
field_of_study,debt_male_stgp_eval_mean,Média d a dívida de empréstimos Stafford e Grad PLUS desembolsada a estudantes do sexo masculino nesta instituição,Average Stafford and Grad PLUS loan debt disbursed to males at this institution,Promedio de la deuda de préstamos Stafford y Grad PLUS desembolsada a estudiantes de sexo masculino en esta institución
field_of_study,debt_male_stgp_eval_mdn,Mediana d a dívida de empréstimos Stafford e Grad PLUS desembolsada a estudantes do sexo masculino nesta instituição,Median Stafford and Grad PLUS loan debt disbursed to males at this institution,Mediana de la deuda de préstamos Stafford y Grad PLUS desembolsada a estudiantes de sexo masculino en esta institución
field_of_study,debt_male_pp_any_n,Número de estudantes beneficiários usado no cálculo da média e da mediana d a dívida de empréstimos Parent PLUS desembolsada a estudantes do sexo masculino no conjunto das instituições,Student recipient count for average/median Parent PLUS loan debt disbursed to males at all institutions,Número de estudiantes beneficiarios usado en el cálculo del promedio y la mediana de la deuda de préstamos Parent PLUS desembolsada a estudiantes de sexo masculino en el conjunto de las instituciones
field_of_study,debt_male_pp_any_mean,Média d a dívida de empréstimos Parent PLUS desembolsada a estudantes do sexo masculino no conjunto das instituições,Average Parent PLUS loan debt disbursed to males at all institutions,Promedio de la deuda de préstamos Parent PLUS desembolsada a estudiantes de sexo masculino en el conjunto de las instituciones
field_of_study,debt_male_pp_any_mdn,Mediana d a dívida de empréstimos Parent PLUS desembolsada a estudantes do sexo masculino no conjunto das instituições,Median Parent PLUS loan debt disbursed to males at all institutions,Mediana de la deuda de préstamos Parent PLUS desembolsada a estudiantes de sexo masculino en el conjunto de las instituciones
field_of_study,debt_male_pp_eval_n,Número de estudantes beneficiários usado no cálculo da média e da mediana d a dívida de empréstimos Parent PLUS desembolsada a estudantes do sexo masculino nesta instituição,Student recipient count for average/median Parent PLUS loan debt disbursed to males at this institution,Número de estudiantes beneficiarios usado en el cálculo del promedio y la mediana de la deuda de préstamos Parent PLUS desembolsada a estudiantes de sexo masculino en esta institución
field_of_study,debt_male_pp_eval_mean,Média d a dívida de empréstimos Parent PLUS desembolsada a estudantes do sexo masculino nesta instituição,Average Parent PLUS loan debt disbursed to males at this institution,Promedio de la deuda de préstamos Parent PLUS desembolsada a estudiantes de sexo masculino en esta institución
field_of_study,debt_male_pp_eval_mdn,Mediana d a dívida de empréstimos Parent PLUS desembolsada a estudantes do sexo masculino nesta instituição,Median Parent PLUS loan debt disbursed to males at this institution,Mediana de la deuda de préstamos Parent PLUS desembolsada a estudiantes de sexo masculino en esta institución
field_of_study,debt_notmale_stgp_any_n,Número de tomadores usado no cálculo da média e da mediana d a dívida de empréstimos Stafford e Grad PLUS desembolsada a estudantes não masculinos no conjunto das instituições,Borrower count for average/median Stafford and Grad PLUS loan debt disbursed to non-males at all institutions,Número de prestatarios usado en el cálculo del promedio y la mediana de la deuda de préstamos Stafford y Grad PLUS desembolsada a estudiantes no masculinos en el conjunto de las instituciones
field_of_study,debt_notmale_stgp_any_mean,Média d a dívida de empréstimos Stafford e Grad PLUS desembolsada a estudantes não masculinos no conjunto das instituições,Average Stafford and Grad PLUS loan debt disbursed to non-males at all institutions,Promedio de la deuda de préstamos Stafford y Grad PLUS desembolsada a estudiantes no masculinos en el conjunto de las instituciones
field_of_study,debt_notmale_stgp_any_mdn,Mediana d a dívida de empréstimos Stafford e Grad PLUS desembolsada a estudantes não masculinos no conjunto das instituições,Median Stafford and Grad PLUS loan debt disbursed to non-males at all institutions,Mediana de la deuda de préstamos Stafford y Grad PLUS desembolsada a estudiantes no masculinos en el conjunto de las instituciones
field_of_study,debt_notmale_stgp_eval_n,Número de tomadores usado no cálculo da média e da mediana d a dívida de empréstimos Stafford e Grad PLUS desembolsada a estudantes não masculinos nesta instituição,Borrower count for average/median Stafford and Grad PLUS loan debt disbursed to non-males at this institution,Número de prestatarios usado en el cálculo del promedio y la mediana de la deuda de préstamos Stafford y Grad PLUS desembolsada a estudiantes no masculinos en esta institución
field_of_study,debt_notmale_stgp_eval_mean,Média d a dívida de empréstimos Stafford e Grad PLUS desembolsada a estudantes não masculinos nesta instituição,Average Stafford and Grad PLUS loan debt disbursed to non-males at this institution,Promedio de la deuda de préstamos Stafford y Grad PLUS desembolsada a estudiantes no masculinos en esta institución
field_of_study,debt_notmale_stgp_eval_mdn,Mediana d a dívida de empréstimos Stafford e Grad PLUS desembolsada a estudantes não masculinos nesta instituição,Median Stafford and Grad PLUS loan debt disbursed to non-males at this institution,Mediana de la deuda de préstamos Stafford y Grad PLUS desembolsada a estudiantes no masculinos en esta institución
field_of_study,debt_notmale_pp_any_n,Número de estudantes beneficiários usado no cálculo da média e da mediana d a dívida de empréstimos Parent PLUS desembolsada a estudantes não masculinos no conjunto das instituições,Student recipient count for average/median Parent PLUS loan debt disbursed to non-males at all institutions,Número de estudiantes beneficiarios usado en el cálculo del promedio y la mediana de la deuda de préstamos Parent PLUS desembolsada a estudiantes no masculinos en el conjunto de las instituciones
field_of_study,debt_notmale_pp_any_mean,Média d a dívida de empréstimos Parent PLUS desembolsada a estudantes não masculinos no conjunto das instituições,Average Parent PLUS loan debt disbursed to non-males at all institutions,Promedio de la deuda de préstamos Parent PLUS desembolsada a estudiantes no masculinos en el conjunto de las instituciones
field_of_study,debt_notmale_pp_any_mdn,Mediana d a dívida de empréstimos Parent PLUS desembolsada a estudantes não masculinos no conjunto das instituições,Median Parent PLUS loan debt disbursed to non-males at all institutions,Mediana de la deuda de préstamos Parent PLUS desembolsada a estudiantes no masculinos en el conjunto de las instituciones
field_of_study,debt_notmale_pp_eval_n,Número de estudantes beneficiários usado no cálculo da média e da mediana d a dívida de empréstimos Parent PLUS desembolsada a estudantes não masculinos nesta instituição,Student recipient count for average/median Parent PLUS loan debt disbursed to non-males at this institution,Número de estudiantes beneficiarios usado en el cálculo del promedio y la mediana de la deuda de préstamos Parent PLUS desembolsada a estudiantes no masculinos en esta institución
field_of_study,debt_notmale_pp_eval_mean,Média d a dívida de empréstimos Parent PLUS desembolsada a estudantes não masculinos nesta instituição,Average Parent PLUS loan debt disbursed to non-males at this institution,Promedio de la deuda de préstamos Parent PLUS desembolsada a estudiantes no masculinos en esta institución
field_of_study,debt_notmale_pp_eval_mdn,Mediana d a dívida de empréstimos Parent PLUS desembolsada a estudantes não masculinos nesta instituição,Median Parent PLUS loan debt disbursed to non-males at this institution,Mediana de la deuda de préstamos Parent PLUS desembolsada a estudiantes no masculinos en esta institución
field_of_study,debt_pell_stgp_any_n,Número de tomadores usado no cálculo da média e da mediana d a dívida de empréstimos Stafford e Grad PLUS desembolsada a estudantes com bolsa Pell no conjunto das instituições,Borrower count for average/median Stafford and Grad PLUS loan debt disbursed to Pell recipients at all institutions,Número de prestatarios usado en el cálculo del promedio y la mediana de la deuda de préstamos Stafford y Grad PLUS desembolsada a estudiantes con beca Pell en el conjunto de las instituciones
field_of_study,debt_pell_stgp_any_mean,Média d a dívida de empréstimos Stafford e Grad PLUS desembolsada a estudantes com bolsa Pell no conjunto das instituições,Average Stafford and Grad PLUS loan debt disbursed to Pell recipients at all institutions,Promedio de la deuda de préstamos Stafford y Grad PLUS desembolsada a estudiantes con beca Pell en el conjunto de las instituciones
field_of_study,debt_pell_stgp_any_mdn,Mediana d a dívida de empréstimos Stafford e Grad PLUS desembolsada a estudantes com bolsa Pell no conjunto das instituições,Median Stafford and Grad PLUS loan debt disbursed to Pell recipients at all institutions,Mediana de la deuda de préstamos Stafford y Grad PLUS desembolsada a estudiantes con beca Pell en el conjunto de las instituciones
field_of_study,debt_pell_stgp_eval_n,Número de tomadores usado no cálculo da média e da mediana d a dívida de empréstimos Stafford e Grad PLUS desembolsada a estudantes com bolsa Pell nesta instituição,Borrower count for average/median Stafford and Grad PLUS loan debt disbursed to Pell recipients at this institution,Número de prestatarios usado en el cálculo del promedio y la mediana de la deuda de préstamos Stafford y Grad PLUS desembolsada a estudiantes con beca Pell en esta institución
field_of_study,debt_pell_stgp_eval_mean,Média d a dívida de empréstimos Stafford e Grad PLUS desembolsada a estudantes com bolsa Pell nesta instituição,Average Stafford and Grad PLUS loan debt disbursed to Pell recipients at this institution,Promedio de la deuda de préstamos Stafford y Grad PLUS desembolsada a estudiantes con beca Pell en esta institución
field_of_study,debt_pell_stgp_eval_mdn,Mediana d a dívida de empréstimos Stafford e Grad PLUS desembolsada a estudantes com bolsa Pell nesta instituição,Median Stafford and Grad PLUS loan debt disbursed to Pell recipients at this institution,Mediana de la deuda de préstamos Stafford y Grad PLUS desembolsada a estudiantes con beca Pell en esta institución
field_of_study,debt_pell_pp_any_n,Número de estudantes beneficiários usado no cálculo da média e da mediana d a dívida de empréstimos Parent PLUS desembolsada a estudantes com bolsa Pell no conjunto das instituições,Student recipient count for average/median Parent PLUS loan debt disbursed to Pell recipients at all institutions,Número de estudiantes beneficiarios usado en el cálculo del promedio y la mediana de la deuda de préstamos Parent PLUS desembolsada a estudiantes con beca Pell en el conjunto de las instituciones
field_of_study,debt_pell_pp_any_mean,Média d a dívida de empréstimos Parent PLUS desembolsada a estudantes com bolsa Pell no conjunto das instituições,Average Parent PLUS loan debt disbursed to Pell recipients at all institutions,Promedio de la deuda de préstamos Parent PLUS desembolsada a estudiantes con beca Pell en el conjunto de las instituciones
field_of_study,debt_pell_pp_any_mdn,Mediana d a dívida de empréstimos Parent PLUS desembolsada a estudantes com bolsa Pell no conjunto das instituições,Median Parent PLUS loan debt disbursed to Pell recipients at all institutions,Mediana de la deuda de préstamos Parent PLUS desembolsada a estudiantes con beca Pell en el conjunto de las instituciones
field_of_study,debt_pell_pp_eval_n,Número de estudantes beneficiários usado no cálculo da média e da mediana d a dívida de empréstimos Parent PLUS desembolsada a estudantes com bolsa Pell nesta instituição,Student recipient count for average/median Parent PLUS loan debt disbursed to Pell recipients at this institution,Número de estudiantes beneficiarios usado en el cálculo del promedio y la mediana de la deuda de préstamos Parent PLUS desembolsada a estudiantes con beca Pell en esta institución
field_of_study,debt_pell_pp_eval_mean,Média d a dívida de empréstimos Parent PLUS desembolsada a estudantes com bolsa Pell nesta instituição,Average Parent PLUS loan debt disbursed to Pell recipients at this institution,Promedio de la deuda de préstamos Parent PLUS desembolsada a estudiantes con beca Pell en esta institución
field_of_study,debt_pell_pp_eval_mdn,Mediana d a dívida de empréstimos Parent PLUS desembolsada a estudantes com bolsa Pell nesta instituição,Median Parent PLUS loan debt disbursed to Pell recipients at this institution,Mediana de la deuda de préstamos Parent PLUS desembolsada a estudiantes con beca Pell en esta institución
field_of_study,debt_nopell_stgp_any_n,Número de tomadores usado no cálculo da média e da mediana d a dívida de empréstimos Stafford e Grad PLUS desembolsada a estudantes sem bolsa Pell no conjunto das instituições,Borrower count for average/median Stafford and Grad PLUS loan debt disbursed to non-Pell-recipients at all institutions,Número de prestatarios usado en el cálculo del promedio y la mediana de la deuda de préstamos Stafford y Grad PLUS desembolsada a estudiantes sin beca Pell en el conjunto de las instituciones
field_of_study,debt_nopell_stgp_any_mean,Média d a dívida de empréstimos Stafford e Grad PLUS desembolsada a estudantes sem bolsa Pell no conjunto das instituições,Average Stafford and Grad PLUS loan debt disbursed to non-Pell-recipients at all institutions,Promedio de la deuda de préstamos Stafford y Grad PLUS desembolsada a estudiantes sin beca Pell en el conjunto de las instituciones
field_of_study,debt_nopell_stgp_any_mdn,Mediana d a dívida de empréstimos Stafford e Grad PLUS desembolsada a estudantes sem bolsa Pell no conjunto das instituições,Median Stafford and Grad PLUS loan debt disbursed to non-Pell-recipients at all institutions,Mediana de la deuda de préstamos Stafford y Grad PLUS desembolsada a estudiantes sin beca Pell en el conjunto de las instituciones
field_of_study,debt_nopell_stgp_eval_n,Número de tomadores usado no cálculo da média e da mediana d a dívida de empréstimos Stafford e Grad PLUS desembolsada a estudantes sem bolsa Pell nesta instituição,Borrower count for average/median Stafford and Grad PLUS loan debt disbursed to non-Pell-recipients at this institution,Número de prestatarios usado en el cálculo del promedio y la mediana de la deuda de préstamos Stafford y Grad PLUS desembolsada a estudiantes sin beca Pell en esta institución
field_of_study,debt_nopell_stgp_eval_mean,Média d a dívida de empréstimos Stafford e Grad PLUS desembolsada a estudantes sem bolsa Pell nesta instituição,Average Stafford and Grad PLUS loan debt disbursed to non-Pell-recipients at this institution,Promedio de la deuda de préstamos Stafford y Grad PLUS desembolsada a estudiantes sin beca Pell en esta institución
field_of_study,debt_nopell_stgp_eval_mdn,Mediana d a dívida de empréstimos Stafford e Grad PLUS desembolsada a estudantes sem bolsa Pell nesta instituição,Median Stafford and Grad PLUS loan debt disbursed to non-Pell-recipients at this institution,Mediana de la deuda de préstamos Stafford y Grad PLUS desembolsada a estudiantes sin beca Pell en esta institución
field_of_study,debt_nopell_pp_any_n,Número de estudantes beneficiários usado no cálculo da média e da mediana d a dívida de empréstimos Parent PLUS desembolsada a estudantes sem bolsa Pell no conjunto das instituições,Student recipient count for average/median Parent PLUS loan debt disbursed to non-Pell-recipients at all institutions,Número de estudiantes beneficiarios usado en el cálculo del promedio y la mediana de la deuda de préstamos Parent PLUS desembolsada a estudiantes sin beca Pell en el conjunto de las instituciones
field_of_study,debt_nopell_pp_any_mean,Média d a dívida de empréstimos Parent PLUS desembolsada a estudantes sem bolsa Pell no conjunto das instituições,Average Parent PLUS loan debt disbursed to non-Pell-recipients at all institutions,Promedio de la deuda de préstamos Parent PLUS desembolsada a estudiantes sin beca Pell en el conjunto de las instituciones
field_of_study,debt_nopell_pp_any_mdn,Mediana d a dívida de empréstimos Parent PLUS desembolsada a estudantes sem bolsa Pell no conjunto das instituições,Median Parent PLUS loan debt disbursed to non-Pell-recipients at all institutions,Mediana de la deuda de préstamos Parent PLUS desembolsada a estudiantes sin beca Pell en el conjunto de las instituciones
field_of_study,debt_nopell_pp_eval_n,Número de estudantes beneficiários usado no cálculo da média e da mediana d a dívida de empréstimos Parent PLUS desembolsada a estudantes sem bolsa Pell nesta instituição,Student recipient count for average/median Parent PLUS loan debt disbursed to non-Pell-recipients at this institution,Número de estudiantes beneficiarios usado en el cálculo del promedio y la mediana de la deuda de préstamos Parent PLUS desembolsada a estudiantes sin beca Pell en esta institución
field_of_study,debt_nopell_pp_eval_mean,Média d a dívida de empréstimos Parent PLUS desembolsada a estudantes sem bolsa Pell nesta instituição,Average Parent PLUS loan debt disbursed to non-Pell-recipients at this institution,Promedio de la deuda de préstamos Parent PLUS desembolsada a estudiantes sin beca Pell en esta institución
field_of_study,debt_nopell_pp_eval_mdn,Mediana d a dívida de empréstimos Parent PLUS desembolsada a estudantes sem bolsa Pell nesta instituição,Median Parent PLUS loan debt disbursed to non-Pell-recipients at this institution,Mediana de la deuda de préstamos Parent PLUS desembolsada a estudiantes sin beca Pell en esta institución
field_of_study,debt_all_pp_any_mdn10yrpay,Estimativa mediana da prestação mensal d a dívida de empréstimos Parent PLUS desembolsada no conjunto das instituições,Median estimated monthly payment for Parent PLUS loan debt disbursed at all institutions,Estimación mediana de la cuota mensual de la deuda de préstamos Parent PLUS desembolsada en el conjunto de las instituciones
field_of_study,debt_all_pp_eval_mdn10yrpay,Estimativa mediana da prestação mensal d a dívida de empréstimos Parent PLUS desembolsada nesta instituição,Median estimated monthly payment for Parent PLUS loan debt disbursed at this institution,Estimación mediana de la cuota mensual de la deuda de préstamos Parent PLUS desembolsada en esta institución
field_of_study,debt_all_stgp_any_mdn10yrpay,Estimativa mediana da prestação mensal d a dívida de empréstimos Stafford e Grad PLUS desembolsada no conjunto das instituições,Median estimated monthly payment for Stafford and Grad PLUS loan debt disbursed at all institutions,Estimación mediana de la cuota mensual de la deuda de préstamos Stafford y Grad PLUS desembolsada en el conjunto de las instituciones
field_of_study,debt_all_stgp_eval_mdn10yrpay,Estimativa mediana da prestação mensal d a dívida de empréstimos Stafford e Grad PLUS desembolsada nesta instituição,Median estimated monthly payment for Stafford and Grad PLUS loan debt disbursed at this institution,Estimación mediana de la cuota mensual de la deuda de préstamos Stafford y Grad PLUS desembolsada en esta institución
field_of_study,earn_count_nwne_hi_1yr,Número de concluintes sem trabalhar e sem estar matriculados 1 ano após concluírem a credencial mais alta,Number of graduates not working and not enrolled 1 year after completing highest credential,Número de egresados sin trabajar y sin estar matriculados 1 año después de concluir la credencial más alta
field_of_study,earn_cntover150_hi_1yr,Número de concluintes trabalhando e sem estar matriculados que ganharam mais de 150% da linha de pobreza de um domicílio unipessoal 1 ano após concluírem a credencial mais alta,Number of graduates working and not enrolled who earned more than 150% of the single-person household poverty threshold 1 year after completing highest credential,Número de egresados trabajando y sin estar matriculados que ganaron más del 150% de la línea de pobreza de un hogar unipersonal 1 año después de concluir la credencial más alta
field_of_study,earn_count_wne_hi_1yr,Número de concluintes trabalhando e sem estar matriculados 1 ano após concluírem a credencial mais alta,Number of graduates working and not enrolled 1 year after completing highest credential,Número de egresados trabajando y sin estar matriculados 1 año después de concluir la credencial más alta
field_of_study,earn_mdn_hi_1yr,Rendimento mediano de concluintes trabalhando e sem estar matriculados 1 ano após concluírem a credencial mais alta,Median earnings of graduates working and not enrolled 1 year after completing highest credential,Ingreso mediano de egresados trabajando y sin estar matriculados 1 año después de concluir la credencial más alta
field_of_study,earn_count_nwne_hi_2yr,Número de concluintes sem trabalhar e sem estar matriculados 2 anos após concluírem a credencial mais alta,Number of graduates not working and not enrolled 2 years after completing highest credential,Número de egresados sin trabajar y sin estar matriculados 2 años después de concluir la credencial más alta
field_of_study,earn_cntover150_hi_2yr,Número de concluintes trabalhando e sem estar matriculados que ganharam mais de 150% da linha de pobreza de um domicílio unipessoal 2 anos após concluírem a credencial mais alta,Number of graduates working and not enrolled who earned more than 150% of the single-person household poverty threshold 2 years after completing highest credential,Número de egresados trabajando y sin estar matriculados que ganaron más del 150% de la línea de pobreza de un hogar unipersonal 2 años después de concluir la credencial más alta
field_of_study,earn_count_wne_hi_2yr,Número de concluintes trabalhando e sem estar matriculados 2 anos após concluírem a credencial mais alta,Number of graduates working and not enrolled 2 years after completing highest credential,Número de egresados trabajando y sin estar matriculados 2 años después de concluir la credencial más alta
field_of_study,earn_mdn_hi_2yr,Rendimento mediano de concluintes trabalhando e sem estar matriculados 2 anos após concluírem a credencial mais alta,Median earnings of graduates working and not enrolled 2 years after completing highest credential,Ingreso mediano de egresados trabajando y sin estar matriculados 2 años después de concluir la credencial más alta
field_of_study,bbrr2_fed_comp_n,"Contagem de tomadores de empréstimo estudantil federal em 2 anos, entre concluintes",Federal student loan borrower-based 2-year borrower count of completers,"Conteo de prestatarios de préstamo estudiantil federal en 2 años, entre egresados"
field_of_study,bbrr2_fed_comp_dflt,"Proporção, de 0 a 1, dos tomadores de empréstimo estudantil federal concluintes da graduação em inadimplência após 2 anos",Percentage of undergraduate completer undergraduate federal student loan borrowers in default after 2 years,"Proporción, de 0 a 1, de los prestatarios de préstamo estudiantil federal egresados del pregrado en incumplimiento después de 2 años"
field_of_study,bbrr2_fed_comp_dlnq,"Proporção, de 0 a 1, dos tomadores de empréstimo estudantil federal concluintes da graduação em atraso após 2 anos",Percentage of undergraduate completer undergraduate federal student loan borrowers in delinquency after 2 years,"Proporción, de 0 a 1, de los prestatarios de préstamo estudiantil federal egresados del pregrado en mora después de 2 años"
field_of_study,bbrr2_fed_comp_fbr,"Proporção, de 0 a 1, dos tomadores de empréstimo estudantil federal concluintes da graduação em suspensão temporária de pagamento após 2 anos",Percentage of undergraduate completer undergraduate federal student loan borrowers in forbearance after 2 years,"Proporción, de 0 a 1, de los prestatarios de préstamo estudiantil federal egresados del pregrado en suspensión temporal de pago después de 2 años"
field_of_study,bbrr2_fed_comp_dfr,"Proporção, de 0 a 1, dos tomadores de empréstimo estudantil federal concluintes da graduação em diferimento após 2 anos",Percentage of undergraduate completer undergraduate federal student loan borrowers in deferment after 2 years,"Proporción, de 0 a 1, de los prestatarios de préstamo estudiantil federal egresados del pregrado en aplazamiento después de 2 años"
field_of_study,bbrr2_fed_comp_noprog,"Proporção, de 0 a 1, dos tomadores de empréstimo estudantil federal concluintes da graduação sem progresso na amortização após 2 anos",Percentage of undergraduate completer undergraduate federal student loan borrowers not making progress after 2 years,"Proporción, de 0 a 1, de los prestatarios de préstamo estudiantil federal egresados del pregrado sin progreso en la amortización después de 2 años"
field_of_study,bbrr2_fed_comp_makeprog,"Proporção, de 0 a 1, dos tomadores de empréstimo estudantil federal concluintes da graduação com progresso na amortização após 2 anos",Percentage of undergraduate completer undergraduate federal student loan borrowers making progress after 2 years,"Proporción, de 0 a 1, de los prestatarios de préstamo estudiantil federal egresados del pregrado con progreso en la amortización después de 2 años"
field_of_study,bbrr2_fed_comp_paidinfull,"Proporção, de 0 a 1, dos tomadores de empréstimo estudantil federal concluintes da graduação com o saldo integralmente pago após 2 anos",Percentage of undergraduate completer undergraduate federal student loan borrowers paid in full after 2 years,"Proporción, de 0 a 1, de los prestatarios de préstamo estudiantil federal egresados del pregrado con el saldo íntegramente pagado después de 2 años"
field_of_study,bbrr2_fed_comp_discharge,"Proporção, de 0 a 1, dos tomadores de empréstimo estudantil federal concluintes da graduação com todos os empréstimos extintos após 2 anos",Percentage of undergraduate completer undergraduate federal student loan borrowers with all loans discharged after 2 years,"Proporción, de 0 a 1, de los prestatarios de préstamo estudiantil federal egresados del pregrado con todos los préstamos extinguidos después de 2 años"
field_of_study,bbrr3_fed_comp_n,"Contagem de tomadores de empréstimo estudantil federal em 3 anos, entre concluintes",Federal student loan borrower-based 3-year borrower count of completers,"Conteo de prestatarios de préstamo estudiantil federal en 3 años, entre egresados"
field_of_study,bbrr3_fed_comp_dflt,"Proporção, de 0 a 1, dos tomadores de empréstimo estudantil federal concluintes da graduação em inadimplência após 3 anos",Percentage of undergraduate completer undergraduate federal student loan borrowers in default after 3 years,"Proporción, de 0 a 1, de los prestatarios de préstamo estudiantil federal egresados del pregrado en incumplimiento después de 3 años"
field_of_study,bbrr3_fed_comp_dlnq,"Proporção, de 0 a 1, dos tomadores de empréstimo estudantil federal concluintes da graduação em atraso após 3 anos",Percentage of undergraduate completer undergraduate federal student loan borrowers in delinquency after 3 years,"Proporción, de 0 a 1, de los prestatarios de préstamo estudiantil federal egresados del pregrado en mora después de 3 años"
field_of_study,bbrr3_fed_comp_fbr,"Proporção, de 0 a 1, dos tomadores de empréstimo estudantil federal concluintes da graduação em suspensão temporária de pagamento após 3 anos",Percentage of undergraduate completer undergraduate federal student loan borrowers in forbearance after 3 years,"Proporción, de 0 a 1, de los prestatarios de préstamo estudiantil federal egresados del pregrado en suspensión temporal de pago después de 3 años"
field_of_study,bbrr3_fed_comp_dfr,"Proporção, de 0 a 1, dos tomadores de empréstimo estudantil federal concluintes da graduação em diferimento após 3 anos",Percentage of undergraduate completer undergraduate federal student loan borrowers in deferment after 3 years,"Proporción, de 0 a 1, de los prestatarios de préstamo estudiantil federal egresados del pregrado en aplazamiento después de 3 años"
field_of_study,bbrr3_fed_comp_noprog,"Proporção, de 0 a 1, dos tomadores de empréstimo estudantil federal concluintes da graduação sem progresso na amortização após 3 anos",Percentage of undergraduate completer undergraduate federal student loan borrowers not making progress after 3 years,"Proporción, de 0 a 1, de los prestatarios de préstamo estudiantil federal egresados del pregrado sin progreso en la amortización después de 3 años"
field_of_study,bbrr3_fed_comp_makeprog,"Proporção, de 0 a 1, dos tomadores de empréstimo estudantil federal concluintes da graduação com progresso na amortização após 3 anos",Percentage of undergraduate completer undergraduate federal student loan borrowers making progress after 3 years,"Proporción, de 0 a 1, de los prestatarios de préstamo estudiantil federal egresados del pregrado con progreso en la amortización después de 3 años"
field_of_study,bbrr3_fed_comp_paidinfull,"Proporção, de 0 a 1, dos tomadores de empréstimo estudantil federal concluintes da graduação com o saldo integralmente pago após 3 anos",Percentage of undergraduate completer undergraduate federal student loan borrowers paid in full after 3 years,"Proporción, de 0 a 1, de los prestatarios de préstamo estudiantil federal egresados del pregrado con el saldo íntegramente pagado después de 3 años"
field_of_study,bbrr3_fed_comp_discharge,"Proporção, de 0 a 1, dos tomadores de empréstimo estudantil federal concluintes da graduação com todos os empréstimos extintos após 3 anos",Percentage of undergraduate completer undergraduate federal student loan borrowers with all loans discharged after 3 years,"Proporción, de 0 a 1, de los prestatarios de préstamo estudiantil federal egresados del pregrado con todos los préstamos extinguidos después de 3 años"
field_of_study,earn_count_pell_wne_1yr,Número de concluintes que receberam bolsa Pell e estavam trabalhando e sem estar matriculados 1 ano após a conclusão,Number of graduates who received a Pell Grant and were working and not enrolled 1 year after completing,Número de egresados que recibieron beca Pell y estaban trabajando y sin estar matriculados 1 año después de la conclusión
field_of_study,earn_pell_wne_mdn_1yr,Rendimento mediano de concluintes que receberam bolsa Pell e estavam trabalhando e sem estar matriculados 1 ano após a conclusão,Median earnings of graduates who received a Pell Grant and were working and not enrolled 1 year after completing,Ingreso mediano de egresados que recibieron beca Pell y estaban trabajando y sin estar matriculados 1 año después de la conclusión
field_of_study,earn_count_nopell_wne_1yr,Número de concluintes que não receberam bolsa Pell e estavam trabalhando e sem estar matriculados 1 ano após a conclusão,Number of graduates who did not receive a Pell Grant and were working and not enrolled 1 year after completing,Número de egresados que no recibieron beca Pell y estaban trabajando y sin estar matriculados 1 año después de la conclusión
field_of_study,earn_nopell_wne_mdn_1yr,Rendimento mediano de concluintes que não receberam bolsa Pell e estavam trabalhando e sem estar matriculados 1 ano após a conclusão,Median earnings of graduates who did not receive a Pell Grant and were working and not enrolled 1 year after completing,Ingreso mediano de egresados que no recibieron beca Pell y estaban trabajando y sin estar matriculados 1 año después de la conclusión
field_of_study,earn_count_male_wne_1yr,Número de concluintes do sexo masculino trabalhando e sem estar matriculados 1 ano após a conclusão,Number of male graduates working and not enrolled 1 year after completing,Número de egresados de sexo masculino trabajando y sin estar matriculados 1 año después de la conclusión
field_of_study,earn_male_wne_mdn_1yr,Rendimento mediano de concluintes do sexo masculino trabalhando e sem estar matriculados 1 ano após a conclusão,Median earnings of male graduates working and not enrolled 1 year after completing,Ingreso mediano de egresados de sexo masculino trabajando y sin estar matriculados 1 año después de la conclusión
field_of_study,earn_count_nomale_wne_1yr,Número de concluintes não masculinos trabalhando e sem estar matriculados 1 ano após a conclusão,Number of non-male graduates working and not enrolled 1 year after completing,Número de egresados no masculinos trabajando y sin estar matriculados 1 año después de la conclusión
field_of_study,earn_nomale_wne_mdn_1yr,Rendimento mediano de concluintes não masculinos trabalhando e sem estar matriculados 1 ano após a conclusão,Median earnings of non-male graduates working and not enrolled 1 year after completing,Ingreso mediano de egresados no masculinos trabajando y sin estar matriculados 1 año después de la conclusión
field_of_study,earn_count_ne_3yr,Número de concluintes sem estar matriculados 3 anos após concluírem a credencial mais alta,Number of graduates not enrolled 3 years after completing highest credential,Número de egresados sin estar matriculados 3 años después de concluir la credencial más alta
field_of_study,earn_ne_mdn_3yr,Rendimento mediano de concluintes sem estar matriculados 3 anos após concluírem a credencial mais alta,Median earnings of graduates not enrolled 3 years after completing highest credential,Ingreso mediano de egresados sin estar matriculados 3 años después de concluir la credencial más alta
field_of_study,earn_count_wne_3yr,Número de concluintes trabalhando e sem estar matriculados 3 anos após concluírem a credencial mais alta,Number of graduates working and not enrolled 3 years after completing highest credential,Número de egresados trabajando y sin estar matriculados 3 años después de concluir la credencial más alta
field_of_study,earn_cntover150_3yr,Número de concluintes trabalhando e sem estar matriculados que ganharam mais de 150% da linha de pobreza de um domicílio unipessoal 3 anos após concluírem a credencial mais alta,Number of graduates working and not enrolled who earned more than 150% of the single-person household poverty threshold 3 years after completing highest credential,Número de egresados trabajando y sin estar matriculados que ganaron más del 150% de la línea de pobreza de un hogar unipersonal 3 años después de concluir la credencial más alta
field_of_study,earn_count_pell_ne_3yr,Número de concluintes que receberam bolsa Pell e estavam sem estar matriculados 3 anos após concluírem a credencial mais alta,Number of graduates who received a Pell Grant and were not enrolled 3 years after completing highest credential,Número de egresados que recibieron beca Pell y estaban sin estar matriculados 3 años después de concluir la credencial más alta
field_of_study,earn_pell_ne_mdn_3yr,Rendimento mediano de concluintes que receberam bolsa Pell e estavam sem estar matriculados 3 anos após concluírem a credencial mais alta,Median earnings of graduates who received a Pell Grant and were not enrolled 3 years after completing highest credential,Ingreso mediano de egresados que recibieron beca Pell y estaban sin estar matriculados 3 años después de concluir la credencial más alta
field_of_study,earn_count_nopell_ne_3yr,Número de concluintes que não receberam bolsa Pell e estavam sem estar matriculados 3 anos após concluírem a credencial mais alta,Number of graduates who did not receive a Pell Grant and were not enrolled 3 years after completing highest credential,Número de egresados que no recibieron beca Pell y estaban sin estar matriculados 3 años después de concluir la credencial más alta
field_of_study,earn_nopell_ne_mdn_3yr,Rendimento mediano de concluintes que não receberam bolsa Pell e estavam sem estar matriculados 3 anos após concluírem a credencial mais alta,Median earnings of graduates who did not receive a Pell Grant and were not enrolled 3 years after completing highest credential,Ingreso mediano de egresados que no recibieron beca Pell y estaban sin estar matriculados 3 años después de concluir la credencial más alta
field_of_study,earn_count_male_ne_3yr,Número de concluintes do sexo masculino sem estar matriculados 3 anos após concluírem a credencial mais alta,Number of male graduates not enrolled 3 years after completing highest credential,Número de egresados de sexo masculino sin estar matriculados 3 años después de concluir la credencial más alta
field_of_study,earn_male_ne_mdn_3yr,Rendimento mediano de concluintes do sexo masculino sem estar matriculados 3 anos após concluírem a credencial mais alta,Median earnings of male graduates not enrolled 3 years after completing highest credential,Ingreso mediano de egresados de sexo masculino sin estar matriculados 3 años después de concluir la credencial más alta
field_of_study,earn_count_nomale_ne_3yr,Número de concluintes não masculinos sem estar matriculados 3 anos após concluírem a credencial mais alta,Number of non-male graduates not enrolled 3 years after completing highest credential,Número de egresados no masculinos sin estar matriculados 3 años después de concluir la credencial más alta
field_of_study,earn_nomale_ne_mdn_3yr,Rendimento mediano de concluintes não masculinos sem estar matriculados 3 anos após concluírem a credencial mais alta,Median earnings of non-male graduates not enrolled 3 years after completing highest credential,Ingreso mediano de egresados no masculinos sin estar matriculados 3 años después de concluir la credencial más alta
field_of_study,earn_count_nwne_1yr,Número de concluintes sem trabalhar e sem estar matriculados 1 ano após a conclusão,Number of graduates not working and not enrolled 1 year after completing,Número de egresados sin trabajar y sin estar matriculados 1 año después de la conclusión
field_of_study,earn_count_wne_1yr,Número de concluintes trabalhando e sem estar matriculados 1 ano após a conclusão,Number of graduates working and not enrolled 1 year after completing,Número de egresados trabajando y sin estar matriculados 1 año después de la conclusión
field_of_study,earn_mdn_1yr,Rendimento mediano de concluintes trabalhando e sem estar matriculados 1 ano após a conclusão,Median earnings of graduates working and not enrolled 1 year after completing,Ingreso mediano de egresados trabajando y sin estar matriculados 1 año después de la conclusión
field_of_study,earn_gt_threshold_1yr,Número de concluintes trabalhando e sem estar matriculados 1 ano após a conclusão que ganharam mais do que um concluinte do ensino médio,Number of graduates working and not enrolled 1 year after completing who earned more than a high school graduate,Número de egresados trabajando y sin estar matriculados 1 año después de la conclusión que ganaron más que un egresado de la enseñanza media
field_of_study,earn_count_high_cred_1yr,Número de concluintes trabalhando e sem estar matriculados 1 ano após a conclusão que posteriormente obtiveram uma credencial superior,Number of graduates working and not enrolled 1 year after completing who went on to earn a higher credential,Número de egresados trabajando y sin estar matriculados 1 año después de la conclusión que posteriormente obtuvieron una credencial superior
field_of_study,earn_in_state_1yr,Número de concluintes trabalhando e sem estar matriculados 1 ano após a conclusão que estavam empregados no mesmo estado da instituição,Number of graduates working and not enrolled 1 year after completing who were employed within the same state as the institution,Número de egresados trabajando y sin estar matriculados 1 año después de la conclusión que estaban empleados en el mismo estado de la institución
field_of_study,earn_count_nwne_4yr,Número de concluintes sem trabalhar e sem estar matriculados 4 anos após a conclusão,Number of graduates not working and not enrolled 4 year after completing,Número de egresados sin trabajar y sin estar matriculados 4 años después de la conclusión
field_of_study,earn_count_wne_4yr,Número de concluintes trabalhando e sem estar matriculados 4 anos após a conclusão,Number of graduates working and not enrolled 4 year after completing,Número de egresados trabajando y sin estar matriculados 4 años después de la conclusión
field_of_study,earn_mdn_4yr,Rendimento mediano de concluintes trabalhando e sem estar matriculados 4 anos após a conclusão,Median earnings of graduates working and not enrolled 4 year after completing,Ingreso mediano de egresados trabajando y sin estar matriculados 4 años después de la conclusión
field_of_study,earn_gt_threshold_4yr,Número de concluintes trabalhando e sem estar matriculados 4 anos após a conclusão que ganharam mais do que um concluinte do ensino médio,Number of graduates working and not enrolled 4 years after completing who earned more than a high school graduate,Número de egresados trabajando y sin estar matriculados 4 años después de la conclusión que ganaron más que un egresado de la enseñanza media
field_of_study,earn_count_pell_wne_4yr,Número de concluintes que receberam bolsa Pell e estavam trabalhando e sem estar matriculados 4 anos após a conclusão,Number of graduates who received a Pell Grant and were working and not enrolled 4 year after completing,Número de egresados que recibieron beca Pell y estaban trabajando y sin estar matriculados 4 años después de la conclusión
field_of_study,earn_pell_wne_mdn_4yr,Rendimento mediano de concluintes que receberam bolsa Pell e estavam trabalhando e sem estar matriculados 4 anos após a conclusão,Median earnings of graduates who received a Pell Grant and were working and not enrolled 4 year after completing,Ingreso mediano de egresados que recibieron beca Pell y estaban trabajando y sin estar matriculados 4 años después de la conclusión
field_of_study,earn_count_nopell_wne_4yr,Número de concluintes que não receberam bolsa Pell e estavam trabalhando e sem estar matriculados 4 anos após a conclusão,Number of graduates who did not receive a Pell Grant and were working and not enrolled 4 year after completing,Número de egresados que no recibieron beca Pell y estaban trabajando y sin estar matriculados 4 años después de la conclusión
field_of_study,earn_nopell_wne_mdn_4yr,Rendimento mediano de concluintes que não receberam bolsa Pell e estavam trabalhando e sem estar matriculados 4 anos após a conclusão,Median earnings of graduates who did not receive a Pell Grant and were working and not enrolled 4 year after completing,Ingreso mediano de egresados que no recibieron beca Pell y estaban trabajando y sin estar matriculados 4 años después de la conclusión
field_of_study,earn_count_male_wne_4yr,Número de concluintes do sexo masculino trabalhando e sem estar matriculados 4 anos após a conclusão,Number of male graduates working and not enrolled 4 year after completing,Número de egresados de sexo masculino trabajando y sin estar matriculados 4 años después de la conclusión
field_of_study,earn_male_wne_mdn_4yr,Rendimento mediano de concluintes do sexo masculino trabalhando e sem estar matriculados 4 anos após a conclusão,Median earnings of male graduates working and not enrolled 4 year after completing,Ingreso mediano de egresados de sexo masculino trabajando y sin estar matriculados 4 años después de la conclusión
field_of_study,earn_count_nomale_wne_4yr,Número de concluintes não masculinos trabalhando e sem estar matriculados 4 anos após a conclusão,Number of non-male graduates working and not enrolled 4 year after completing,Número de egresados no masculinos trabajando y sin estar matriculados 4 años después de la conclusión
field_of_study,earn_nomale_wne_mdn_4yr,Rendimento mediano de concluintes não masculinos trabalhando e sem estar matriculados 4 anos após a conclusão,Median earnings of non-male graduates working and not enrolled 4 year after completing,Ingreso mediano de egresados no masculinos trabajando y sin estar matriculados 4 años después de la conclusión
field_of_study,earn_count_high_cred_4yr,Número de concluintes trabalhando e sem estar matriculados 4 anos após a conclusão que posteriormente obtiveram uma credencial superior,Number of graduates working and not enrolled 4 years after completing who went on to earn a higher credential,Número de egresados trabajando y sin estar matriculados 4 años después de la conclusión que posteriormente obtuvieron una credencial superior
field_of_study,earn_in_state_4yr,Número de concluintes trabalhando e sem estar matriculados 4 anos após a conclusão que estavam empregados no mesmo estado da instituição,Number of graduates working and not enrolled 4 years after completing who were employed within the same state as the institution,Número de egresados trabajando y sin estar matriculados 4 años después de la conclusión que estaban empleados en el mismo estado de la institución
field_of_study,bbrr1_fed_comp_n,"Contagem de tomadores de empréstimo estudantil federal em 1 ano, entre concluintes",Federal student loan borrower-based 1-year borrower count of completers,"Conteo de prestatarios de préstamo estudiantil federal en 1 año, entre egresados"
field_of_study,bbrr1_fed_comp_dflt,"Proporção, de 0 a 1, dos tomadores de empréstimo estudantil federal concluintes da graduação em inadimplência após 1 anos",Percentage of undergraduate completer undergraduate federal student loan borrowers in default after 1 years,"Proporción, de 0 a 1, de los prestatarios de préstamo estudiantil federal egresados del pregrado en incumplimiento después de 1 años"
field_of_study,bbrr1_fed_comp_dlnq,"Proporção, de 0 a 1, dos tomadores de empréstimo estudantil federal concluintes da graduação em atraso após 1 anos",Percentage of undergraduate completer undergraduate federal student loan borrowers in delinquency after 1 years,"Proporción, de 0 a 1, de los prestatarios de préstamo estudiantil federal egresados del pregrado en mora después de 1 años"
field_of_study,bbrr1_fed_comp_fbr,"Proporção, de 0 a 1, dos tomadores de empréstimo estudantil federal concluintes da graduação em suspensão temporária de pagamento após 1 anos",Percentage of undergraduate completer undergraduate federal student loan borrowers in forbearance after 1 years,"Proporción, de 0 a 1, de los prestatarios de préstamo estudiantil federal egresados del pregrado en suspensión temporal de pago después de 1 años"
field_of_study,bbrr1_fed_comp_dfr,"Proporção, de 0 a 1, dos tomadores de empréstimo estudantil federal concluintes da graduação em diferimento após 1 anos",Percentage of undergraduate completer undergraduate federal student loan borrowers in deferment after 1 years,"Proporción, de 0 a 1, de los prestatarios de préstamo estudiantil federal egresados del pregrado en aplazamiento después de 1 años"
field_of_study,bbrr1_fed_comp_noprog,"Proporção, de 0 a 1, dos tomadores de empréstimo estudantil federal concluintes da graduação sem progresso na amortização após 1 anos",Percentage of undergraduate completer undergraduate federal student loan borrowers not making progress after 1 years,"Proporción, de 0 a 1, de los prestatarios de préstamo estudiantil federal egresados del pregrado sin progreso en la amortización después de 1 años"
field_of_study,bbrr1_fed_comp_makeprog,"Proporção, de 0 a 1, dos tomadores de empréstimo estudantil federal concluintes da graduação com progresso na amortização após 1 anos",Percentage of undergraduate completer undergraduate federal student loan borrowers making progress after 1 years,"Proporción, de 0 a 1, de los prestatarios de préstamo estudiantil federal egresados del pregrado con progreso en la amortización después de 1 años"
field_of_study,bbrr1_fed_comp_paidinfull,"Proporção, de 0 a 1, dos tomadores de empréstimo estudantil federal concluintes da graduação com o saldo integralmente pago após 1 anos",Percentage of undergraduate completer undergraduate federal student loan borrowers paid in full after 1 years,"Proporción, de 0 a 1, de los prestatarios de préstamo estudiantil federal egresados del pregrado con el saldo íntegramente pagado después de 1 años"
field_of_study,bbrr1_fed_comp_discharge,"Proporção, de 0 a 1, dos tomadores de empréstimo estudantil federal concluintes da graduação com todos os empréstimos extintos após 1 anos",Percentage of undergraduate completer undergraduate federal student loan borrowers with all loans discharged after 1 years,"Proporción, de 0 a 1, de los prestatarios de préstamo estudiantil federal egresados del pregrado con todos los préstamos extinguidos después de 1 años"
field_of_study,bbrr4_fed_comp_n,"Contagem de tomadores de empréstimo estudantil federal em 4 anos, entre concluintes",Federal student loan borrower-based 4-year borrower count of completers,"Conteo de prestatarios de préstamo estudiantil federal en 4 años, entre egresados"
field_of_study,bbrr4_fed_comp_dflt,"Proporção, de 0 a 1, dos tomadores de empréstimo estudantil federal concluintes da graduação em inadimplência após 4 anos",Percentage of undergraduate completer undergraduate federal student loan borrowers in default after 4 years,"Proporción, de 0 a 1, de los prestatarios de préstamo estudiantil federal egresados del pregrado en incumplimiento después de 4 años"
field_of_study,bbrr4_fed_comp_dlnq,"Proporção, de 0 a 1, dos tomadores de empréstimo estudantil federal concluintes da graduação em atraso após 4 anos",Percentage of undergraduate completer undergraduate federal student loan borrowers in delinquency after 4 years,"Proporción, de 0 a 1, de los prestatarios de préstamo estudiantil federal egresados del pregrado en mora después de 4 años"
field_of_study,bbrr4_fed_comp_fbr,"Proporção, de 0 a 1, dos tomadores de empréstimo estudantil federal concluintes da graduação em suspensão temporária de pagamento após 4 anos",Percentage of undergraduate completer undergraduate federal student loan borrowers in forbearance after 4 years,"Proporción, de 0 a 1, de los prestatarios de préstamo estudiantil federal egresados del pregrado en suspensión temporal de pago después de 4 años"
field_of_study,bbrr4_fed_comp_dfr,"Proporção, de 0 a 1, dos tomadores de empréstimo estudantil federal concluintes da graduação em diferimento após 4 anos",Percentage of undergraduate completer undergraduate federal student loan borrowers in deferment after 4 years,"Proporción, de 0 a 1, de los prestatarios de préstamo estudiantil federal egresados del pregrado en aplazamiento después de 4 años"
field_of_study,bbrr4_fed_comp_noprog,"Proporção, de 0 a 1, dos tomadores de empréstimo estudantil federal concluintes da graduação sem progresso na amortização após 4 anos",Percentage of undergraduate completer undergraduate federal student loan borrowers not making progress after 4 years,"Proporción, de 0 a 1, de los prestatarios de préstamo estudiantil federal egresados del pregrado sin progreso en la amortización después de 4 años"
field_of_study,bbrr4_fed_comp_makeprog,"Proporção, de 0 a 1, dos tomadores de empréstimo estudantil federal concluintes da graduação com progresso na amortização após 4 anos",Percentage of undergraduate completer undergraduate federal student loan borrowers making progress after 4 years,"Proporción, de 0 a 1, de los prestatarios de préstamo estudiantil federal egresados del pregrado con progreso en la amortización después de 4 años"
field_of_study,bbrr4_fed_comp_paidinfull,"Proporção, de 0 a 1, dos tomadores de empréstimo estudantil federal concluintes da graduação com o saldo integralmente pago após 4 anos",Percentage of undergraduate completer undergraduate federal student loan borrowers paid in full after 4 years,"Proporción, de 0 a 1, de los prestatarios de préstamo estudiantil federal egresados del pregrado con el saldo íntegramente pagado después de 4 años"
field_of_study,bbrr4_fed_comp_discharge,"Proporção, de 0 a 1, dos tomadores de empréstimo estudantil federal concluintes da graduação com todos os empréstimos extintos após 4 anos",Percentage of undergraduate completer undergraduate federal student loan borrowers with all loans discharged after 4 years,"Proporción, de 0 a 1, de los prestatarios de préstamo estudiantil federal egresados del pregrado con todos los préstamos extinguidos después de 4 años"
field_of_study,distance_education,Indica em que medida a área de formação pode ser cursada integralmente a distância,Distance education indiciator for the field of study,Indica en qué medida el campo de estudio puede cursarse íntegramente a distancia
field_of_study,earn_count_nwne_5yr,Número de concluintes sem trabalhar e sem estar matriculados 5 anos após a conclusão,Number of graduates not working and not enrolled 5 year after completing,Número de egresados sin trabajar y sin estar matriculados 5 años después de la conclusión
field_of_study,earn_count_wne_5yr,Número de concluintes trabalhando e sem estar matriculados 5 anos após a conclusão,Number of graduates working and not enrolled 5 year after completing,Número de egresados trabajando y sin estar matriculados 5 años después de la conclusión
field_of_study,earn_mdn_5yr,Rendimento mediano de concluintes trabalhando e sem estar matriculados 5 anos após a conclusão,Median earnings of graduates working and not enrolled 5 year after completing,Ingreso mediano de egresados trabajando y sin estar matriculados 5 años después de la conclusión
field_of_study,earn_gt_threshold_5yr,Número de concluintes trabalhando e sem estar matriculados 5 anos após a conclusão que ganharam mais do que um concluinte do ensino médio,Number of graduates working and not enrolled 5 years after completing who earned more than a high school graduate,Número de egresados trabajando y sin estar matriculados 5 años después de la conclusión que ganaron más que un egresado de la enseñanza media
field_of_study,earn_count_pell_wne_5yr,Número de concluintes que receberam bolsa Pell e estavam trabalhando e sem estar matriculados 5 anos após a conclusão,Number of graduates who received a Pell Grant and were working and not enrolled 5 year after completing,Número de egresados que recibieron beca Pell y estaban trabajando y sin estar matriculados 5 años después de la conclusión
field_of_study,earn_pell_wne_mdn_5yr,Rendimento mediano de concluintes que receberam bolsa Pell e estavam trabalhando e sem estar matriculados 5 anos após a conclusão,Median earnings of graduates who received a Pell Grant and were working and not enrolled 5 year after completing,Ingreso mediano de egresados que recibieron beca Pell y estaban trabajando y sin estar matriculados 5 años después de la conclusión
field_of_study,earn_count_nopell_wne_5yr,Número de concluintes que não receberam bolsa Pell e estavam trabalhando e sem estar matriculados 5 anos após a conclusão,Number of graduates who did not receive a Pell Grant and were working and not enrolled 5 year after completing,Número de egresados que no recibieron beca Pell y estaban trabajando y sin estar matriculados 5 años después de la conclusión
field_of_study,earn_nopell_wne_mdn_5yr,Rendimento mediano de concluintes que não receberam bolsa Pell e estavam trabalhando e sem estar matriculados 5 anos após a conclusão,Median earnings of graduates who did not receive a Pell Grant and were working and not enrolled 5 year after completing,Ingreso mediano de egresados que no recibieron beca Pell y estaban trabajando y sin estar matriculados 5 años después de la conclusión
field_of_study,earn_count_male_wne_5yr,Número de concluintes do sexo masculino trabalhando e sem estar matriculados 5 anos após a conclusão,Number of male graduates working and not enrolled 5 year after completing,Número de egresados de sexo masculino trabajando y sin estar matriculados 5 años después de la conclusión
field_of_study,earn_male_wne_mdn_5yr,Rendimento mediano de concluintes do sexo masculino trabalhando e sem estar matriculados 5 anos após a conclusão,Median earnings of male graduates working and not enrolled 5 year after completing,Ingreso mediano de egresados de sexo masculino trabajando y sin estar matriculados 5 años después de la conclusión
field_of_study,earn_count_nomale_wne_5yr,Número de concluintes não masculinos trabalhando e sem estar matriculados 5 anos após a conclusão,Number of non-male graduates working and not enrolled 5 year after completing,Número de egresados no masculinos trabajando y sin estar matriculados 5 años después de la conclusión
field_of_study,earn_nomale_wne_mdn_5yr,Rendimento mediano de concluintes não masculinos trabalhando e sem estar matriculados 5 anos após a conclusão,Median earnings of non-male graduates working and not enrolled 5 year after completing,Ingreso mediano de egresados no masculinos trabajando y sin estar matriculados 5 años después de la conclusión
field_of_study,earn_count_high_cred_5yr,Número de concluintes trabalhando e sem estar matriculados 5 anos após a conclusão que posteriormente obtiveram uma credencial superior,Number of graduates working and not enrolled 5 years after completing who went on to earn a higher credential,Número de egresados trabajando y sin estar matriculados 5 años después de la conclusión que posteriormente obtuvieron una credencial superior
field_of_study,earn_in_state_5yr,Número de concluintes trabalhando e sem estar matriculados 5 anos após a conclusão que estavam empregados no mesmo estado da instituição,Number of graduates working and not enrolled 5 years after completing who were employed within the same state as the institution,Número de egresados trabajando y sin estar matriculados 5 años después de la conclusión que estaban empleados en el mismo estado de la institución
field_of_study,earn_count_wne_4yr_nat,Número de concluintes no país trabalhando e sem estar matriculados 4 anos após a conclusão,Number of graduates in the nation working and not enrolled 4 year after completing,Número de egresados en el país trabajando y sin estar matriculados 4 años después de la conclusión
field_of_study,earn_mdn_4yr_nat,Rendimento mediano de concluintes no país trabalhando e sem estar matriculados 4 anos após a conclusão,Median earnings of graduates in the nation working and not enrolled 4 year after completing,Ingreso mediano de egresados en el país trabajando y sin estar matriculados 4 años después de la conclusión
field_of_study,earn_p25_4yr_nat,Rendimento no percentil 25 de concluintes no país trabalhando e sem estar matriculados 4 anos após a conclusão,25th percentile earnings of graduates in the nation working and not enrolled 4 year after completing,Ingreso en el percentil 25 de egresados en el país trabajando y sin estar matriculados 4 años después de la conclusión
field_of_study,earn_p75_4yr_nat,Rendimento no percentil 75 de concluintes no país trabalhando e sem estar matriculados 4 anos após a conclusão,75th percentile earnings of graduates in the nation working and not enrolled 4 year after completing,Ingreso en el percentil 75 de egresados en el país trabajando y sin estar matriculados 4 años después de la conclusión
variable,variable_name,Nome da variável conforme publicado pela fonte,Variable name as published by the source,Nombre de la variable según lo publicado por la fuente
variable,source_file,Arquivo de origem da variável: institution ou field_of_study,Source file the variable comes from: institution or field_of_study,Archivo de origen de la variable: institution o field_of_study
variable,table_name,Tabela deste conjunto em que a variável foi carregada,Table of this dataset the variable was loaded into,Tabla de este conjunto en la que se cargó la variable
variable,api_name,Nome hierárquico da variável na API do College Scorecard,Hierarchical name of the variable in the College Scorecard API,Nombre jerárquico de la variable en la API del College Scorecard
variable,data_type,Tipo declarado pela fonte para a variável,Data type the source declares for the variable,Tipo declarado por la fuente para la variable
variable,label,"Definição da variável no dicionário de dados oficial, incluindo os rótulos dos códigos quando existem","Definition of the variable in the official data dictionary, including code labels where they exist","Definición de la variable en el diccionario de datos oficial, incluidas las etiquetas de los códigos cuando existen"
dicionario,id_tabela,Nome da tabela que contém a coluna traduzida por este dicionário,Name of the table holding the column this dictionary translates,Nombre de la tabla que contiene la columna traducida por este diccionario
dicionario,nome_coluna,Nome da coluna traduzida por este dicionário,Name of the column this dictionary translates,Nombre de la columna traducida por este diccionario
dicionario,chave,Código presente na coluna original,Code as stored in the original column,Código presente en la columna original
dicionario,cobertura_temporal,Cobertura temporal em que a chave é válida,Temporal coverage over which the key is valid,Cobertura temporal en que la clave es válida
dicionario,valor,"Rótulo correspondente ao código, conforme o dicionário de dados oficial","Label matching the code, per the official data dictionary","Etiqueta correspondiente al código, según el diccionario de datos oficial"
academics,year,"Ano de referência da coorte, conforme o arquivo anual publicado pela fonte","Reference year of the cohort, as published in the source's annual file","Año de referencia de la cohorte, según el archivo anual publicado por la fuente"
academics,unitid,"Código de identificação da instituição no IPEDS (UNITID). Mesma chave da tabela us_ed_ipeds; como lá o tipo é INT64, o cruzamento exige safe_cast(unitid as int64)","IPEDS institution identifier (UNITID). Same key as the us_ed_ipeds dataset; that dataset types it as INT64, so joining requires safe_cast(unitid as int64)","Código de identificación de la institución en IPEDS (UNITID). Misma clave que la tabla us_ed_ipeds; allí el tipo es INT64, por lo que el cruce exige safe_cast(unitid as int64)"
academics,variable_name,"Nome da variável publicada pela fonte (ex.: MD_EARN_WNE_P10). Definição, rótulo e unidade estão na tabela variable","Variable name as published by the source (e.g. MD_EARN_WNE_P10). Its definition, label and unit are in the variable table","Nombre de la variable publicada por la fuente (ej.: MD_EARN_WNE_P10). Su definición, etiqueta y unidad están en la tabla variable"
academics,value,"Valor numérico publicado. A unidade depende da variável; ver a tabela variable. Nulo quando a fonte publicou um intervalo, uma data, um rótulo textual ou a supressão por sigilo; nesses casos o conteúdo está em value_raw","Published numeric value. The unit depends on the variable; see the variable table. Null when the source published an interval, a date, a text label or a privacy suppression instead; in those cases the content is in value_raw","Valor numérico publicado. La unidad depende de la variable; ver la tabla variable. Nulo cuando la fuente publicó un intervalo, una fecha, una etiqueta textual o la supresión por confidencialidad; en esos casos el contenido está en value_raw"
academics,value_raw,"Conteúdo publicado quando não é um número: PrivacySuppressed (célula suprimida por sigilo), um intervalo de arredondamento como 0.30-0.39 ou <=0.10 (colunas BBRR), uma data MM/DD/AAAA ou um rótulo textual. Nulo quando value está preenchido","Published content when it is not a number: PrivacySuppressed (cell withheld for privacy), a rounding interval such as 0.30-0.39 or <=0.10 (BBRR columns), an MM/DD/YYYY date or a text label. Null when value is populated","Contenido publicado cuando no es un número: PrivacySuppressed (celda suprimida por confidencialidad), un intervalo de redondeo como 0.30-0.39 o <=0.10 (columnas BBRR), una fecha MM/DD/AAAA o una etiqueta textual. Nulo cuando value está lleno"
aid_debt,year,"Ano de referência da coorte, conforme o arquivo anual publicado pela fonte","Reference year of the cohort, as published in the source's annual file","Año de referencia de la cohorte, según el archivo anual publicado por la fuente"
aid_debt,unitid,"Código de identificação da instituição no IPEDS (UNITID). Mesma chave da tabela us_ed_ipeds; como lá o tipo é INT64, o cruzamento exige safe_cast(unitid as int64)","IPEDS institution identifier (UNITID). Same key as the us_ed_ipeds dataset; that dataset types it as INT64, so joining requires safe_cast(unitid as int64)","Código de identificación de la institución en IPEDS (UNITID). Misma clave que la tabla us_ed_ipeds; allí el tipo es INT64, por lo que el cruce exige safe_cast(unitid as int64)"
aid_debt,variable_name,"Nome da variável publicada pela fonte (ex.: MD_EARN_WNE_P10). Definição, rótulo e unidade estão na tabela variable","Variable name as published by the source (e.g. MD_EARN_WNE_P10). Its definition, label and unit are in the variable table","Nombre de la variable publicada por la fuente (ej.: MD_EARN_WNE_P10). Su definición, etiqueta y unidad están en la tabla variable"
aid_debt,value,"Valor numérico publicado. A unidade depende da variável; ver a tabela variable. Nulo quando a fonte publicou um intervalo, uma data, um rótulo textual ou a supressão por sigilo; nesses casos o conteúdo está em value_raw","Published numeric value. The unit depends on the variable; see the variable table. Null when the source published an interval, a date, a text label or a privacy suppression instead; in those cases the content is in value_raw","Valor numérico publicado. La unidad depende de la variable; ver la tabla variable. Nulo cuando la fuente publicó un intervalo, una fecha, una etiqueta textual o la supresión por confidencialidad; en esos casos el contenido está en value_raw"
aid_debt,value_raw,"Conteúdo publicado quando não é um número: PrivacySuppressed (célula suprimida por sigilo), um intervalo de arredondamento como 0.30-0.39 ou <=0.10 (colunas BBRR), uma data MM/DD/AAAA ou um rótulo textual. Nulo quando value está preenchido","Published content when it is not a number: PrivacySuppressed (cell withheld for privacy), a rounding interval such as 0.30-0.39 or <=0.10 (BBRR columns), an MM/DD/YYYY date or a text label. Null when value is populated","Contenido publicado cuando no es un número: PrivacySuppressed (celda suprimida por confidencialidad), un intervalo de redondeo como 0.30-0.39 o <=0.10 (columnas BBRR), una fecha MM/DD/AAAA o una etiqueta textual. Nulo cuando value está lleno"
completion,year,"Ano de referência da coorte, conforme o arquivo anual publicado pela fonte","Reference year of the cohort, as published in the source's annual file","Año de referencia de la cohorte, según el archivo anual publicado por la fuente"
completion,unitid,"Código de identificação da instituição no IPEDS (UNITID). Mesma chave da tabela us_ed_ipeds; como lá o tipo é INT64, o cruzamento exige safe_cast(unitid as int64)","IPEDS institution identifier (UNITID). Same key as the us_ed_ipeds dataset; that dataset types it as INT64, so joining requires safe_cast(unitid as int64)","Código de identificación de la institución en IPEDS (UNITID). Misma clave que la tabla us_ed_ipeds; allí el tipo es INT64, por lo que el cruce exige safe_cast(unitid as int64)"
completion,variable_name,"Nome da variável publicada pela fonte (ex.: MD_EARN_WNE_P10). Definição, rótulo e unidade estão na tabela variable","Variable name as published by the source (e.g. MD_EARN_WNE_P10). Its definition, label and unit are in the variable table","Nombre de la variable publicada por la fuente (ej.: MD_EARN_WNE_P10). Su definición, etiqueta y unidad están en la tabla variable"
completion,value,"Valor numérico publicado. A unidade depende da variável; ver a tabela variable. Nulo quando a fonte publicou um intervalo, uma data, um rótulo textual ou a supressão por sigilo; nesses casos o conteúdo está em value_raw","Published numeric value. The unit depends on the variable; see the variable table. Null when the source published an interval, a date, a text label or a privacy suppression instead; in those cases the content is in value_raw","Valor numérico publicado. La unidad depende de la variable; ver la tabla variable. Nulo cuando la fuente publicó un intervalo, una fecha, una etiqueta textual o la supresión por confidencialidad; en esos casos el contenido está en value_raw"
completion,value_raw,"Conteúdo publicado quando não é um número: PrivacySuppressed (célula suprimida por sigilo), um intervalo de arredondamento como 0.30-0.39 ou <=0.10 (colunas BBRR), uma data MM/DD/AAAA ou um rótulo textual. Nulo quando value está preenchido","Published content when it is not a number: PrivacySuppressed (cell withheld for privacy), a rounding interval such as 0.30-0.39 or <=0.10 (BBRR columns), an MM/DD/YYYY date or a text label. Null when value is populated","Contenido publicado cuando no es un número: PrivacySuppressed (celda suprimida por confidencialidad), un intervalo de redondeo como 0.30-0.39 o <=0.10 (columnas BBRR), una fecha MM/DD/AAAA o una etiqueta textual. Nulo cuando value está lleno"
cost,year,"Ano de referência da coorte, conforme o arquivo anual publicado pela fonte","Reference year of the cohort, as published in the source's annual file","Año de referencia de la cohorte, según el archivo anual publicado por la fuente"
cost,unitid,"Código de identificação da instituição no IPEDS (UNITID). Mesma chave da tabela us_ed_ipeds; como lá o tipo é INT64, o cruzamento exige safe_cast(unitid as int64)","IPEDS institution identifier (UNITID). Same key as the us_ed_ipeds dataset; that dataset types it as INT64, so joining requires safe_cast(unitid as int64)","Código de identificación de la institución en IPEDS (UNITID). Misma clave que la tabla us_ed_ipeds; allí el tipo es INT64, por lo que el cruce exige safe_cast(unitid as int64)"
cost,variable_name,"Nome da variável publicada pela fonte (ex.: MD_EARN_WNE_P10). Definição, rótulo e unidade estão na tabela variable","Variable name as published by the source (e.g. MD_EARN_WNE_P10). Its definition, label and unit are in the variable table","Nombre de la variable publicada por la fuente (ej.: MD_EARN_WNE_P10). Su definición, etiqueta y unidad están en la tabla variable"
cost,value,"Valor numérico publicado. A unidade depende da variável; ver a tabela variable. Nulo quando a fonte publicou um intervalo, uma data, um rótulo textual ou a supressão por sigilo; nesses casos o conteúdo está em value_raw","Published numeric value. The unit depends on the variable; see the variable table. Null when the source published an interval, a date, a text label or a privacy suppression instead; in those cases the content is in value_raw","Valor numérico publicado. La unidad depende de la variable; ver la tabla variable. Nulo cuando la fuente publicó un intervalo, una fecha, una etiqueta textual o la supresión por confidencialidad; en esos casos el contenido está en value_raw"
cost,value_raw,"Conteúdo publicado quando não é um número: PrivacySuppressed (célula suprimida por sigilo), um intervalo de arredondamento como 0.30-0.39 ou <=0.10 (colunas BBRR), uma data MM/DD/AAAA ou um rótulo textual. Nulo quando value está preenchido","Published content when it is not a number: PrivacySuppressed (cell withheld for privacy), a rounding interval such as 0.30-0.39 or <=0.10 (BBRR columns), an MM/DD/YYYY date or a text label. Null when value is populated","Contenido publicado cuando no es un número: PrivacySuppressed (celda suprimida por confidencialidad), un intervalo de redondeo como 0.30-0.39 o <=0.10 (columnas BBRR), una fecha MM/DD/AAAA o una etiqueta textual. Nulo cuando value está lleno"
earnings,year,"Ano de referência da coorte, conforme o arquivo anual publicado pela fonte","Reference year of the cohort, as published in the source's annual file","Año de referencia de la cohorte, según el archivo anual publicado por la fuente"
earnings,unitid,"Código de identificação da instituição no IPEDS (UNITID). Mesma chave da tabela us_ed_ipeds; como lá o tipo é INT64, o cruzamento exige safe_cast(unitid as int64)","IPEDS institution identifier (UNITID). Same key as the us_ed_ipeds dataset; that dataset types it as INT64, so joining requires safe_cast(unitid as int64)","Código de identificación de la institución en IPEDS (UNITID). Misma clave que la tabla us_ed_ipeds; allí el tipo es INT64, por lo que el cruce exige safe_cast(unitid as int64)"
earnings,variable_name,"Nome da variável publicada pela fonte (ex.: MD_EARN_WNE_P10). Definição, rótulo e unidade estão na tabela variable","Variable name as published by the source (e.g. MD_EARN_WNE_P10). Its definition, label and unit are in the variable table","Nombre de la variable publicada por la fuente (ej.: MD_EARN_WNE_P10). Su definición, etiqueta y unidad están en la tabla variable"
earnings,value,"Valor numérico publicado. A unidade depende da variável; ver a tabela variable. Nulo quando a fonte publicou um intervalo, uma data, um rótulo textual ou a supressão por sigilo; nesses casos o conteúdo está em value_raw","Published numeric value. The unit depends on the variable; see the variable table. Null when the source published an interval, a date, a text label or a privacy suppression instead; in those cases the content is in value_raw","Valor numérico publicado. La unidad depende de la variable; ver la tabla variable. Nulo cuando la fuente publicó un intervalo, una fecha, una etiqueta textual o la supresión por confidencialidad; en esos casos el contenido está en value_raw"
earnings,value_raw,"Conteúdo publicado quando não é um número: PrivacySuppressed (célula suprimida por sigilo), um intervalo de arredondamento como 0.30-0.39 ou <=0.10 (colunas BBRR), uma data MM/DD/AAAA ou um rótulo textual. Nulo quando value está preenchido","Published content when it is not a number: PrivacySuppressed (cell withheld for privacy), a rounding interval such as 0.30-0.39 or <=0.10 (BBRR columns), an MM/DD/YYYY date or a text label. Null when value is populated","Contenido publicado cuando no es un número: PrivacySuppressed (celda suprimida por confidencialidad), un intervalo de redondeo como 0.30-0.39 o <=0.10 (columnas BBRR), una fecha MM/DD/AAAA o una etiqueta textual. Nulo cuando value está lleno"
repayment,year,"Ano de referência da coorte, conforme o arquivo anual publicado pela fonte","Reference year of the cohort, as published in the source's annual file","Año de referencia de la cohorte, según el archivo anual publicado por la fuente"
repayment,unitid,"Código de identificação da instituição no IPEDS (UNITID). Mesma chave da tabela us_ed_ipeds; como lá o tipo é INT64, o cruzamento exige safe_cast(unitid as int64)","IPEDS institution identifier (UNITID). Same key as the us_ed_ipeds dataset; that dataset types it as INT64, so joining requires safe_cast(unitid as int64)","Código de identificación de la institución en IPEDS (UNITID). Misma clave que la tabla us_ed_ipeds; allí el tipo es INT64, por lo que el cruce exige safe_cast(unitid as int64)"
repayment,variable_name,"Nome da variável publicada pela fonte (ex.: MD_EARN_WNE_P10). Definição, rótulo e unidade estão na tabela variable","Variable name as published by the source (e.g. MD_EARN_WNE_P10). Its definition, label and unit are in the variable table","Nombre de la variable publicada por la fuente (ej.: MD_EARN_WNE_P10). Su definición, etiqueta y unidad están en la tabla variable"
repayment,value,"Valor numérico publicado. A unidade depende da variável; ver a tabela variable. Nulo quando a fonte publicou um intervalo, uma data, um rótulo textual ou a supressão por sigilo; nesses casos o conteúdo está em value_raw","Published numeric value. The unit depends on the variable; see the variable table. Null when the source published an interval, a date, a text label or a privacy suppression instead; in those cases the content is in value_raw","Valor numérico publicado. La unidad depende de la variable; ver la tabla variable. Nulo cuando la fuente publicó un intervalo, una fecha, una etiqueta textual o la supresión por confidencialidad; en esos casos el contenido está en value_raw"
repayment,value_raw,"Conteúdo publicado quando não é um número: PrivacySuppressed (célula suprimida por sigilo), um intervalo de arredondamento como 0.30-0.39 ou <=0.10 (colunas BBRR), uma data MM/DD/AAAA ou um rótulo textual. Nulo quando value está preenchido","Published content when it is not a number: PrivacySuppressed (cell withheld for privacy), a rounding interval such as 0.30-0.39 or <=0.10 (BBRR columns), an MM/DD/YYYY date or a text label. Null when value is populated","Contenido publicado cuando no es un número: PrivacySuppressed (celda suprimida por confidencialidad), un intervalo de redondeo como 0.30-0.39 o <=0.10 (columnas BBRR), una fecha MM/DD/AAAA o una etiqueta textual. Nulo cuando value está lleno"
student_body,year,"Ano de referência da coorte, conforme o arquivo anual publicado pela fonte","Reference year of the cohort, as published in the source's annual file","Año de referencia de la cohorte, según el archivo anual publicado por la fuente"
student_body,unitid,"Código de identificação da instituição no IPEDS (UNITID). Mesma chave da tabela us_ed_ipeds; como lá o tipo é INT64, o cruzamento exige safe_cast(unitid as int64)","IPEDS institution identifier (UNITID). Same key as the us_ed_ipeds dataset; that dataset types it as INT64, so joining requires safe_cast(unitid as int64)","Código de identificación de la institución en IPEDS (UNITID). Misma clave que la tabla us_ed_ipeds; allí el tipo es INT64, por lo que el cruce exige safe_cast(unitid as int64)"
student_body,variable_name,"Nome da variável publicada pela fonte (ex.: MD_EARN_WNE_P10). Definição, rótulo e unidade estão na tabela variable","Variable name as published by the source (e.g. MD_EARN_WNE_P10). Its definition, label and unit are in the variable table","Nombre de la variable publicada por la fuente (ej.: MD_EARN_WNE_P10). Su definición, etiqueta y unidad están en la tabla variable"
student_body,value,"Valor numérico publicado. A unidade depende da variável; ver a tabela variable. Nulo quando a fonte publicou um intervalo, uma data, um rótulo textual ou a supressão por sigilo; nesses casos o conteúdo está em value_raw","Published numeric value. The unit depends on the variable; see the variable table. Null when the source published an interval, a date, a text label or a privacy suppression instead; in those cases the content is in value_raw","Valor numérico publicado. La unidad depende de la variable; ver la tabla variable. Nulo cuando la fuente publicó un intervalo, una fecha, una etiqueta textual o la supresión por confidencialidad; en esos casos el contenido está en value_raw"
student_body,value_raw,"Conteúdo publicado quando não é um número: PrivacySuppressed (célula suprimida por sigilo), um intervalo de arredondamento como 0.30-0.39 ou <=0.10 (colunas BBRR), uma data MM/DD/AAAA ou um rótulo textual. Nulo quando value está preenchido","Published content when it is not a number: PrivacySuppressed (cell withheld for privacy), a rounding interval such as 0.30-0.39 or <=0.10 (BBRR columns), an MM/DD/YYYY date or a text label. Null when value is populated","Contenido publicado cuando no es un número: PrivacySuppressed (celda suprimida por confidencialidad), un intervalo de redondeo como 0.30-0.39 o <=0.10 (columnas BBRR), una fecha MM/DD/AAAA o una etiqueta textual. Nulo cuando value está lleno"
