fiscal_year,source_file,source_column,canonical_column,disposition
2008,lca_2008.xlsx,,agent_representing_employer,absent this year
2008,lca_2008.xlsx,,amended_petition,absent this year
2008,lca_2008.xlsx,,attorney_law_firm_name,absent this year
2008,lca_2008.xlsx,CASE_NO,case_number,mapped
2008,lca_2008.xlsx,APPROVAL_STATUS,case_status,mapped
2008,lca_2008.xlsx,,change_employer,absent this year
2008,lca_2008.xlsx,,change_previous_employment,absent this year
2008,lca_2008.xlsx,,continued_employment,absent this year
2008,lca_2008.xlsx,DOL_DECISION_DATE,decision_date,mapped
2008,lca_2008.xlsx,ADDRESS1,employer_address,mapped
2008,lca_2008.xlsx,CITY,employer_city,mapped
2008,lca_2008.xlsx,,employer_country,absent this year
2008,lca_2008.xlsx,NAME,employer_name,mapped
2008,lca_2008.xlsx,POSTAL_CODE,employer_postal_code,mapped
2008,lca_2008.xlsx,STATE,employer_state,mapped
2008,lca_2008.xlsx,,employer_trade_name,absent this year
2008,lca_2008.xlsx,BEGIN_DATE,employment_begin_date,mapped
2008,lca_2008.xlsx,END_DATE,employment_end_date,mapped
2008,lca_2008.xlsx,,full_time_position,absent this year
2008,lca_2008.xlsx,,h1b_dependent,absent this year
2008,lca_2008.xlsx,JOB_TITLE,job_title,mapped
2008,lca_2008.xlsx,,naics_id,absent this year
2008,lca_2008.xlsx,,new_concurrent_employment,absent this year
2008,lca_2008.xlsx,,new_employment,absent this year
2008,lca_2008.xlsx,,original_certification_date,absent this year
2008,lca_2008.xlsx,PREVAILING_WAGE_1,prevailing_wage,mapped
2008,lca_2008.xlsx,,prevailing_wage_level,absent this year
2008,lca_2008.xlsx,WAGE_SOURCE_1,prevailing_wage_source,mapped
2008,lca_2008.xlsx,YR_SOURCE_PUB_1,prevailing_wage_source_year,mapped
2008,lca_2008.xlsx,,prevailing_wage_tracking_number,absent this year
2008,lca_2008.xlsx,,prevailing_wage_unit_of_pay,absent this year
2008,lca_2008.xlsx,SUBMITTED_DATE,received_date,mapped
2008,lca_2008.xlsx,,secondary_entity,absent this year
2008,lca_2008.xlsx,,secondary_entity_business_name,absent this year
2008,lca_2008.xlsx,JOB_CODE,soc_id,mapped
2008,lca_2008.xlsx,,soc_title,absent this year
2008,lca_2008.xlsx,,statutory_basis,absent this year
2008,lca_2008.xlsx,,support_h1b,absent this year
2008,lca_2008.xlsx,NBR_IMMIGRANTS,total_workers,mapped
2008,lca_2008.xlsx,,total_worksite_locations,absent this year
2008,lca_2008.xlsx,PROGRAM,visa_class,mapped
2008,lca_2008.xlsx,WAGE_RATE_1,wage_offered_from,mapped
2008,lca_2008.xlsx,MAX_RATE_1,wage_offered_to,mapped
2008,lca_2008.xlsx,RATE_PER_1,wage_unit_of_pay,mapped
2008,lca_2008.xlsx,,willful_violator,absent this year
2008,lca_2008.xlsx,WITHDRAWN,withdrawn,mapped
2008,lca_2008.xlsx,,worksite_address,absent this year
2008,lca_2008.xlsx,CITY_1,worksite_city,mapped
2008,lca_2008.xlsx,,worksite_county,absent this year
2008,lca_2008.xlsx,,worksite_postal_code,absent this year
2008,lca_2008.xlsx,STATE_1,worksite_state,mapped
2008,lca_2008.xlsx,,worksite_workers,absent this year
2008,lca_2008.xlsx,ADDRESS2,,dropped: secondary worksite/wage block (primary worksite only)
2008,lca_2008.xlsx,CERTIFIED_BEGIN_DATE,,dropped: legacy certified period
2008,lca_2008.xlsx,CERTIFIED_END_DATE,,dropped: legacy certified period
2008,lca_2008.xlsx,CITY_2,,dropped: secondary worksite/wage block (primary worksite only)
2008,lca_2008.xlsx,MAX_RATE_2,,dropped: secondary worksite/wage block (primary worksite only)
2008,lca_2008.xlsx,OCCUPATIONAL_TITLE,,duplicate of job_title
2008,lca_2008.xlsx,OTHER_WAGE_SOURCE_1,,dropped: prevailing wage survey detail
2008,lca_2008.xlsx,OTHER_WAGE_SOURCE_2,,dropped: secondary worksite/wage block (primary worksite only)
2008,lca_2008.xlsx,PART_TIME_1,,"dropped: legacy part-time flag, superseded by FULL_TIME_POSITION"
2008,lca_2008.xlsx,PART_TIME_2,,dropped: secondary worksite/wage block (primary worksite only)
2008,lca_2008.xlsx,PREVAILING_WAGE_2,,dropped: secondary worksite/wage block (primary worksite only)
2008,lca_2008.xlsx,RATE_PER_2,,dropped: secondary worksite/wage block (primary worksite only)
2008,lca_2008.xlsx,STATE_2,,dropped: secondary worksite/wage block (primary worksite only)
2008,lca_2008.xlsx,WAGE_RATE_2,,dropped: secondary worksite/wage block (primary worksite only)
2008,lca_2008.xlsx,WAGE_SOURCE_2,,dropped: secondary worksite/wage block (primary worksite only)
2008,lca_2008.xlsx,YR_SOURCE_PUB_2,,dropped: secondary worksite/wage block (primary worksite only)
2009,lca_2009.xlsx,,agent_representing_employer,absent this year
2009,lca_2009.xlsx,,amended_petition,absent this year
2009,lca_2009.xlsx,,attorney_law_firm_name,absent this year
2009,lca_2009.xlsx,CASE_NO,case_number,mapped
2009,lca_2009.xlsx,APPROVAL_STATUS,case_status,mapped
2009,lca_2009.xlsx,,change_employer,absent this year
2009,lca_2009.xlsx,,change_previous_employment,absent this year
2009,lca_2009.xlsx,,continued_employment,absent this year
2009,lca_2009.xlsx,DOL_DECISION_DATE,decision_date,mapped
2009,lca_2009.xlsx,EMPLOYER_ADDRESS1,employer_address,mapped
2009,lca_2009.xlsx,EMPLOYER_CITY,employer_city,mapped
2009,lca_2009.xlsx,,employer_country,absent this year
2009,lca_2009.xlsx,EMPLOYER_NAME,employer_name,mapped
2009,lca_2009.xlsx,EMPLOYER_POSTAL_CODE,employer_postal_code,mapped
2009,lca_2009.xlsx,EMPLOYER_STATE,employer_state,mapped
2009,lca_2009.xlsx,,employer_trade_name,absent this year
2009,lca_2009.xlsx,BEGIN_DATE,employment_begin_date,mapped
2009,lca_2009.xlsx,END_DATE,employment_end_date,mapped
2009,lca_2009.xlsx,,full_time_position,absent this year
2009,lca_2009.xlsx,,h1b_dependent,absent this year
2009,lca_2009.xlsx,JOB_TITLE,job_title,mapped
2009,lca_2009.xlsx,,naics_id,absent this year
2009,lca_2009.xlsx,,new_concurrent_employment,absent this year
2009,lca_2009.xlsx,,new_employment,absent this year
2009,lca_2009.xlsx,,original_certification_date,absent this year
2009,lca_2009.xlsx,PREVAILING_WAGE_1,prevailing_wage,mapped
2009,lca_2009.xlsx,,prevailing_wage_level,absent this year
2009,lca_2009.xlsx,WAGE_SOURCE_1,prevailing_wage_source,mapped
2009,lca_2009.xlsx,YR_SOURCE_PUB_1,prevailing_wage_source_year,mapped
2009,lca_2009.xlsx,,prevailing_wage_tracking_number,absent this year
2009,lca_2009.xlsx,,prevailing_wage_unit_of_pay,absent this year
2009,lca_2009.xlsx,SUBMITTED_DATE,received_date,mapped
2009,lca_2009.xlsx,,secondary_entity,absent this year
2009,lca_2009.xlsx,,secondary_entity_business_name,absent this year
2009,lca_2009.xlsx,OCCUPATIONAL_CODE,soc_id,mapped
2009,lca_2009.xlsx,,soc_title,absent this year
2009,lca_2009.xlsx,,statutory_basis,absent this year
2009,lca_2009.xlsx,,support_h1b,absent this year
2009,lca_2009.xlsx,NBR_IMMIGRANTS,total_workers,mapped
2009,lca_2009.xlsx,,total_worksite_locations,absent this year
2009,lca_2009.xlsx,PROGRAM_DESIGNATION,visa_class,mapped
2009,lca_2009.xlsx,WAGE_RATE_1,wage_offered_from,mapped
2009,lca_2009.xlsx,MAX_RATE_1,wage_offered_to,mapped
2009,lca_2009.xlsx,RATE_PER_1,wage_unit_of_pay,mapped
2009,lca_2009.xlsx,,willful_violator,absent this year
2009,lca_2009.xlsx,WITHDRAWN,withdrawn,mapped
2009,lca_2009.xlsx,,worksite_address,absent this year
2009,lca_2009.xlsx,CITY_1,worksite_city,mapped
2009,lca_2009.xlsx,,worksite_county,absent this year
2009,lca_2009.xlsx,,worksite_postal_code,absent this year
2009,lca_2009.xlsx,STATE_1,worksite_state,mapped
2009,lca_2009.xlsx,,worksite_workers,absent this year
2009,lca_2009.xlsx,CITY_2,,dropped: secondary worksite/wage block (primary worksite only)
2009,lca_2009.xlsx,EMPLOYER_ADDRESS2,,dropped: secondary worksite/wage block (primary worksite only)
2009,lca_2009.xlsx,EMPLOYER_COUNTY,,dropped: employer county (present only FY2009)
2009,lca_2009.xlsx,MAX_RATE_2,,dropped: secondary worksite/wage block (primary worksite only)
2009,lca_2009.xlsx,OCCUPATIONAL_TITLE,,duplicate of job_title
2009,lca_2009.xlsx,OTHER_WAGE_SOURCE_1,,dropped: prevailing wage survey detail
2009,lca_2009.xlsx,OTHER_WAGE_SOURCE_2,,dropped: secondary worksite/wage block (primary worksite only)
2009,lca_2009.xlsx,PART_TIME_1,,"dropped: legacy part-time flag, superseded by FULL_TIME_POSITION"
2009,lca_2009.xlsx,PART_TIME_2,,dropped: secondary worksite/wage block (primary worksite only)
2009,lca_2009.xlsx,PREVAILING_WAGE_2,,dropped: secondary worksite/wage block (primary worksite only)
2009,lca_2009.xlsx,RATE_PER_2,,dropped: secondary worksite/wage block (primary worksite only)
2009,lca_2009.xlsx,STATE_2,,dropped: secondary worksite/wage block (primary worksite only)
2009,lca_2009.xlsx,WAGE_RATE__2,,duplicate of wage_offered_from
2009,lca_2009.xlsx,WAGE_SOURCE_2,,dropped: secondary worksite/wage block (primary worksite only)
2009,lca_2009.xlsx,YR_SOURCE_PUB_2,,dropped: secondary worksite/wage block (primary worksite only)
2009,lca_2009b.xlsx,,agent_representing_employer,absent this year
2009,lca_2009b.xlsx,,amended_petition,absent this year
2009,lca_2009b.xlsx,,attorney_law_firm_name,absent this year
2009,lca_2009b.xlsx,LCA_CASE_NUMBER,case_number,mapped
2009,lca_2009b.xlsx,STATUS,case_status,mapped
2009,lca_2009b.xlsx,,change_employer,absent this year
2009,lca_2009b.xlsx,,change_previous_employment,absent this year
2009,lca_2009b.xlsx,,continued_employment,absent this year
2009,lca_2009b.xlsx,Decision_Date,decision_date,mapped
2009,lca_2009b.xlsx,LCA_CASE_EMPLOYER_ADDRESS,employer_address,mapped
2009,lca_2009b.xlsx,LCA_CASE_EMPLOYER_CITY,employer_city,mapped
2009,lca_2009b.xlsx,,employer_country,absent this year
2009,lca_2009b.xlsx,LCA_CASE_EMPLOYER_NAME,employer_name,mapped
2009,lca_2009b.xlsx,LCA_CASE_EMPLOYER_POSTAL_CODE,employer_postal_code,mapped
2009,lca_2009b.xlsx,LCA_CASE_EMPLOYER_STATE,employer_state,mapped
2009,lca_2009b.xlsx,,employer_trade_name,absent this year
2009,lca_2009b.xlsx,LCA_CASE_EMPLOYMENT_START_DATE,employment_begin_date,mapped
2009,lca_2009b.xlsx,LCA_CASE_EMPLOYMENT_END_DATE,employment_end_date,mapped
2009,lca_2009b.xlsx,FULL_TIME_POS,full_time_position,mapped
2009,lca_2009b.xlsx,,h1b_dependent,absent this year
2009,lca_2009b.xlsx,LCA_CASE_JOB_TITLE,job_title,mapped
2009,lca_2009b.xlsx,LCA_CASE_NAICS_CODE,naics_id,mapped
2009,lca_2009b.xlsx,,new_concurrent_employment,absent this year
2009,lca_2009b.xlsx,,new_employment,absent this year
2009,lca_2009b.xlsx,,original_certification_date,absent this year
2009,lca_2009b.xlsx,PW_1,prevailing_wage,mapped
2009,lca_2009b.xlsx,,prevailing_wage_level,absent this year
2009,lca_2009b.xlsx,PW_SOURCE_1,prevailing_wage_source,mapped
2009,lca_2009b.xlsx,YR_SOURCE_PUB_1,prevailing_wage_source_year,mapped
2009,lca_2009b.xlsx,,prevailing_wage_tracking_number,absent this year
2009,lca_2009b.xlsx,PW_UNIT_1,prevailing_wage_unit_of_pay,mapped
2009,lca_2009b.xlsx,LCA_CASE_SUBMIT,received_date,mapped
2009,lca_2009b.xlsx,,secondary_entity,absent this year
2009,lca_2009b.xlsx,,secondary_entity_business_name,absent this year
2009,lca_2009b.xlsx,LCA_CASE_SOC_CODE,soc_id,mapped
2009,lca_2009b.xlsx,LCA_CASE_SOC_NAME,soc_title,mapped
2009,lca_2009b.xlsx,,statutory_basis,absent this year
2009,lca_2009b.xlsx,,support_h1b,absent this year
2009,lca_2009b.xlsx,TOTAL_WORKERS,total_workers,mapped
2009,lca_2009b.xlsx,,total_worksite_locations,absent this year
2009,lca_2009b.xlsx,VISA_CLASS,visa_class,mapped
2009,lca_2009b.xlsx,LCA_CASE_WAGE_RATE_FROM,wage_offered_from,mapped
2009,lca_2009b.xlsx,LCA_CASE_WAGE_RATE_TO,wage_offered_to,mapped
2009,lca_2009b.xlsx,LCA_CASE_WAGE_RATE_UNIT,wage_unit_of_pay,mapped
2009,lca_2009b.xlsx,,willful_violator,absent this year
2009,lca_2009b.xlsx,,withdrawn,absent this year
2009,lca_2009b.xlsx,,worksite_address,absent this year
2009,lca_2009b.xlsx,LCA_CASE_WORKLOC1_CITY,worksite_city,mapped
2009,lca_2009b.xlsx,,worksite_county,absent this year
2009,lca_2009b.xlsx,,worksite_postal_code,absent this year
2009,lca_2009b.xlsx,LCA_CASE_WORKLOC1_STATE,worksite_state,mapped
2009,lca_2009b.xlsx,,worksite_workers,absent this year
2009,lca_2009b.xlsx,LCA_CASE_WORKLOC2_CITY,,dropped: second worksite block (primary worksite only)
2009,lca_2009b.xlsx,LCA_CASE_WORKLOC2_STATE,,dropped: second worksite block (primary worksite only)
2009,lca_2009b.xlsx,OTHER_WAGE_SOURCE_1,,dropped: prevailing wage survey detail
2009,lca_2009b.xlsx,OTHER_WAGE_SOURCE_2,,dropped: secondary worksite/wage block (primary worksite only)
2009,lca_2009b.xlsx,PW_2,,dropped: secondary worksite/wage block (primary worksite only)
2009,lca_2009b.xlsx,PW_SOURCE_2,,dropped: secondary worksite/wage block (primary worksite only)
2009,lca_2009b.xlsx,PW_UNIT_2,,dropped: secondary worksite/wage block (primary worksite only)
2009,lca_2009b.xlsx,YR_SOURCE_PUB_2,,dropped: secondary worksite/wage block (primary worksite only)
2010,lca_2010.xlsx,,agent_representing_employer,absent this year
2010,lca_2010.xlsx,,amended_petition,absent this year
2010,lca_2010.xlsx,,attorney_law_firm_name,absent this year
2010,lca_2010.xlsx,LCA_CASE_NUMBER,case_number,mapped
2010,lca_2010.xlsx,STATUS,case_status,mapped
2010,lca_2010.xlsx,,change_employer,absent this year
2010,lca_2010.xlsx,,change_previous_employment,absent this year
2010,lca_2010.xlsx,,continued_employment,absent this year
2010,lca_2010.xlsx,DECISION_DATE,decision_date,mapped
2010,lca_2010.xlsx,LCA_CASE_EMPLOYER_ADDRESS1,employer_address,mapped
2010,lca_2010.xlsx,LCA_CASE_EMPLOYER_CITY,employer_city,mapped
2010,lca_2010.xlsx,,employer_country,absent this year
2010,lca_2010.xlsx,LCA_CASE_EMPLOYER_NAME,employer_name,mapped
2010,lca_2010.xlsx,LCA_CASE_EMPLOYER_POSTAL_CODE,employer_postal_code,mapped
2010,lca_2010.xlsx,LCA_CASE_EMPLOYER_STATE,employer_state,mapped
2010,lca_2010.xlsx,,employer_trade_name,absent this year
2010,lca_2010.xlsx,LCA_CASE_EMPLOYMENT_START_DATE,employment_begin_date,mapped
2010,lca_2010.xlsx,LCA_CASE_EMPLOYMENT_END_DATE,employment_end_date,mapped
2010,lca_2010.xlsx,,full_time_position,absent this year
2010,lca_2010.xlsx,,h1b_dependent,absent this year
2010,lca_2010.xlsx,LCA_CASE_JOB_TITLE,job_title,mapped
2010,lca_2010.xlsx,LCA_CASE_NAICS_CODE,naics_id,mapped
2010,lca_2010.xlsx,,new_concurrent_employment,absent this year
2010,lca_2010.xlsx,,new_employment,absent this year
2010,lca_2010.xlsx,,original_certification_date,absent this year
2010,lca_2010.xlsx,PW_1,prevailing_wage,mapped
2010,lca_2010.xlsx,,prevailing_wage_level,absent this year
2010,lca_2010.xlsx,PW_SOURCE_1,prevailing_wage_source,mapped
2010,lca_2010.xlsx,YR_SOURCE_PUB_1,prevailing_wage_source_year,mapped
2010,lca_2010.xlsx,,prevailing_wage_tracking_number,absent this year
2010,lca_2010.xlsx,PW_UNIT_1,prevailing_wage_unit_of_pay,mapped
2010,lca_2010.xlsx,LCA_CASE_SUBMIT,received_date,mapped
2010,lca_2010.xlsx,,secondary_entity,absent this year
2010,lca_2010.xlsx,,secondary_entity_business_name,absent this year
2010,lca_2010.xlsx,LCA_CASE_SOC_CODE,soc_id,mapped
2010,lca_2010.xlsx,LCA_CASE_SOC_NAME,soc_title,mapped
2010,lca_2010.xlsx,,statutory_basis,absent this year
2010,lca_2010.xlsx,,support_h1b,absent this year
2010,lca_2010.xlsx,TOTAL_WORKERS,total_workers,mapped
2010,lca_2010.xlsx,,total_worksite_locations,absent this year
2010,lca_2010.xlsx,,visa_class,absent this year
2010,lca_2010.xlsx,LCA_CASE_WAGE_RATE_FROM,wage_offered_from,mapped
2010,lca_2010.xlsx,LCA_CASE_WAGE_RATE_TO,wage_offered_to,mapped
2010,lca_2010.xlsx,,wage_unit_of_pay,absent this year
2010,lca_2010.xlsx,,willful_violator,absent this year
2010,lca_2010.xlsx,,withdrawn,absent this year
2010,lca_2010.xlsx,,worksite_address,absent this year
2010,lca_2010.xlsx,WORK_LOCATION_CITY1,worksite_city,mapped
2010,lca_2010.xlsx,,worksite_county,absent this year
2010,lca_2010.xlsx,,worksite_postal_code,absent this year
2010,lca_2010.xlsx,WORK_LOCATION_STATE1,worksite_state,mapped
2010,lca_2010.xlsx,,worksite_workers,absent this year
2010,lca_2010.xlsx,LCA_CASE_EMPLOYER_ADDRESS2,,dropped: secondary worksite/wage block (primary worksite only)
2010,lca_2010.xlsx,OTHER_WAGE_SOURCE_1,,dropped: prevailing wage survey detail
2010,lca_2010.xlsx,OTHER_WAGE_SOURCE_2,,dropped: secondary worksite/wage block (primary worksite only)
2010,lca_2010.xlsx,PW_2,,dropped: secondary worksite/wage block (primary worksite only)
2010,lca_2010.xlsx,PW_SOURCE_2,,dropped: secondary worksite/wage block (primary worksite only)
2010,lca_2010.xlsx,PW_UNIT_2,,dropped: secondary worksite/wage block (primary worksite only)
2010,lca_2010.xlsx,WORK_LOCATION_CITY2,,dropped: secondary worksite/wage block (primary worksite only)
2010,lca_2010.xlsx,WORK_LOCATION_STATE2,,dropped: secondary worksite/wage block (primary worksite only)
2010,lca_2010.xlsx,YR_SOURCE_PUB_2,,dropped: secondary worksite/wage block (primary worksite only)
2011,lca_2011.xlsx,,agent_representing_employer,absent this year
2011,lca_2011.xlsx,,amended_petition,absent this year
2011,lca_2011.xlsx,,attorney_law_firm_name,absent this year
2011,lca_2011.xlsx,LCA_CASE_NUMBER,case_number,mapped
2011,lca_2011.xlsx,STATUS,case_status,mapped
2011,lca_2011.xlsx,,change_employer,absent this year
2011,lca_2011.xlsx,,change_previous_employment,absent this year
2011,lca_2011.xlsx,,continued_employment,absent this year
2011,lca_2011.xlsx,DECISION_DATE,decision_date,mapped
2011,lca_2011.xlsx,LCA_CASE_EMPLOYER_ADDRESS,employer_address,mapped
2011,lca_2011.xlsx,LCA_CASE_EMPLOYER_CITY,employer_city,mapped
2011,lca_2011.xlsx,,employer_country,absent this year
2011,lca_2011.xlsx,LCA_CASE_EMPLOYER_NAME,employer_name,mapped
2011,lca_2011.xlsx,LCA_CASE_EMPLOYER_POSTAL_CODE,employer_postal_code,mapped
2011,lca_2011.xlsx,LCA_CASE_EMPLOYER_STATE,employer_state,mapped
2011,lca_2011.xlsx,,employer_trade_name,absent this year
2011,lca_2011.xlsx,LCA_CASE_EMPLOYMENT_START_DATE,employment_begin_date,mapped
2011,lca_2011.xlsx,LCA_CASE_EMPLOYMENT_END_DATE,employment_end_date,mapped
2011,lca_2011.xlsx,FULL_TIME_POS,full_time_position,mapped
2011,lca_2011.xlsx,,h1b_dependent,absent this year
2011,lca_2011.xlsx,LCA_CASE_JOB_TITLE,job_title,mapped
2011,lca_2011.xlsx,LCA_CASE_NAICS_CODE,naics_id,mapped
2011,lca_2011.xlsx,,new_concurrent_employment,absent this year
2011,lca_2011.xlsx,,new_employment,absent this year
2011,lca_2011.xlsx,,original_certification_date,absent this year
2011,lca_2011.xlsx,PW_1,prevailing_wage,mapped
2011,lca_2011.xlsx,,prevailing_wage_level,absent this year
2011,lca_2011.xlsx,PW_SOURCE_1,prevailing_wage_source,mapped
2011,lca_2011.xlsx,YR_SOURCE_PUB_1,prevailing_wage_source_year,mapped
2011,lca_2011.xlsx,,prevailing_wage_tracking_number,absent this year
2011,lca_2011.xlsx,PW_UNIT_1,prevailing_wage_unit_of_pay,mapped
2011,lca_2011.xlsx,LCA_CASE_SUBMIT,received_date,mapped
2011,lca_2011.xlsx,,secondary_entity,absent this year
2011,lca_2011.xlsx,,secondary_entity_business_name,absent this year
2011,lca_2011.xlsx,LCA_CASE_SOC_CODE,soc_id,mapped
2011,lca_2011.xlsx,LCA_CASE_SOC_NAME,soc_title,mapped
2011,lca_2011.xlsx,,statutory_basis,absent this year
2011,lca_2011.xlsx,,support_h1b,absent this year
2011,lca_2011.xlsx,TOTAL_WORKERS,total_workers,mapped
2011,lca_2011.xlsx,,total_worksite_locations,absent this year
2011,lca_2011.xlsx,VISA_CLASS,visa_class,mapped
2011,lca_2011.xlsx,LCA_CASE_WAGE_RATE_FROM,wage_offered_from,mapped
2011,lca_2011.xlsx,LCA_CASE_WAGE_RATE_TO,wage_offered_to,mapped
2011,lca_2011.xlsx,LCA_CASE_WAGE_RATE_UNIT,wage_unit_of_pay,mapped
2011,lca_2011.xlsx,,willful_violator,absent this year
2011,lca_2011.xlsx,,withdrawn,absent this year
2011,lca_2011.xlsx,,worksite_address,absent this year
2011,lca_2011.xlsx,LCA_CASE_WORKLOC1_CITY,worksite_city,mapped
2011,lca_2011.xlsx,,worksite_county,absent this year
2011,lca_2011.xlsx,,worksite_postal_code,absent this year
2011,lca_2011.xlsx,LCA_CASE_WORKLOC1_STATE,worksite_state,mapped
2011,lca_2011.xlsx,,worksite_workers,absent this year
2011,lca_2011.xlsx,LCA_CASE_WORKLOC2_CITY,,dropped: second worksite block (primary worksite only)
2011,lca_2011.xlsx,LCA_CASE_WORKLOC2_STATE,,dropped: second worksite block (primary worksite only)
2011,lca_2011.xlsx,OTHER_WAGE_SOURCE_1,,dropped: prevailing wage survey detail
2011,lca_2011.xlsx,OTHER_WAGE_SOURCE_2,,dropped: secondary worksite/wage block (primary worksite only)
2011,lca_2011.xlsx,PW_2,,dropped: secondary worksite/wage block (primary worksite only)
2011,lca_2011.xlsx,PW_SOURCE_2,,dropped: secondary worksite/wage block (primary worksite only)
2011,lca_2011.xlsx,PW_UNIT_2,,dropped: secondary worksite/wage block (primary worksite only)
2011,lca_2011.xlsx,YR_SOURCE_PUB_2,,dropped: secondary worksite/wage block (primary worksite only)
2012,lca_2012.xlsx,,agent_representing_employer,absent this year
2012,lca_2012.xlsx,,amended_petition,absent this year
2012,lca_2012.xlsx,,attorney_law_firm_name,absent this year
2012,lca_2012.xlsx,LCA_CASE_NUMBER,case_number,mapped
2012,lca_2012.xlsx,STATUS,case_status,mapped
2012,lca_2012.xlsx,,change_employer,absent this year
2012,lca_2012.xlsx,,change_previous_employment,absent this year
2012,lca_2012.xlsx,,continued_employment,absent this year
2012,lca_2012.xlsx,DECISION_DATE,decision_date,mapped
2012,lca_2012.xlsx,LCA_CASE_EMPLOYER_ADDRESS,employer_address,mapped
2012,lca_2012.xlsx,LCA_CASE_EMPLOYER_CITY,employer_city,mapped
2012,lca_2012.xlsx,,employer_country,absent this year
2012,lca_2012.xlsx,LCA_CASE_EMPLOYER_NAME,employer_name,mapped
2012,lca_2012.xlsx,LCA_CASE_EMPLOYER_POSTAL_CODE,employer_postal_code,mapped
2012,lca_2012.xlsx,LCA_CASE_EMPLOYER_STATE,employer_state,mapped
2012,lca_2012.xlsx,,employer_trade_name,absent this year
2012,lca_2012.xlsx,LCA_CASE_EMPLOYMENT_START_DATE,employment_begin_date,mapped
2012,lca_2012.xlsx,LCA_CASE_EMPLOYMENT_END_DATE,employment_end_date,mapped
2012,lca_2012.xlsx,FULL_TIME_POS,full_time_position,mapped
2012,lca_2012.xlsx,,h1b_dependent,absent this year
2012,lca_2012.xlsx,LCA_CASE_JOB_TITLE,job_title,mapped
2012,lca_2012.xlsx,LCA_CASE_NAICS_CODE,naics_id,mapped
2012,lca_2012.xlsx,,new_concurrent_employment,absent this year
2012,lca_2012.xlsx,,new_employment,absent this year
2012,lca_2012.xlsx,,original_certification_date,absent this year
2012,lca_2012.xlsx,PW_1,prevailing_wage,mapped
2012,lca_2012.xlsx,,prevailing_wage_level,absent this year
2012,lca_2012.xlsx,PW_SOURCE_1,prevailing_wage_source,mapped
2012,lca_2012.xlsx,YR_SOURCE_PUB_1,prevailing_wage_source_year,mapped
2012,lca_2012.xlsx,,prevailing_wage_tracking_number,absent this year
2012,lca_2012.xlsx,PW_UNIT_1,prevailing_wage_unit_of_pay,mapped
2012,lca_2012.xlsx,LCA_CASE_SUBMIT,received_date,mapped
2012,lca_2012.xlsx,,secondary_entity,absent this year
2012,lca_2012.xlsx,,secondary_entity_business_name,absent this year
2012,lca_2012.xlsx,LCA_CASE_SOC_CODE,soc_id,mapped
2012,lca_2012.xlsx,LCA_CASE_SOC_NAME,soc_title,mapped
2012,lca_2012.xlsx,,statutory_basis,absent this year
2012,lca_2012.xlsx,,support_h1b,absent this year
2012,lca_2012.xlsx,TOTAL_WORKERS,total_workers,mapped
2012,lca_2012.xlsx,,total_worksite_locations,absent this year
2012,lca_2012.xlsx,VISA_CLASS,visa_class,mapped
2012,lca_2012.xlsx,LCA_CASE_WAGE_RATE_FROM,wage_offered_from,mapped
2012,lca_2012.xlsx,LCA_CASE_WAGE_RATE_TO,wage_offered_to,mapped
2012,lca_2012.xlsx,LCA_CASE_WAGE_RATE_UNIT,wage_unit_of_pay,mapped
2012,lca_2012.xlsx,,willful_violator,absent this year
2012,lca_2012.xlsx,,withdrawn,absent this year
2012,lca_2012.xlsx,,worksite_address,absent this year
2012,lca_2012.xlsx,LCA_CASE_WORKLOC1_CITY,worksite_city,mapped
2012,lca_2012.xlsx,,worksite_county,absent this year
2012,lca_2012.xlsx,,worksite_postal_code,absent this year
2012,lca_2012.xlsx,LCA_CASE_WORKLOC1_STATE,worksite_state,mapped
2012,lca_2012.xlsx,,worksite_workers,absent this year
2012,lca_2012.xlsx,LCA_CASE_WORKLOC2_CITY,,dropped: second worksite block (primary worksite only)
2012,lca_2012.xlsx,LCA_CASE_WORKLOC2_STATE,,dropped: second worksite block (primary worksite only)
2012,lca_2012.xlsx,OTHER_WAGE_SOURCE_1,,dropped: prevailing wage survey detail
2012,lca_2012.xlsx,OTHER_WAGE_SOURCE_2,,dropped: secondary worksite/wage block (primary worksite only)
2012,lca_2012.xlsx,PW_2,,dropped: secondary worksite/wage block (primary worksite only)
2012,lca_2012.xlsx,PW_SOURCE_2,,dropped: secondary worksite/wage block (primary worksite only)
2012,lca_2012.xlsx,PW_UNIT_2,,dropped: secondary worksite/wage block (primary worksite only)
2012,lca_2012.xlsx,YR_SOURCE_PUB_2,,dropped: secondary worksite/wage block (primary worksite only)
2013,lca_2013.xlsx,,agent_representing_employer,absent this year
2013,lca_2013.xlsx,,amended_petition,absent this year
2013,lca_2013.xlsx,,attorney_law_firm_name,absent this year
2013,lca_2013.xlsx,LCA_CASE_NUMBER,case_number,mapped
2013,lca_2013.xlsx,STATUS,case_status,mapped
2013,lca_2013.xlsx,,change_employer,absent this year
2013,lca_2013.xlsx,,change_previous_employment,absent this year
2013,lca_2013.xlsx,,continued_employment,absent this year
2013,lca_2013.xlsx,Decision_Date,decision_date,mapped
2013,lca_2013.xlsx,LCA_CASE_EMPLOYER_ADDRESS,employer_address,mapped
2013,lca_2013.xlsx,LCA_CASE_EMPLOYER_CITY,employer_city,mapped
2013,lca_2013.xlsx,,employer_country,absent this year
2013,lca_2013.xlsx,LCA_CASE_EMPLOYER_NAME,employer_name,mapped
2013,lca_2013.xlsx,LCA_CASE_EMPLOYER_POSTAL_CODE,employer_postal_code,mapped
2013,lca_2013.xlsx,LCA_CASE_EMPLOYER_STATE,employer_state,mapped
2013,lca_2013.xlsx,,employer_trade_name,absent this year
2013,lca_2013.xlsx,LCA_CASE_EMPLOYMENT_START_DATE,employment_begin_date,mapped
2013,lca_2013.xlsx,LCA_CASE_EMPLOYMENT_END_DATE,employment_end_date,mapped
2013,lca_2013.xlsx,FULL_TIME_POS,full_time_position,mapped
2013,lca_2013.xlsx,,h1b_dependent,absent this year
2013,lca_2013.xlsx,LCA_CASE_JOB_TITLE,job_title,mapped
2013,lca_2013.xlsx,LCA_CASE_NAICS_CODE,naics_id,mapped
2013,lca_2013.xlsx,,new_concurrent_employment,absent this year
2013,lca_2013.xlsx,,new_employment,absent this year
2013,lca_2013.xlsx,,original_certification_date,absent this year
2013,lca_2013.xlsx,PW_1,prevailing_wage,mapped
2013,lca_2013.xlsx,,prevailing_wage_level,absent this year
2013,lca_2013.xlsx,PW_SOURCE_1,prevailing_wage_source,mapped
2013,lca_2013.xlsx,YR_SOURCE_PUB_1,prevailing_wage_source_year,mapped
2013,lca_2013.xlsx,,prevailing_wage_tracking_number,absent this year
2013,lca_2013.xlsx,PW_UNIT_1,prevailing_wage_unit_of_pay,mapped
2013,lca_2013.xlsx,LCA_CASE_SUBMIT,received_date,mapped
2013,lca_2013.xlsx,,secondary_entity,absent this year
2013,lca_2013.xlsx,,secondary_entity_business_name,absent this year
2013,lca_2013.xlsx,LCA_CASE_SOC_CODE,soc_id,mapped
2013,lca_2013.xlsx,LCA_CASE_SOC_NAME,soc_title,mapped
2013,lca_2013.xlsx,,statutory_basis,absent this year
2013,lca_2013.xlsx,,support_h1b,absent this year
2013,lca_2013.xlsx,TOTAL_WORKERS,total_workers,mapped
2013,lca_2013.xlsx,,total_worksite_locations,absent this year
2013,lca_2013.xlsx,VISA_CLASS,visa_class,mapped
2013,lca_2013.xlsx,LCA_CASE_WAGE_RATE_FROM,wage_offered_from,mapped
2013,lca_2013.xlsx,LCA_CASE_WAGE_RATE_TO,wage_offered_to,mapped
2013,lca_2013.xlsx,LCA_CASE_WAGE_RATE_UNIT,wage_unit_of_pay,mapped
2013,lca_2013.xlsx,,willful_violator,absent this year
2013,lca_2013.xlsx,,withdrawn,absent this year
2013,lca_2013.xlsx,,worksite_address,absent this year
2013,lca_2013.xlsx,LCA_CASE_WORKLOC1_CITY,worksite_city,mapped
2013,lca_2013.xlsx,,worksite_county,absent this year
2013,lca_2013.xlsx,,worksite_postal_code,absent this year
2013,lca_2013.xlsx,LCA_CASE_WORKLOC1_STATE,worksite_state,mapped
2013,lca_2013.xlsx,,worksite_workers,absent this year
2013,lca_2013.xlsx,LCA_CASE_WORKLOC2_CITY,,dropped: second worksite block (primary worksite only)
2013,lca_2013.xlsx,LCA_CASE_WORKLOC2_STATE,,dropped: second worksite block (primary worksite only)
2013,lca_2013.xlsx,OTHER_WAGE_SOURCE_1,,dropped: prevailing wage survey detail
2013,lca_2013.xlsx,OTHER_WAGE_SOURCE_2,,dropped: secondary worksite/wage block (primary worksite only)
2013,lca_2013.xlsx,PW_2,,dropped: secondary worksite/wage block (primary worksite only)
2013,lca_2013.xlsx,PW_SOURCE_2,,dropped: secondary worksite/wage block (primary worksite only)
2013,lca_2013.xlsx,PW_UNIT_2,,dropped: secondary worksite/wage block (primary worksite only)
2013,lca_2013.xlsx,YR_SOURCE_PUB_2,,dropped: secondary worksite/wage block (primary worksite only)
2014,lca_2014.xlsx,,agent_representing_employer,absent this year
2014,lca_2014.xlsx,,amended_petition,absent this year
2014,lca_2014.xlsx,,attorney_law_firm_name,absent this year
2014,lca_2014.xlsx,LCA_CASE_NUMBER,case_number,mapped
2014,lca_2014.xlsx,STATUS,case_status,mapped
2014,lca_2014.xlsx,,change_employer,absent this year
2014,lca_2014.xlsx,,change_previous_employment,absent this year
2014,lca_2014.xlsx,,continued_employment,absent this year
2014,lca_2014.xlsx,DECISION_DATE,decision_date,mapped
2014,lca_2014.xlsx,LCA_CASE_EMPLOYER_ADDRESS,employer_address,mapped
2014,lca_2014.xlsx,LCA_CASE_EMPLOYER_CITY,employer_city,mapped
2014,lca_2014.xlsx,,employer_country,absent this year
2014,lca_2014.xlsx,LCA_CASE_EMPLOYER_NAME,employer_name,mapped
2014,lca_2014.xlsx,LCA_CASE_EMPLOYER_POSTAL_CODE,employer_postal_code,mapped
2014,lca_2014.xlsx,LCA_CASE_EMPLOYER_STATE,employer_state,mapped
2014,lca_2014.xlsx,,employer_trade_name,absent this year
2014,lca_2014.xlsx,LCA_CASE_EMPLOYMENT_START_DATE,employment_begin_date,mapped
2014,lca_2014.xlsx,LCA_CASE_EMPLOYMENT_END_DATE,employment_end_date,mapped
2014,lca_2014.xlsx,FULL_TIME_POS,full_time_position,mapped
2014,lca_2014.xlsx,,h1b_dependent,absent this year
2014,lca_2014.xlsx,LCA_CASE_JOB_TITLE,job_title,mapped
2014,lca_2014.xlsx,LCA_CASE_NAICS_CODE,naics_id,mapped
2014,lca_2014.xlsx,,new_concurrent_employment,absent this year
2014,lca_2014.xlsx,,new_employment,absent this year
2014,lca_2014.xlsx,,original_certification_date,absent this year
2014,lca_2014.xlsx,PW_1,prevailing_wage,mapped
2014,lca_2014.xlsx,,prevailing_wage_level,absent this year
2014,lca_2014.xlsx,PW_SOURCE_1,prevailing_wage_source,mapped
2014,lca_2014.xlsx,YR_SOURCE_PUB_1,prevailing_wage_source_year,mapped
2014,lca_2014.xlsx,,prevailing_wage_tracking_number,absent this year
2014,lca_2014.xlsx,PW_UNIT_1,prevailing_wage_unit_of_pay,mapped
2014,lca_2014.xlsx,LCA_CASE_SUBMIT,received_date,mapped
2014,lca_2014.xlsx,,secondary_entity,absent this year
2014,lca_2014.xlsx,,secondary_entity_business_name,absent this year
2014,lca_2014.xlsx,LCA_CASE_SOC_CODE,soc_id,mapped
2014,lca_2014.xlsx,LCA_CASE_SOC_NAME,soc_title,mapped
2014,lca_2014.xlsx,,statutory_basis,absent this year
2014,lca_2014.xlsx,,support_h1b,absent this year
2014,lca_2014.xlsx,TOTAL_WORKERS,total_workers,mapped
2014,lca_2014.xlsx,,total_worksite_locations,absent this year
2014,lca_2014.xlsx,VISA_CLASS,visa_class,mapped
2014,lca_2014.xlsx,LCA_CASE_WAGE_RATE_FROM,wage_offered_from,mapped
2014,lca_2014.xlsx,LCA_CASE_WAGE_RATE_TO,wage_offered_to,mapped
2014,lca_2014.xlsx,LCA_CASE_WAGE_RATE_UNIT,wage_unit_of_pay,mapped
2014,lca_2014.xlsx,,willful_violator,absent this year
2014,lca_2014.xlsx,,withdrawn,absent this year
2014,lca_2014.xlsx,,worksite_address,absent this year
2014,lca_2014.xlsx,LCA_CASE_WORKLOC1_CITY,worksite_city,mapped
2014,lca_2014.xlsx,,worksite_county,absent this year
2014,lca_2014.xlsx,,worksite_postal_code,absent this year
2014,lca_2014.xlsx,LCA_CASE_WORKLOC1_STATE,worksite_state,mapped
2014,lca_2014.xlsx,,worksite_workers,absent this year
2014,lca_2014.xlsx,LCA_CASE_WORKLOC2_CITY,,dropped: second worksite block (primary worksite only)
2014,lca_2014.xlsx,LCA_CASE_WORKLOC2_STATE,,dropped: second worksite block (primary worksite only)
2014,lca_2014.xlsx,OTHER_WAGE_SOURCE_1,,dropped: prevailing wage survey detail
2014,lca_2014.xlsx,OTHER_WAGE_SOURCE_2,,dropped: secondary worksite/wage block (primary worksite only)
2014,lca_2014.xlsx,PW_2,,dropped: secondary worksite/wage block (primary worksite only)
2014,lca_2014.xlsx,PW_SOURCE_2,,dropped: secondary worksite/wage block (primary worksite only)
2014,lca_2014.xlsx,PW_UNIT_2,,dropped: secondary worksite/wage block (primary worksite only)
2014,lca_2014.xlsx,YR_SOURCE_PUB_2,,dropped: secondary worksite/wage block (primary worksite only)
2015,lca_2015.xlsx,,agent_representing_employer,absent this year
2015,lca_2015.xlsx,,amended_petition,absent this year
2015,lca_2015.xlsx,,attorney_law_firm_name,absent this year
2015,lca_2015.xlsx,CASE_NUMBER,case_number,mapped
2015,lca_2015.xlsx,CASE_STATUS,case_status,mapped
2015,lca_2015.xlsx,,change_employer,absent this year
2015,lca_2015.xlsx,,change_previous_employment,absent this year
2015,lca_2015.xlsx,,continued_employment,absent this year
2015,lca_2015.xlsx,DECISION_DATE,decision_date,mapped
2015,lca_2015.xlsx,EMPLOYER_ADDRESS1,employer_address,mapped
2015,lca_2015.xlsx,EMPLOYER_CITY,employer_city,mapped
2015,lca_2015.xlsx,EMPLOYER_COUNTRY,employer_country,mapped
2015,lca_2015.xlsx,EMPLOYER_NAME,employer_name,mapped
2015,lca_2015.xlsx,EMPLOYER_POSTAL_CODE,employer_postal_code,mapped
2015,lca_2015.xlsx,EMPLOYER_STATE,employer_state,mapped
2015,lca_2015.xlsx,,employer_trade_name,absent this year
2015,lca_2015.xlsx,EMPLOYMENT_START_DATE,employment_begin_date,mapped
2015,lca_2015.xlsx,EMPLOYMENT_END_DATE,employment_end_date,mapped
2015,lca_2015.xlsx,FULL_TIME_POSITION,full_time_position,mapped
2015,lca_2015.xlsx,H-1B_DEPENDENT,h1b_dependent,mapped
2015,lca_2015.xlsx,JOB_TITLE,job_title,mapped
2015,lca_2015.xlsx,NAIC_CODE,naics_id,mapped
2015,lca_2015.xlsx,,new_concurrent_employment,absent this year
2015,lca_2015.xlsx,,new_employment,absent this year
2015,lca_2015.xlsx,,original_certification_date,absent this year
2015,lca_2015.xlsx,PREVAILING_WAGE,prevailing_wage,mapped
2015,lca_2015.xlsx,PW_WAGE_LEVEL,prevailing_wage_level,mapped
2015,lca_2015.xlsx,PW_WAGE_SOURCE,prevailing_wage_source,mapped
2015,lca_2015.xlsx,PW_WAGE_SOURCE_YEAR,prevailing_wage_source_year,mapped
2015,lca_2015.xlsx,,prevailing_wage_tracking_number,absent this year
2015,lca_2015.xlsx,PW_UNIT_OF_PAY,prevailing_wage_unit_of_pay,mapped
2015,lca_2015.xlsx,CASE_SUBMITTED,received_date,mapped
2015,lca_2015.xlsx,,secondary_entity,absent this year
2015,lca_2015.xlsx,,secondary_entity_business_name,absent this year
2015,lca_2015.xlsx,SOC_CODE,soc_id,mapped
2015,lca_2015.xlsx,SOC_NAME,soc_title,mapped
2015,lca_2015.xlsx,,statutory_basis,absent this year
2015,lca_2015.xlsx,,support_h1b,absent this year
2015,lca_2015.xlsx,TOTAL WORKERS,total_workers,mapped
2015,lca_2015.xlsx,,total_worksite_locations,absent this year
2015,lca_2015.xlsx,VISA_CLASS,visa_class,mapped
2015,lca_2015.xlsx,WAGE_RATE_OF_PAY,wage_offered_from,mapped
2015,lca_2015.xlsx,,wage_offered_to,absent this year
2015,lca_2015.xlsx,WAGE_UNIT_OF_PAY,wage_unit_of_pay,mapped
2015,lca_2015.xlsx,WILLFUL VIOLATOR,willful_violator,mapped
2015,lca_2015.xlsx,,withdrawn,absent this year
2015,lca_2015.xlsx,,worksite_address,absent this year
2015,lca_2015.xlsx,WORKSITE_CITY,worksite_city,mapped
2015,lca_2015.xlsx,WORKSITE_COUNTY,worksite_county,mapped
2015,lca_2015.xlsx,WORKSITE_POSTAL_CODE,worksite_postal_code,mapped
2015,lca_2015.xlsx,WORKSITE_STATE,worksite_state,mapped
2015,lca_2015.xlsx,,worksite_workers,absent this year
2015,lca_2015.xlsx,AGENT_ATTORNEY_CITY,,dropped: attorney/agent personal details
2015,lca_2015.xlsx,AGENT_ATTORNEY_NAME,,dropped: attorney/agent personal details
2015,lca_2015.xlsx,AGENT_ATTORNEY_STATE,,dropped: attorney/agent personal details
2015,lca_2015.xlsx,EMPLOYER_ADDRESS2,,dropped: secondary worksite/wage block (primary worksite only)
2015,lca_2015.xlsx,EMPLOYER_PHONE,,dropped: phone / employer identifier
2015,lca_2015.xlsx,EMPLOYER_PHONE_EXT,,dropped: phone / employer identifier
2015,lca_2015.xlsx,EMPLOYER_PROVINCE,,dropped: non-US employer province
2015,lca_2015.xlsx,PW_WAGE_SOURCE_OTHER,,dropped: prevailing wage survey detail
2016,lca_2016.xlsx,,agent_representing_employer,absent this year
2016,lca_2016.xlsx,,amended_petition,absent this year
2016,lca_2016.xlsx,,attorney_law_firm_name,absent this year
2016,lca_2016.xlsx,CASE_NUMBER,case_number,mapped
2016,lca_2016.xlsx,CASE_STATUS,case_status,mapped
2016,lca_2016.xlsx,,change_employer,absent this year
2016,lca_2016.xlsx,,change_previous_employment,absent this year
2016,lca_2016.xlsx,,continued_employment,absent this year
2016,lca_2016.xlsx,DECISION_DATE,decision_date,mapped
2016,lca_2016.xlsx,EMPLOYER_ADDRESS,employer_address,mapped
2016,lca_2016.xlsx,EMPLOYER_CITY,employer_city,mapped
2016,lca_2016.xlsx,EMPLOYER_COUNTRY,employer_country,mapped
2016,lca_2016.xlsx,EMPLOYER_NAME,employer_name,mapped
2016,lca_2016.xlsx,EMPLOYER_POSTAL_CODE,employer_postal_code,mapped
2016,lca_2016.xlsx,EMPLOYER_STATE,employer_state,mapped
2016,lca_2016.xlsx,,employer_trade_name,absent this year
2016,lca_2016.xlsx,EMPLOYMENT_START_DATE,employment_begin_date,mapped
2016,lca_2016.xlsx,EMPLOYMENT_END_DATE,employment_end_date,mapped
2016,lca_2016.xlsx,FULL_TIME_POSITION,full_time_position,mapped
2016,lca_2016.xlsx,H-1B_DEPENDENT,h1b_dependent,mapped
2016,lca_2016.xlsx,JOB_TITLE,job_title,mapped
2016,lca_2016.xlsx,NAIC_CODE,naics_id,mapped
2016,lca_2016.xlsx,,new_concurrent_employment,absent this year
2016,lca_2016.xlsx,,new_employment,absent this year
2016,lca_2016.xlsx,ORIGINAL_CERT_DATE,original_certification_date,mapped
2016,lca_2016.xlsx,PREVAILING_WAGE,prevailing_wage,mapped
2016,lca_2016.xlsx,,prevailing_wage_level,absent this year
2016,lca_2016.xlsx,PW_WAGE_SOURCE,prevailing_wage_source,mapped
2016,lca_2016.xlsx,PW_SOURCE_YEAR,prevailing_wage_source_year,mapped
2016,lca_2016.xlsx,,prevailing_wage_tracking_number,absent this year
2016,lca_2016.xlsx,PW_UNIT_OF_PAY,prevailing_wage_unit_of_pay,mapped
2016,lca_2016.xlsx,CASE_SUBMITTED,received_date,mapped
2016,lca_2016.xlsx,,secondary_entity,absent this year
2016,lca_2016.xlsx,,secondary_entity_business_name,absent this year
2016,lca_2016.xlsx,SOC_CODE,soc_id,mapped
2016,lca_2016.xlsx,SOC_NAME,soc_title,mapped
2016,lca_2016.xlsx,,statutory_basis,absent this year
2016,lca_2016.xlsx,,support_h1b,absent this year
2016,lca_2016.xlsx,TOTAL_WORKERS,total_workers,mapped
2016,lca_2016.xlsx,,total_worksite_locations,absent this year
2016,lca_2016.xlsx,VISA_CLASS,visa_class,mapped
2016,lca_2016.xlsx,WAGE_RATE_OF_PAY_FROM,wage_offered_from,mapped
2016,lca_2016.xlsx,WAGE_RATE_OF_PAY_TO,wage_offered_to,mapped
2016,lca_2016.xlsx,WAGE_UNIT_OF_PAY,wage_unit_of_pay,mapped
2016,lca_2016.xlsx,WILLFUL_VIOLATOR,willful_violator,mapped
2016,lca_2016.xlsx,,withdrawn,absent this year
2016,lca_2016.xlsx,,worksite_address,absent this year
2016,lca_2016.xlsx,WORKSITE_CITY,worksite_city,mapped
2016,lca_2016.xlsx,WORKSITE_COUNTY,worksite_county,mapped
2016,lca_2016.xlsx,WORKSITE_POSTAL_CODE,worksite_postal_code,mapped
2016,lca_2016.xlsx,WORKSITE_STATE,worksite_state,mapped
2016,lca_2016.xlsx,,worksite_workers,absent this year
2016,lca_2016.xlsx,AGENT_ATTORNEY_CITY,,dropped: attorney/agent personal details
2016,lca_2016.xlsx,AGENT_ATTORNEY_NAME,,dropped: attorney/agent personal details
2016,lca_2016.xlsx,AGENT_ATTORNEY_STATE,,dropped: attorney/agent personal details
2016,lca_2016.xlsx,EMPLOYER_PHONE,,dropped: phone / employer identifier
2016,lca_2016.xlsx,EMPLOYER_PHONE_EXT,,dropped: phone / employer identifier
2016,lca_2016.xlsx,EMPLOYER_PROVINCE,,dropped: non-US employer province
2016,lca_2016.xlsx,PW_SOURCE_OTHER,,dropped: prevailing wage survey detail
2017,lca_2017.xlsx,AGENT_REPRESENTING_EMPLOYER,agent_representing_employer,mapped
2017,lca_2017.xlsx,AMENDED_PETITION,amended_petition,mapped
2017,lca_2017.xlsx,,attorney_law_firm_name,absent this year
2017,lca_2017.xlsx,CASE_NUMBER,case_number,mapped
2017,lca_2017.xlsx,CASE_STATUS,case_status,mapped
2017,lca_2017.xlsx,CHANGE_EMPLOYER,change_employer,mapped
2017,lca_2017.xlsx,CHANGE_PREVIOUS_EMPLOYMENT,change_previous_employment,mapped
2017,lca_2017.xlsx,CONTINUED_EMPLOYMENT,continued_employment,mapped
2017,lca_2017.xlsx,DECISION_DATE,decision_date,mapped
2017,lca_2017.xlsx,EMPLOYER_ADDRESS,employer_address,mapped
2017,lca_2017.xlsx,EMPLOYER_CITY,employer_city,mapped
2017,lca_2017.xlsx,EMPLOYER_COUNTRY,employer_country,mapped
2017,lca_2017.xlsx,EMPLOYER_NAME,employer_name,mapped
2017,lca_2017.xlsx,EMPLOYER_POSTAL_CODE,employer_postal_code,mapped
2017,lca_2017.xlsx,EMPLOYER_STATE,employer_state,mapped
2017,lca_2017.xlsx,EMPLOYER_BUSINESS_DBA,employer_trade_name,mapped
2017,lca_2017.xlsx,EMPLOYMENT_START_DATE,employment_begin_date,mapped
2017,lca_2017.xlsx,EMPLOYMENT_END_DATE,employment_end_date,mapped
2017,lca_2017.xlsx,FULL_TIME_POSITION,full_time_position,mapped
2017,lca_2017.xlsx,H1B_DEPENDENT,h1b_dependent,mapped
2017,lca_2017.xlsx,JOB_TITLE,job_title,mapped
2017,lca_2017.xlsx,NAICS_CODE,naics_id,mapped
2017,lca_2017.xlsx,NEW_CONCURRENT_EMPLOYMENT,new_concurrent_employment,mapped
2017,lca_2017.xlsx,NEW_EMPLOYMENT,new_employment,mapped
2017,lca_2017.xlsx,ORIGINAL_CERT_DATE,original_certification_date,mapped
2017,lca_2017.xlsx,PREVAILING_WAGE,prevailing_wage,mapped
2017,lca_2017.xlsx,PW_WAGE_LEVEL,prevailing_wage_level,mapped
2017,lca_2017.xlsx,PW_SOURCE,prevailing_wage_source,mapped
2017,lca_2017.xlsx,PW_SOURCE_YEAR,prevailing_wage_source_year,mapped
2017,lca_2017.xlsx,,prevailing_wage_tracking_number,absent this year
2017,lca_2017.xlsx,PW_UNIT_OF_PAY,prevailing_wage_unit_of_pay,mapped
2017,lca_2017.xlsx,CASE_SUBMITTED,received_date,mapped
2017,lca_2017.xlsx,,secondary_entity,absent this year
2017,lca_2017.xlsx,,secondary_entity_business_name,absent this year
2017,lca_2017.xlsx,SOC_CODE,soc_id,mapped
2017,lca_2017.xlsx,SOC_NAME,soc_title,mapped
2017,lca_2017.xlsx,,statutory_basis,absent this year
2017,lca_2017.xlsx,SUPPORT_H1B,support_h1b,mapped
2017,lca_2017.xlsx,TOTAL_WORKERS,total_workers,mapped
2017,lca_2017.xlsx,,total_worksite_locations,absent this year
2017,lca_2017.xlsx,VISA_CLASS,visa_class,mapped
2017,lca_2017.xlsx,WAGE_RATE_OF_PAY_FROM,wage_offered_from,mapped
2017,lca_2017.xlsx,WAGE_RATE_OF_PAY_TO,wage_offered_to,mapped
2017,lca_2017.xlsx,WAGE_UNIT_OF_PAY,wage_unit_of_pay,mapped
2017,lca_2017.xlsx,WILLFUL_VIOLATOR,willful_violator,mapped
2017,lca_2017.xlsx,,withdrawn,absent this year
2017,lca_2017.xlsx,,worksite_address,absent this year
2017,lca_2017.xlsx,WORKSITE_CITY,worksite_city,mapped
2017,lca_2017.xlsx,WORKSITE_COUNTY,worksite_county,mapped
2017,lca_2017.xlsx,WORKSITE_POSTAL_CODE,worksite_postal_code,mapped
2017,lca_2017.xlsx,WORKSITE_STATE,worksite_state,mapped
2017,lca_2017.xlsx,,worksite_workers,absent this year
2017,lca_2017.xlsx,AGENT_ATTORNEY_CITY,,dropped: attorney/agent personal details
2017,lca_2017.xlsx,AGENT_ATTORNEY_NAME,,dropped: attorney/agent personal details
2017,lca_2017.xlsx,AGENT_ATTORNEY_STATE,,dropped: attorney/agent personal details
2017,lca_2017.xlsx,EMPLOYER_PHONE,,dropped: phone / employer identifier
2017,lca_2017.xlsx,EMPLOYER_PHONE_EXT,,dropped: phone / employer identifier
2017,lca_2017.xlsx,EMPLOYER_PROVINCE,,dropped: non-US employer province
2017,lca_2017.xlsx,LABOR_CON_AGREE,,dropped: LCA attestation plumbing
2017,lca_2017.xlsx,PUBLIC_DISCLOSURE_LOCATION,,dropped: LCA attestation plumbing
2017,lca_2017.xlsx,PW_SOURCE_OTHER,,dropped: prevailing wage survey detail
2018,lca_2018.xlsx,AGENT_REPRESENTING_EMPLOYER,agent_representing_employer,mapped
2018,lca_2018.xlsx,AMENDED_PETITION,amended_petition,mapped
2018,lca_2018.xlsx,,attorney_law_firm_name,absent this year
2018,lca_2018.xlsx,CASE_NUMBER,case_number,mapped
2018,lca_2018.xlsx,CASE_STATUS,case_status,mapped
2018,lca_2018.xlsx,CHANGE_EMPLOYER,change_employer,mapped
2018,lca_2018.xlsx,CHANGE_PREVIOUS_EMPLOYMENT,change_previous_employment,mapped
2018,lca_2018.xlsx,CONTINUED_EMPLOYMENT,continued_employment,mapped
2018,lca_2018.xlsx,DECISION_DATE,decision_date,mapped
2018,lca_2018.xlsx,EMPLOYER_ADDRESS,employer_address,mapped
2018,lca_2018.xlsx,EMPLOYER_CITY,employer_city,mapped
2018,lca_2018.xlsx,EMPLOYER_COUNTRY,employer_country,mapped
2018,lca_2018.xlsx,EMPLOYER_NAME,employer_name,mapped
2018,lca_2018.xlsx,EMPLOYER_POSTAL_CODE,employer_postal_code,mapped
2018,lca_2018.xlsx,EMPLOYER_STATE,employer_state,mapped
2018,lca_2018.xlsx,EMPLOYER_BUSINESS_DBA,employer_trade_name,mapped
2018,lca_2018.xlsx,EMPLOYMENT_START_DATE,employment_begin_date,mapped
2018,lca_2018.xlsx,EMPLOYMENT_END_DATE,employment_end_date,mapped
2018,lca_2018.xlsx,FULL_TIME_POSITION,full_time_position,mapped
2018,lca_2018.xlsx,H1B_DEPENDENT,h1b_dependent,mapped
2018,lca_2018.xlsx,JOB_TITLE,job_title,mapped
2018,lca_2018.xlsx,NAICS_CODE,naics_id,mapped
2018,lca_2018.xlsx,NEW_CONCURRENT_EMP,new_concurrent_employment,mapped
2018,lca_2018.xlsx,NEW_EMPLOYMENT,new_employment,mapped
2018,lca_2018.xlsx,ORIGINAL_CERT_DATE,original_certification_date,mapped
2018,lca_2018.xlsx,PREVAILING_WAGE,prevailing_wage,mapped
2018,lca_2018.xlsx,PW_WAGE_LEVEL,prevailing_wage_level,mapped
2018,lca_2018.xlsx,PW_SOURCE,prevailing_wage_source,mapped
2018,lca_2018.xlsx,PW_SOURCE_YEAR,prevailing_wage_source_year,mapped
2018,lca_2018.xlsx,,prevailing_wage_tracking_number,absent this year
2018,lca_2018.xlsx,PW_UNIT_OF_PAY,prevailing_wage_unit_of_pay,mapped
2018,lca_2018.xlsx,CASE_SUBMITTED,received_date,mapped
2018,lca_2018.xlsx,,secondary_entity,absent this year
2018,lca_2018.xlsx,,secondary_entity_business_name,absent this year
2018,lca_2018.xlsx,SOC_CODE,soc_id,mapped
2018,lca_2018.xlsx,SOC_NAME,soc_title,mapped
2018,lca_2018.xlsx,,statutory_basis,absent this year
2018,lca_2018.xlsx,SUPPORT_H1B,support_h1b,mapped
2018,lca_2018.xlsx,TOTAL_WORKERS,total_workers,mapped
2018,lca_2018.xlsx,,total_worksite_locations,absent this year
2018,lca_2018.xlsx,VISA_CLASS,visa_class,mapped
2018,lca_2018.xlsx,WAGE_RATE_OF_PAY_FROM,wage_offered_from,mapped
2018,lca_2018.xlsx,WAGE_RATE_OF_PAY_TO,wage_offered_to,mapped
2018,lca_2018.xlsx,WAGE_UNIT_OF_PAY,wage_unit_of_pay,mapped
2018,lca_2018.xlsx,WILLFUL_VIOLATOR,willful_violator,mapped
2018,lca_2018.xlsx,,withdrawn,absent this year
2018,lca_2018.xlsx,,worksite_address,absent this year
2018,lca_2018.xlsx,WORKSITE_CITY,worksite_city,mapped
2018,lca_2018.xlsx,WORKSITE_COUNTY,worksite_county,mapped
2018,lca_2018.xlsx,WORKSITE_POSTAL_CODE,worksite_postal_code,mapped
2018,lca_2018.xlsx,WORKSITE_STATE,worksite_state,mapped
2018,lca_2018.xlsx,,worksite_workers,absent this year
2018,lca_2018.xlsx,AGENT_ATTORNEY_CITY,,dropped: attorney/agent personal details
2018,lca_2018.xlsx,AGENT_ATTORNEY_NAME,,dropped: attorney/agent personal details
2018,lca_2018.xlsx,AGENT_ATTORNEY_STATE,,dropped: attorney/agent personal details
2018,lca_2018.xlsx,EMPLOYER_PHONE,,dropped: phone / employer identifier
2018,lca_2018.xlsx,EMPLOYER_PHONE_EXT,,dropped: phone / employer identifier
2018,lca_2018.xlsx,EMPLOYER_PROVINCE,,dropped: non-US employer province
2018,lca_2018.xlsx,LABOR_CON_AGREE,,dropped: LCA attestation plumbing
2018,lca_2018.xlsx,PUBLIC_DISCLOSURE_LOCATION,,dropped: LCA attestation plumbing
2018,lca_2018.xlsx,PW_SOURCE_OTHER,,dropped: prevailing wage survey detail
2019,lca_2019.xlsx,AGENT_REPRESENTING_EMPLOYER,agent_representing_employer,mapped
2019,lca_2019.xlsx,AMENDED_PETITION,amended_petition,mapped
2019,lca_2019.xlsx,AGENT_ATTORNEY_LAW_FIRM_BUSINESS_NAME,attorney_law_firm_name,mapped
2019,lca_2019.xlsx,CASE_NUMBER,case_number,mapped
2019,lca_2019.xlsx,CASE_STATUS,case_status,mapped
2019,lca_2019.xlsx,CHANGE_EMPLOYER,change_employer,mapped
2019,lca_2019.xlsx,CHANGE_PREVIOUS_EMPLOYMENT,change_previous_employment,mapped
2019,lca_2019.xlsx,CONTINUED_EMPLOYMENT,continued_employment,mapped
2019,lca_2019.xlsx,DECISION_DATE,decision_date,mapped
2019,lca_2019.xlsx,EMPLOYER_ADDRESS1,employer_address,mapped
2019,lca_2019.xlsx,EMPLOYER_CITY,employer_city,mapped
2019,lca_2019.xlsx,EMPLOYER_COUNTRY,employer_country,mapped
2019,lca_2019.xlsx,EMPLOYER_NAME,employer_name,mapped
2019,lca_2019.xlsx,EMPLOYER_POSTAL_CODE,employer_postal_code,mapped
2019,lca_2019.xlsx,EMPLOYER_STATE,employer_state,mapped
2019,lca_2019.xlsx,EMPLOYER_BUSINESS_DBA,employer_trade_name,mapped
2019,lca_2019.xlsx,PERIOD_OF_EMPLOYMENT_START_DATE,employment_begin_date,mapped
2019,lca_2019.xlsx,PERIOD_OF_EMPLOYMENT_END_DATE,employment_end_date,mapped
2019,lca_2019.xlsx,FULL_TIME_POSITION,full_time_position,mapped
2019,lca_2019.xlsx,H-1B_DEPENDENT,h1b_dependent,mapped
2019,lca_2019.xlsx,JOB_TITLE,job_title,mapped
2019,lca_2019.xlsx,NAICS_CODE,naics_id,mapped
2019,lca_2019.xlsx,NEW_CONCURRENT_EMPLOYMENT,new_concurrent_employment,mapped
2019,lca_2019.xlsx,NEW_EMPLOYMENT,new_employment,mapped
2019,lca_2019.xlsx,ORIGINAL_CERT_DATE,original_certification_date,mapped
2019,lca_2019.xlsx,PREVAILING_WAGE_1,prevailing_wage,mapped
2019,lca_2019.xlsx,PW_WAGE_LEVEL_1,prevailing_wage_level,mapped
2019,lca_2019.xlsx,PW_OTHER_SOURCE_1,prevailing_wage_source,mapped
2019,lca_2019.xlsx,PW_OES_YEAR_1,prevailing_wage_source_year,mapped
2019,lca_2019.xlsx,PW_TRACKING_NUMBER_1,prevailing_wage_tracking_number,mapped
2019,lca_2019.xlsx,PW_UNIT_OF_PAY_1,prevailing_wage_unit_of_pay,mapped
2019,lca_2019.xlsx,CASE_SUBMITTED,received_date,mapped
2019,lca_2019.xlsx,SECONDARY_ENTITY_1,secondary_entity,mapped
2019,lca_2019.xlsx,SECONDARY_ENTITY_BUSINESS_NAME_1,secondary_entity_business_name,mapped
2019,lca_2019.xlsx,SOC_CODE,soc_id,mapped
2019,lca_2019.xlsx,SOC_TITLE,soc_title,mapped
2019,lca_2019.xlsx,STATUTORY_BASIS,statutory_basis,mapped
2019,lca_2019.xlsx,SUPPORT_H1B,support_h1b,mapped
2019,lca_2019.xlsx,TOTAL_WORKER_POSITIONS,total_workers,mapped
2019,lca_2019.xlsx,,total_worksite_locations,absent this year
2019,lca_2019.xlsx,VISA_CLASS,visa_class,mapped
2019,lca_2019.xlsx,WAGE_RATE_OF_PAY_FROM_1,wage_offered_from,mapped
2019,lca_2019.xlsx,WAGE_RATE_OF_PAY_TO_1,wage_offered_to,mapped
2019,lca_2019.xlsx,WAGE_UNIT_OF_PAY_1,wage_unit_of_pay,mapped
2019,lca_2019.xlsx,WILLFUL_VIOLATOR,willful_violator,mapped
2019,lca_2019.xlsx,,withdrawn,absent this year
2019,lca_2019.xlsx,WORKSITE_ADDRESS1_1,worksite_address,mapped
2019,lca_2019.xlsx,WORKSITE_CITY_1,worksite_city,mapped
2019,lca_2019.xlsx,WORKSITE_COUNTY_1,worksite_county,mapped
2019,lca_2019.xlsx,WORKSITE_POSTAL_CODE_1,worksite_postal_code,mapped
2019,lca_2019.xlsx,WORKSITE_STATE_1,worksite_state,mapped
2019,lca_2019.xlsx,WORKSITE_WORKERS_1,worksite_workers,mapped
2019,lca_2019.xlsx,AGENT_ATTORNEY_ADDRESS1,,dropped: attorney/agent personal details
2019,lca_2019.xlsx,AGENT_ATTORNEY_ADDRESS2,,dropped: attorney/agent personal details
2019,lca_2019.xlsx,AGENT_ATTORNEY_CITY,,dropped: attorney/agent personal details
2019,lca_2019.xlsx,AGENT_ATTORNEY_COUNTRY,,dropped: attorney/agent personal details
2019,lca_2019.xlsx,AGENT_ATTORNEY_PHONE,,dropped: attorney/agent personal details
2019,lca_2019.xlsx,AGENT_ATTORNEY_PHONE_EXT,,dropped: attorney/agent personal details
2019,lca_2019.xlsx,AGENT_ATTORNEY_POSTAL_CODE,,dropped: attorney/agent personal details
2019,lca_2019.xlsx,AGENT_ATTORNEY_PROVINCE,,dropped: attorney/agent personal details
2019,lca_2019.xlsx,AGENT_ATTORNEY_STATE,,dropped: attorney/agent personal details
2019,lca_2019.xlsx,EMPLOYER_ADDRESS2,,dropped: secondary worksite/wage block (primary worksite only)
2019,lca_2019.xlsx,EMPLOYER_PHONE,,dropped: phone / employer identifier
2019,lca_2019.xlsx,EMPLOYER_PHONE_EXT,,dropped: phone / employer identifier
2019,lca_2019.xlsx,EMPLOYER_PROVINCE,,dropped: non-US employer province
2019,lca_2019.xlsx,MASTERS_EXEMPTION,,dropped: LCA attestation plumbing
2019,lca_2019.xlsx,NAME_OF_HIGHEST_STATE_COURT,,dropped: attorney bar detail
2019,lca_2019.xlsx,PREVAILING_WAGE_10,,dropped: secondary worksite/wage block (primary worksite only)
2019,lca_2019.xlsx,PREVAILING_WAGE_2,,dropped: secondary worksite/wage block (primary worksite only)
2019,lca_2019.xlsx,PREVAILING_WAGE_3,,dropped: secondary worksite/wage block (primary worksite only)
2019,lca_2019.xlsx,PREVAILING_WAGE_4,,dropped: secondary worksite/wage block (primary worksite only)
2019,lca_2019.xlsx,PREVAILING_WAGE_5,,dropped: secondary worksite/wage block (primary worksite only)
2019,lca_2019.xlsx,PREVAILING_WAGE_6,,dropped: secondary worksite/wage block (primary worksite only)
2019,lca_2019.xlsx,PREVAILING_WAGE_7,,dropped: secondary worksite/wage block (primary worksite only)
2019,lca_2019.xlsx,PREVAILING_WAGE_8,,dropped: secondary worksite/wage block (primary worksite only)
2019,lca_2019.xlsx,PREVAILING_WAGE_9,,dropped: secondary worksite/wage block (primary worksite only)
2019,lca_2019.xlsx,PUBLIC_DISCLOSURE,,dropped: LCA attestation plumbing
2019,lca_2019.xlsx,PW_NON-OES_YEAR_1,,dropped: prevailing wage survey detail
2019,lca_2019.xlsx,PW_NON-OES_YEAR_10,,dropped: secondary worksite/wage block (primary worksite only)
2019,lca_2019.xlsx,PW_NON-OES_YEAR_2,,dropped: secondary worksite/wage block (primary worksite only)
2019,lca_2019.xlsx,PW_NON-OES_YEAR_3,,dropped: secondary worksite/wage block (primary worksite only)
2019,lca_2019.xlsx,PW_NON-OES_YEAR_4,,dropped: secondary worksite/wage block (primary worksite only)
2019,lca_2019.xlsx,PW_NON-OES_YEAR_5,,dropped: secondary worksite/wage block (primary worksite only)
2019,lca_2019.xlsx,PW_NON-OES_YEAR_6,,dropped: secondary worksite/wage block (primary worksite only)
2019,lca_2019.xlsx,PW_NON-OES_YEAR_7,,dropped: secondary worksite/wage block (primary worksite only)
2019,lca_2019.xlsx,PW_NON-OES_YEAR_8,,dropped: secondary worksite/wage block (primary worksite only)
2019,lca_2019.xlsx,PW_NON-OES_YEAR_9,,dropped: secondary worksite/wage block (primary worksite only)
2019,lca_2019.xlsx,PW_OES_YEAR_10,,dropped: secondary worksite/wage block (primary worksite only)
2019,lca_2019.xlsx,PW_OES_YEAR_2,,dropped: secondary worksite/wage block (primary worksite only)
2019,lca_2019.xlsx,PW_OES_YEAR_3,,dropped: secondary worksite/wage block (primary worksite only)
2019,lca_2019.xlsx,PW_OES_YEAR_4,,dropped: secondary worksite/wage block (primary worksite only)
2019,lca_2019.xlsx,PW_OES_YEAR_5,,dropped: secondary worksite/wage block (primary worksite only)
2019,lca_2019.xlsx,PW_OES_YEAR_6,,dropped: secondary worksite/wage block (primary worksite only)
2019,lca_2019.xlsx,PW_OES_YEAR_7,,dropped: secondary worksite/wage block (primary worksite only)
2019,lca_2019.xlsx,PW_OES_YEAR_8,,dropped: secondary worksite/wage block (primary worksite only)
2019,lca_2019.xlsx,PW_OES_YEAR_9,,dropped: secondary worksite/wage block (primary worksite only)
2019,lca_2019.xlsx,PW_OTHER_SOURCE_10,,dropped: secondary worksite/wage block (primary worksite only)
2019,lca_2019.xlsx,PW_OTHER_SOURCE_2,,dropped: secondary worksite/wage block (primary worksite only)
2019,lca_2019.xlsx,PW_OTHER_SOURCE_3,,dropped: secondary worksite/wage block (primary worksite only)
2019,lca_2019.xlsx,PW_OTHER_SOURCE_4,,dropped: secondary worksite/wage block (primary worksite only)
2019,lca_2019.xlsx,PW_OTHER_SOURCE_5,,dropped: secondary worksite/wage block (primary worksite only)
2019,lca_2019.xlsx,PW_OTHER_SOURCE_6,,dropped: secondary worksite/wage block (primary worksite only)
2019,lca_2019.xlsx,PW_OTHER_SOURCE_7,,dropped: secondary worksite/wage block (primary worksite only)
2019,lca_2019.xlsx,PW_OTHER_SOURCE_8,,dropped: secondary worksite/wage block (primary worksite only)
2019,lca_2019.xlsx,PW_OTHER_SOURCE_9,,dropped: secondary worksite/wage block (primary worksite only)
2019,lca_2019.xlsx,PW_SURVEY_NAME_1,,dropped: prevailing wage survey detail
2019,lca_2019.xlsx,PW_SURVEY_NAME_10,,dropped: secondary worksite/wage block (primary worksite only)
2019,lca_2019.xlsx,PW_SURVEY_NAME_2,,dropped: secondary worksite/wage block (primary worksite only)
2019,lca_2019.xlsx,PW_SURVEY_NAME_3,,dropped: secondary worksite/wage block (primary worksite only)
2019,lca_2019.xlsx,PW_SURVEY_NAME_4,,dropped: secondary worksite/wage block (primary worksite only)
2019,lca_2019.xlsx,PW_SURVEY_NAME_5,,dropped: secondary worksite/wage block (primary worksite only)
2019,lca_2019.xlsx,PW_SURVEY_NAME_6,,dropped: secondary worksite/wage block (primary worksite only)
2019,lca_2019.xlsx,PW_SURVEY_NAME_7,,dropped: secondary worksite/wage block (primary worksite only)
2019,lca_2019.xlsx,PW_SURVEY_NAME_8,,dropped: secondary worksite/wage block (primary worksite only)
2019,lca_2019.xlsx,PW_SURVEY_NAME_9,,dropped: secondary worksite/wage block (primary worksite only)
2019,lca_2019.xlsx,PW_SURVEY_PUBLISHER_1,,dropped: prevailing wage survey detail
2019,lca_2019.xlsx,PW_SURVEY_PUBLISHER_10,,dropped: secondary worksite/wage block (primary worksite only)
2019,lca_2019.xlsx,PW_SURVEY_PUBLISHER_2,,dropped: secondary worksite/wage block (primary worksite only)
2019,lca_2019.xlsx,PW_SURVEY_PUBLISHER_3,,dropped: secondary worksite/wage block (primary worksite only)
2019,lca_2019.xlsx,PW_SURVEY_PUBLISHER_4,,dropped: secondary worksite/wage block (primary worksite only)
2019,lca_2019.xlsx,PW_SURVEY_PUBLISHER_5,,dropped: secondary worksite/wage block (primary worksite only)
2019,lca_2019.xlsx,PW_SURVEY_PUBLISHER_6,,dropped: secondary worksite/wage block (primary worksite only)
2019,lca_2019.xlsx,PW_SURVEY_PUBLISHER_7,,dropped: secondary worksite/wage block (primary worksite only)
2019,lca_2019.xlsx,PW_SURVEY_PUBLISHER_8,,dropped: secondary worksite/wage block (primary worksite only)
2019,lca_2019.xlsx,PW_SURVEY_PUBLISHER_9,,dropped: secondary worksite/wage block (primary worksite only)
2019,lca_2019.xlsx,PW_TRACKING_NUMBER_10,,dropped: secondary worksite/wage block (primary worksite only)
2019,lca_2019.xlsx,PW_TRACKING_NUMBER_2,,dropped: secondary worksite/wage block (primary worksite only)
2019,lca_2019.xlsx,PW_TRACKING_NUMBER_3,,dropped: secondary worksite/wage block (primary worksite only)
2019,lca_2019.xlsx,PW_TRACKING_NUMBER_4,,dropped: secondary worksite/wage block (primary worksite only)
2019,lca_2019.xlsx,PW_TRACKING_NUMBER_5,,dropped: secondary worksite/wage block (primary worksite only)
2019,lca_2019.xlsx,PW_TRACKING_NUMBER_6,,dropped: secondary worksite/wage block (primary worksite only)
2019,lca_2019.xlsx,PW_TRACKING_NUMBER_7,,dropped: secondary worksite/wage block (primary worksite only)
2019,lca_2019.xlsx,PW_TRACKING_NUMBER_8,,dropped: secondary worksite/wage block (primary worksite only)
2019,lca_2019.xlsx,PW_TRACKING_NUMBER_9,,dropped: secondary worksite/wage block (primary worksite only)
2019,lca_2019.xlsx,PW_UNIT_OF_PAY_10,,dropped: secondary worksite/wage block (primary worksite only)
2019,lca_2019.xlsx,PW_UNIT_OF_PAY_2,,dropped: secondary worksite/wage block (primary worksite only)
2019,lca_2019.xlsx,PW_UNIT_OF_PAY_3,,dropped: secondary worksite/wage block (primary worksite only)
2019,lca_2019.xlsx,PW_UNIT_OF_PAY_4,,dropped: secondary worksite/wage block (primary worksite only)
2019,lca_2019.xlsx,PW_UNIT_OF_PAY_5,,dropped: secondary worksite/wage block (primary worksite only)
2019,lca_2019.xlsx,PW_UNIT_OF_PAY_6,,dropped: secondary worksite/wage block (primary worksite only)
2019,lca_2019.xlsx,PW_UNIT_OF_PAY_7,,dropped: secondary worksite/wage block (primary worksite only)
2019,lca_2019.xlsx,PW_UNIT_OF_PAY_8,,dropped: secondary worksite/wage block (primary worksite only)
2019,lca_2019.xlsx,PW_UNIT_OF_PAY_9,,dropped: secondary worksite/wage block (primary worksite only)
2019,lca_2019.xlsx,PW_WAGE_LEVEL_10,,dropped: secondary worksite/wage block (primary worksite only)
2019,lca_2019.xlsx,PW_WAGE_LEVEL_2,,dropped: secondary worksite/wage block (primary worksite only)
2019,lca_2019.xlsx,PW_WAGE_LEVEL_3,,dropped: secondary worksite/wage block (primary worksite only)
2019,lca_2019.xlsx,PW_WAGE_LEVEL_4,,dropped: secondary worksite/wage block (primary worksite only)
2019,lca_2019.xlsx,PW_WAGE_LEVEL_5,,dropped: secondary worksite/wage block (primary worksite only)
2019,lca_2019.xlsx,PW_WAGE_LEVEL_6,,dropped: secondary worksite/wage block (primary worksite only)
2019,lca_2019.xlsx,PW_WAGE_LEVEL_7,,dropped: secondary worksite/wage block (primary worksite only)
2019,lca_2019.xlsx,PW_WAGE_LEVEL_8,,dropped: secondary worksite/wage block (primary worksite only)
2019,lca_2019.xlsx,PW_WAGE_LEVEL_9,,dropped: secondary worksite/wage block (primary worksite only)
2019,lca_2019.xlsx,SECONDARY_ENTITY_10,,dropped: secondary worksite/wage block (primary worksite only)
2019,lca_2019.xlsx,SECONDARY_ENTITY_2,,dropped: secondary worksite/wage block (primary worksite only)
2019,lca_2019.xlsx,SECONDARY_ENTITY_3,,dropped: secondary worksite/wage block (primary worksite only)
2019,lca_2019.xlsx,SECONDARY_ENTITY_4,,dropped: secondary worksite/wage block (primary worksite only)
2019,lca_2019.xlsx,SECONDARY_ENTITY_5,,dropped: secondary worksite/wage block (primary worksite only)
2019,lca_2019.xlsx,SECONDARY_ENTITY_6,,dropped: secondary worksite/wage block (primary worksite only)
2019,lca_2019.xlsx,SECONDARY_ENTITY_7,,dropped: secondary worksite/wage block (primary worksite only)
2019,lca_2019.xlsx,SECONDARY_ENTITY_8,,dropped: secondary worksite/wage block (primary worksite only)
2019,lca_2019.xlsx,SECONDARY_ENTITY_9,,dropped: secondary worksite/wage block (primary worksite only)
2019,lca_2019.xlsx,SECONDARY_ENTITY_BUSINESS_NAME_10,,dropped: secondary worksite/wage block (primary worksite only)
2019,lca_2019.xlsx,SECONDARY_ENTITY_BUSINESS_NAME_2,,dropped: secondary worksite/wage block (primary worksite only)
2019,lca_2019.xlsx,SECONDARY_ENTITY_BUSINESS_NAME_3,,dropped: secondary worksite/wage block (primary worksite only)
2019,lca_2019.xlsx,SECONDARY_ENTITY_BUSINESS_NAME_4,,dropped: secondary worksite/wage block (primary worksite only)
2019,lca_2019.xlsx,SECONDARY_ENTITY_BUSINESS_NAME_5,,dropped: secondary worksite/wage block (primary worksite only)
2019,lca_2019.xlsx,SECONDARY_ENTITY_BUSINESS_NAME_6,,dropped: secondary worksite/wage block (primary worksite only)
2019,lca_2019.xlsx,SECONDARY_ENTITY_BUSINESS_NAME_7,,dropped: secondary worksite/wage block (primary worksite only)
2019,lca_2019.xlsx,SECONDARY_ENTITY_BUSINESS_NAME_8,,dropped: secondary worksite/wage block (primary worksite only)
2019,lca_2019.xlsx,SECONDARY_ENTITY_BUSINESS_NAME_9,,dropped: secondary worksite/wage block (primary worksite only)
2019,lca_2019.xlsx,STATE_OF_HIGHEST_COURT,,dropped: attorney bar detail
2019,lca_2019.xlsx,WAGE_RATE_OF_PAY_FROM_10,,dropped: secondary worksite/wage block (primary worksite only)
2019,lca_2019.xlsx,WAGE_RATE_OF_PAY_FROM_2,,dropped: secondary worksite/wage block (primary worksite only)
2019,lca_2019.xlsx,WAGE_RATE_OF_PAY_FROM_3,,dropped: secondary worksite/wage block (primary worksite only)
2019,lca_2019.xlsx,WAGE_RATE_OF_PAY_FROM_4,,dropped: secondary worksite/wage block (primary worksite only)
2019,lca_2019.xlsx,WAGE_RATE_OF_PAY_FROM_5,,dropped: secondary worksite/wage block (primary worksite only)
2019,lca_2019.xlsx,WAGE_RATE_OF_PAY_FROM_6,,dropped: secondary worksite/wage block (primary worksite only)
2019,lca_2019.xlsx,WAGE_RATE_OF_PAY_FROM_7,,dropped: secondary worksite/wage block (primary worksite only)
2019,lca_2019.xlsx,WAGE_RATE_OF_PAY_FROM_8,,dropped: secondary worksite/wage block (primary worksite only)
2019,lca_2019.xlsx,WAGE_RATE_OF_PAY_FROM_9,,dropped: secondary worksite/wage block (primary worksite only)
2019,lca_2019.xlsx,WAGE_RATE_OF_PAY_TO_10,,dropped: secondary worksite/wage block (primary worksite only)
2019,lca_2019.xlsx,WAGE_RATE_OF_PAY_TO_2,,dropped: secondary worksite/wage block (primary worksite only)
2019,lca_2019.xlsx,WAGE_RATE_OF_PAY_TO_3,,dropped: secondary worksite/wage block (primary worksite only)
2019,lca_2019.xlsx,WAGE_RATE_OF_PAY_TO_4,,dropped: secondary worksite/wage block (primary worksite only)
2019,lca_2019.xlsx,WAGE_RATE_OF_PAY_TO_5,,dropped: secondary worksite/wage block (primary worksite only)
2019,lca_2019.xlsx,WAGE_RATE_OF_PAY_TO_6,,dropped: secondary worksite/wage block (primary worksite only)
2019,lca_2019.xlsx,WAGE_RATE_OF_PAY_TO_7,,dropped: secondary worksite/wage block (primary worksite only)
2019,lca_2019.xlsx,WAGE_RATE_OF_PAY_TO_8,,dropped: secondary worksite/wage block (primary worksite only)
2019,lca_2019.xlsx,WAGE_RATE_OF_PAY_TO_9,,dropped: secondary worksite/wage block (primary worksite only)
2019,lca_2019.xlsx,WAGE_UNIT_OF_PAY_10,,dropped: secondary worksite/wage block (primary worksite only)
2019,lca_2019.xlsx,WAGE_UNIT_OF_PAY_2,,dropped: secondary worksite/wage block (primary worksite only)
2019,lca_2019.xlsx,WAGE_UNIT_OF_PAY_3,,dropped: secondary worksite/wage block (primary worksite only)
2019,lca_2019.xlsx,WAGE_UNIT_OF_PAY_4,,dropped: secondary worksite/wage block (primary worksite only)
2019,lca_2019.xlsx,WAGE_UNIT_OF_PAY_5,,dropped: secondary worksite/wage block (primary worksite only)
2019,lca_2019.xlsx,WAGE_UNIT_OF_PAY_6,,dropped: secondary worksite/wage block (primary worksite only)
2019,lca_2019.xlsx,WAGE_UNIT_OF_PAY_7,,dropped: secondary worksite/wage block (primary worksite only)
2019,lca_2019.xlsx,WAGE_UNIT_OF_PAY_8,,dropped: secondary worksite/wage block (primary worksite only)
2019,lca_2019.xlsx,WAGE_UNIT_OF_PAY_9,,dropped: secondary worksite/wage block (primary worksite only)
2019,lca_2019.xlsx,WORKSITE_ADDRESS1_10,,dropped: secondary worksite/wage block (primary worksite only)
2019,lca_2019.xlsx,WORKSITE_ADDRESS1_2,,dropped: secondary worksite/wage block (primary worksite only)
2019,lca_2019.xlsx,WORKSITE_ADDRESS1_3,,dropped: secondary worksite/wage block (primary worksite only)
2019,lca_2019.xlsx,WORKSITE_ADDRESS1_4,,dropped: secondary worksite/wage block (primary worksite only)
2019,lca_2019.xlsx,WORKSITE_ADDRESS1_5,,dropped: secondary worksite/wage block (primary worksite only)
2019,lca_2019.xlsx,WORKSITE_ADDRESS1_6,,dropped: secondary worksite/wage block (primary worksite only)
2019,lca_2019.xlsx,WORKSITE_ADDRESS1_7,,dropped: secondary worksite/wage block (primary worksite only)
2019,lca_2019.xlsx,WORKSITE_ADDRESS1_8,,dropped: secondary worksite/wage block (primary worksite only)
2019,lca_2019.xlsx,WORKSITE_ADDRESS1_9,,dropped: secondary worksite/wage block (primary worksite only)
2019,lca_2019.xlsx,WORKSITE_ADDRESS2_1,,dropped: worksite address line 2
2019,lca_2019.xlsx,WORKSITE_ADDRESS2_10,,dropped: secondary worksite/wage block (primary worksite only)
2019,lca_2019.xlsx,WORKSITE_ADDRESS2_2,,dropped: secondary worksite/wage block (primary worksite only)
2019,lca_2019.xlsx,WORKSITE_ADDRESS2_3,,dropped: secondary worksite/wage block (primary worksite only)
2019,lca_2019.xlsx,WORKSITE_ADDRESS2_4,,dropped: secondary worksite/wage block (primary worksite only)
2019,lca_2019.xlsx,WORKSITE_ADDRESS2_5,,dropped: secondary worksite/wage block (primary worksite only)
2019,lca_2019.xlsx,WORKSITE_ADDRESS2_6,,dropped: secondary worksite/wage block (primary worksite only)
2019,lca_2019.xlsx,WORKSITE_ADDRESS2_7,,dropped: secondary worksite/wage block (primary worksite only)
2019,lca_2019.xlsx,WORKSITE_ADDRESS2_8,,dropped: secondary worksite/wage block (primary worksite only)
2019,lca_2019.xlsx,WORKSITE_ADDRESS2_9,,dropped: secondary worksite/wage block (primary worksite only)
2019,lca_2019.xlsx,WORKSITE_CITY_10,,dropped: secondary worksite/wage block (primary worksite only)
2019,lca_2019.xlsx,WORKSITE_CITY_2,,dropped: secondary worksite/wage block (primary worksite only)
2019,lca_2019.xlsx,WORKSITE_CITY_3,,dropped: secondary worksite/wage block (primary worksite only)
2019,lca_2019.xlsx,WORKSITE_CITY_4,,dropped: secondary worksite/wage block (primary worksite only)
2019,lca_2019.xlsx,WORKSITE_CITY_5,,dropped: secondary worksite/wage block (primary worksite only)
2019,lca_2019.xlsx,WORKSITE_CITY_6,,dropped: secondary worksite/wage block (primary worksite only)
2019,lca_2019.xlsx,WORKSITE_CITY_7,,dropped: secondary worksite/wage block (primary worksite only)
2019,lca_2019.xlsx,WORKSITE_CITY_8,,dropped: secondary worksite/wage block (primary worksite only)
2019,lca_2019.xlsx,WORKSITE_CITY_9,,dropped: secondary worksite/wage block (primary worksite only)
2019,lca_2019.xlsx,WORKSITE_COUNTY_10,,dropped: secondary worksite/wage block (primary worksite only)
2019,lca_2019.xlsx,WORKSITE_COUNTY_2,,dropped: secondary worksite/wage block (primary worksite only)
2019,lca_2019.xlsx,WORKSITE_COUNTY_3,,dropped: secondary worksite/wage block (primary worksite only)
2019,lca_2019.xlsx,WORKSITE_COUNTY_4,,dropped: secondary worksite/wage block (primary worksite only)
2019,lca_2019.xlsx,WORKSITE_COUNTY_5,,dropped: secondary worksite/wage block (primary worksite only)
2019,lca_2019.xlsx,WORKSITE_COUNTY_6,,dropped: secondary worksite/wage block (primary worksite only)
2019,lca_2019.xlsx,WORKSITE_COUNTY_7,,dropped: secondary worksite/wage block (primary worksite only)
2019,lca_2019.xlsx,WORKSITE_COUNTY_8,,dropped: secondary worksite/wage block (primary worksite only)
2019,lca_2019.xlsx,WORKSITE_COUNTY_9,,dropped: secondary worksite/wage block (primary worksite only)
2019,lca_2019.xlsx,WORKSITE_POSTAL_CODE_10,,dropped: secondary worksite/wage block (primary worksite only)
2019,lca_2019.xlsx,WORKSITE_POSTAL_CODE_2,,dropped: secondary worksite/wage block (primary worksite only)
2019,lca_2019.xlsx,WORKSITE_POSTAL_CODE_3,,dropped: secondary worksite/wage block (primary worksite only)
2019,lca_2019.xlsx,WORKSITE_POSTAL_CODE_4,,dropped: secondary worksite/wage block (primary worksite only)
2019,lca_2019.xlsx,WORKSITE_POSTAL_CODE_5,,dropped: secondary worksite/wage block (primary worksite only)
2019,lca_2019.xlsx,WORKSITE_POSTAL_CODE_6,,dropped: secondary worksite/wage block (primary worksite only)
2019,lca_2019.xlsx,WORKSITE_POSTAL_CODE_7,,dropped: secondary worksite/wage block (primary worksite only)
2019,lca_2019.xlsx,WORKSITE_POSTAL_CODE_8,,dropped: secondary worksite/wage block (primary worksite only)
2019,lca_2019.xlsx,WORKSITE_POSTAL_CODE_9,,dropped: secondary worksite/wage block (primary worksite only)
2019,lca_2019.xlsx,WORKSITE_STATE_10,,dropped: secondary worksite/wage block (primary worksite only)
2019,lca_2019.xlsx,WORKSITE_STATE_2,,dropped: secondary worksite/wage block (primary worksite only)
2019,lca_2019.xlsx,WORKSITE_STATE_3,,dropped: secondary worksite/wage block (primary worksite only)
2019,lca_2019.xlsx,WORKSITE_STATE_4,,dropped: secondary worksite/wage block (primary worksite only)
2019,lca_2019.xlsx,WORKSITE_STATE_5,,dropped: secondary worksite/wage block (primary worksite only)
2019,lca_2019.xlsx,WORKSITE_STATE_6,,dropped: secondary worksite/wage block (primary worksite only)
2019,lca_2019.xlsx,WORKSITE_STATE_7,,dropped: secondary worksite/wage block (primary worksite only)
2019,lca_2019.xlsx,WORKSITE_STATE_8,,dropped: secondary worksite/wage block (primary worksite only)
2019,lca_2019.xlsx,WORKSITE_STATE_9,,dropped: secondary worksite/wage block (primary worksite only)
2019,lca_2019.xlsx,WORKSITE_WORKERS_10,,dropped: secondary worksite/wage block (primary worksite only)
2019,lca_2019.xlsx,WORKSITE_WORKERS_2,,dropped: secondary worksite/wage block (primary worksite only)
2019,lca_2019.xlsx,WORKSITE_WORKERS_3,,dropped: secondary worksite/wage block (primary worksite only)
2019,lca_2019.xlsx,WORKSITE_WORKERS_4,,dropped: secondary worksite/wage block (primary worksite only)
2019,lca_2019.xlsx,WORKSITE_WORKERS_5,,dropped: secondary worksite/wage block (primary worksite only)
2019,lca_2019.xlsx,WORKSITE_WORKERS_6,,dropped: secondary worksite/wage block (primary worksite only)
2019,lca_2019.xlsx,WORKSITE_WORKERS_7,,dropped: secondary worksite/wage block (primary worksite only)
2019,lca_2019.xlsx,WORKSITE_WORKERS_8,,dropped: secondary worksite/wage block (primary worksite only)
2019,lca_2019.xlsx,WORKSITE_WORKERS_9,,dropped: secondary worksite/wage block (primary worksite only)
2020,lca_2020.xlsx,AGENT_REPRESENTING_EMPLOYER,agent_representing_employer,mapped
2020,lca_2020.xlsx,AMENDED_PETITION,amended_petition,mapped
2020,lca_2020.xlsx,LAWFIRM_NAME_BUSINESS_NAME,attorney_law_firm_name,mapped
2020,lca_2020.xlsx,CASE_NUMBER,case_number,mapped
2020,lca_2020.xlsx,CASE_STATUS,case_status,mapped
2020,lca_2020.xlsx,CHANGE_EMPLOYER,change_employer,mapped
2020,lca_2020.xlsx,CHANGE_PREVIOUS_EMPLOYMENT,change_previous_employment,mapped
2020,lca_2020.xlsx,CONTINUED_EMPLOYMENT,continued_employment,mapped
2020,lca_2020.xlsx,DECISION_DATE,decision_date,mapped
2020,lca_2020.xlsx,EMPLOYER_ADDRESS1,employer_address,mapped
2020,lca_2020.xlsx,EMPLOYER_CITY,employer_city,mapped
2020,lca_2020.xlsx,EMPLOYER_COUNTRY,employer_country,mapped
2020,lca_2020.xlsx,EMPLOYER_NAME,employer_name,mapped
2020,lca_2020.xlsx,EMPLOYER_POSTAL_CODE,employer_postal_code,mapped
2020,lca_2020.xlsx,EMPLOYER_STATE,employer_state,mapped
2020,lca_2020.xlsx,TRADE_NAME_DBA,employer_trade_name,mapped
2020,lca_2020.xlsx,BEGIN_DATE,employment_begin_date,mapped
2020,lca_2020.xlsx,END_DATE,employment_end_date,mapped
2020,lca_2020.xlsx,FULL_TIME_POSITION,full_time_position,mapped
2020,lca_2020.xlsx,H-1B_DEPENDENT,h1b_dependent,mapped
2020,lca_2020.xlsx,JOB_TITLE,job_title,mapped
2020,lca_2020.xlsx,NAICS_CODE,naics_id,mapped
2020,lca_2020.xlsx,NEW_CONCURRENT_EMPLOYMENT,new_concurrent_employment,mapped
2020,lca_2020.xlsx,NEW_EMPLOYMENT,new_employment,mapped
2020,lca_2020.xlsx,ORIGINAL_CERT_DATE,original_certification_date,mapped
2020,lca_2020.xlsx,PREVAILING_WAGE,prevailing_wage,mapped
2020,lca_2020.xlsx,PW_WAGE_LEVEL,prevailing_wage_level,mapped
2020,lca_2020.xlsx,PW_OTHER_SOURCE,prevailing_wage_source,mapped
2020,lca_2020.xlsx,PW_OES_YEAR,prevailing_wage_source_year,mapped
2020,lca_2020.xlsx,PW_TRACKING_NUMBER,prevailing_wage_tracking_number,mapped
2020,lca_2020.xlsx,PW_UNIT_OF_PAY,prevailing_wage_unit_of_pay,mapped
2020,lca_2020.xlsx,RECEIVED_DATE,received_date,mapped
2020,lca_2020.xlsx,SECONDARY_ENTITY,secondary_entity,mapped
2020,lca_2020.xlsx,SECONDARY_ENTITY_BUSINESS_NAME,secondary_entity_business_name,mapped
2020,lca_2020.xlsx,SOC_CODE,soc_id,mapped
2020,lca_2020.xlsx,SOC_TITLE,soc_title,mapped
2020,lca_2020.xlsx,STATUTORY_BASIS,statutory_basis,mapped
2020,lca_2020.xlsx,SUPPORT_H1B,support_h1b,mapped
2020,lca_2020.xlsx,TOTAL_WORKER_POSITIONS,total_workers,mapped
2020,lca_2020.xlsx,TOTAL_WORKSITE_LOCATIONS,total_worksite_locations,mapped
2020,lca_2020.xlsx,VISA_CLASS,visa_class,mapped
2020,lca_2020.xlsx,WAGE_RATE_OF_PAY_FROM,wage_offered_from,mapped
2020,lca_2020.xlsx,WAGE_RATE_OF_PAY_TO,wage_offered_to,mapped
2020,lca_2020.xlsx,WAGE_UNIT_OF_PAY,wage_unit_of_pay,mapped
2020,lca_2020.xlsx,WILLFUL_VIOLATOR,willful_violator,mapped
2020,lca_2020.xlsx,,withdrawn,absent this year
2020,lca_2020.xlsx,WORKSITE_ADDRESS1,worksite_address,mapped
2020,lca_2020.xlsx,WORKSITE_CITY,worksite_city,mapped
2020,lca_2020.xlsx,WORKSITE_COUNTY,worksite_county,mapped
2020,lca_2020.xlsx,WORKSITE_POSTAL_CODE,worksite_postal_code,mapped
2020,lca_2020.xlsx,WORKSITE_STATE,worksite_state,mapped
2020,lca_2020.xlsx,WORKSITE_WORKERS,worksite_workers,mapped
2020,lca_2020.xlsx,AGENT_ATTORNEY_ADDRESS1,,dropped: attorney/agent personal details
2020,lca_2020.xlsx,AGENT_ATTORNEY_ADDRESS2,,dropped: attorney/agent personal details
2020,lca_2020.xlsx,AGENT_ATTORNEY_CITY,,dropped: attorney/agent personal details
2020,lca_2020.xlsx,AGENT_ATTORNEY_COUNTRY,,dropped: attorney/agent personal details
2020,lca_2020.xlsx,AGENT_ATTORNEY_EMAIL_ADDRESS,,dropped: attorney/agent personal details
2020,lca_2020.xlsx,AGENT_ATTORNEY_FIRST_NAME,,dropped: attorney/agent personal details
2020,lca_2020.xlsx,AGENT_ATTORNEY_LAST_NAME,,dropped: attorney/agent personal details
2020,lca_2020.xlsx,AGENT_ATTORNEY_MIDDLE_NAME,,dropped: attorney/agent personal details
2020,lca_2020.xlsx,AGENT_ATTORNEY_PHONE,,dropped: attorney/agent personal details
2020,lca_2020.xlsx,AGENT_ATTORNEY_PHONE_EXT,,dropped: attorney/agent personal details
2020,lca_2020.xlsx,AGENT_ATTORNEY_POSTAL_CODE,,dropped: attorney/agent personal details
2020,lca_2020.xlsx,AGENT_ATTORNEY_PROVINCE,,dropped: attorney/agent personal details
2020,lca_2020.xlsx,AGENT_ATTORNEY_STATE,,dropped: attorney/agent personal details
2020,lca_2020.xlsx,AGREE_TO_LC_STATEMENT,,dropped: LCA attestation plumbing
2020,lca_2020.xlsx,APPENDIX_A_ATTACHED,,dropped: form attachment flag
2020,lca_2020.xlsx,EMPLOYER_ADDRESS2,,dropped: secondary worksite/wage block (primary worksite only)
2020,lca_2020.xlsx,EMPLOYER_PHONE,,dropped: phone / employer identifier
2020,lca_2020.xlsx,EMPLOYER_PHONE_EXT,,dropped: phone / employer identifier
2020,lca_2020.xlsx,EMPLOYER_POC_ADDRESS1,,dropped: employer point-of-contact personal details
2020,lca_2020.xlsx,EMPLOYER_POC_ADDRESS2,,dropped: employer point-of-contact personal details
2020,lca_2020.xlsx,EMPLOYER_POC_CITY,,dropped: employer point-of-contact personal details
2020,lca_2020.xlsx,EMPLOYER_POC_COUNTRY,,dropped: employer point-of-contact personal details
2020,lca_2020.xlsx,EMPLOYER_POC_EMAIL,,dropped: employer point-of-contact personal details
2020,lca_2020.xlsx,EMPLOYER_POC_FIRST_NAME,,dropped: employer point-of-contact personal details
2020,lca_2020.xlsx,EMPLOYER_POC_JOB_TITLE,,dropped: employer point-of-contact personal details
2020,lca_2020.xlsx,EMPLOYER_POC_LAST_NAME,,dropped: employer point-of-contact personal details
2020,lca_2020.xlsx,EMPLOYER_POC_MIDDLE_NAME,,dropped: employer point-of-contact personal details
2020,lca_2020.xlsx,EMPLOYER_POC_PHONE,,dropped: employer point-of-contact personal details
2020,lca_2020.xlsx,EMPLOYER_POC_PHONE_EXT,,dropped: employer point-of-contact personal details
2020,lca_2020.xlsx,EMPLOYER_POC_POSTAL_CODE,,dropped: employer point-of-contact personal details
2020,lca_2020.xlsx,EMPLOYER_POC_PROVINCE,,dropped: employer point-of-contact personal details
2020,lca_2020.xlsx,EMPLOYER_POC_STATE,,dropped: employer point-of-contact personal details
2020,lca_2020.xlsx,EMPLOYER_PROVINCE,,dropped: non-US employer province
2020,lca_2020.xlsx,NAME_OF_HIGHEST_STATE_COURT,,dropped: attorney bar detail
2020,lca_2020.xlsx,PREPARER_BUSINESS_NAME,,dropped: form preparer personal details
2020,lca_2020.xlsx,PREPARER_EMAIL,,dropped: form preparer personal details
2020,lca_2020.xlsx,PREPARER_FIRST_NAME,,dropped: form preparer personal details
2020,lca_2020.xlsx,PREPARER_LAST_NAME,,dropped: form preparer personal details
2020,lca_2020.xlsx,PREPARER_MIDDLE_INITIAL,,dropped: form preparer personal details
2020,lca_2020.xlsx,PUBLIC_DISCLOSURE,,dropped: LCA attestation plumbing
2020,lca_2020.xlsx,PW_OTHER_YEAR,,dropped: prevailing wage survey detail
2020,lca_2020.xlsx,PW_SURVEY_NAME,,dropped: prevailing wage survey detail
2020,lca_2020.xlsx,PW_SURVEY_PUBLISHER,,dropped: prevailing wage survey detail
2020,lca_2020.xlsx,STATE_OF_HIGHEST_COURT,,dropped: attorney bar detail
2020,lca_2020.xlsx,WORKSITE_ADDRESS2,,dropped: secondary worksite/wage block (primary worksite only)
2020,lca_2020q1.xlsx,AGENT_REPRESENTING_EMPLOYER,agent_representing_employer,mapped
2020,lca_2020q1.xlsx,AMENDED_PETITION,amended_petition,mapped
2020,lca_2020q1.xlsx,LAWFIRM_NAME_BUSINESS_NAME,attorney_law_firm_name,mapped
2020,lca_2020q1.xlsx,CASE_NUMBER,case_number,mapped
2020,lca_2020q1.xlsx,CASE_STATUS,case_status,mapped
2020,lca_2020q1.xlsx,CHANGE_EMPLOYER,change_employer,mapped
2020,lca_2020q1.xlsx,CHANGE_PREVIOUS_EMPLOYMENT,change_previous_employment,mapped
2020,lca_2020q1.xlsx,CONTINUED_EMPLOYMENT,continued_employment,mapped
2020,lca_2020q1.xlsx,DECISION_DATE,decision_date,mapped
2020,lca_2020q1.xlsx,EMPLOYER_ADDRESS1,employer_address,mapped
2020,lca_2020q1.xlsx,EMPLOYER_CITY,employer_city,mapped
2020,lca_2020q1.xlsx,EMPLOYER_COUNTRY,employer_country,mapped
2020,lca_2020q1.xlsx,EMPLOYER_NAME,employer_name,mapped
2020,lca_2020q1.xlsx,EMPLOYER_POSTAL_CODE,employer_postal_code,mapped
2020,lca_2020q1.xlsx,EMPLOYER_STATE,employer_state,mapped
2020,lca_2020q1.xlsx,TRADE_NAME_DBA,employer_trade_name,mapped
2020,lca_2020q1.xlsx,BEGIN_DATE,employment_begin_date,mapped
2020,lca_2020q1.xlsx,END_DATE,employment_end_date,mapped
2020,lca_2020q1.xlsx,FULL_TIME_POSITION,full_time_position,mapped
2020,lca_2020q1.xlsx,H-1B_DEPENDENT,h1b_dependent,mapped
2020,lca_2020q1.xlsx,JOB_TITLE,job_title,mapped
2020,lca_2020q1.xlsx,NAICS_CODE,naics_id,mapped
2020,lca_2020q1.xlsx,NEW_CONCURRENT_EMPLOYMENT,new_concurrent_employment,mapped
2020,lca_2020q1.xlsx,NEW_EMPLOYMENT,new_employment,mapped
2020,lca_2020q1.xlsx,ORIGINAL_CERT_DATE,original_certification_date,mapped
2020,lca_2020q1.xlsx,PREVAILING_WAGE,prevailing_wage,mapped
2020,lca_2020q1.xlsx,PW_WAGE_LEVEL,prevailing_wage_level,mapped
2020,lca_2020q1.xlsx,PW_OTHER_SOURCE,prevailing_wage_source,mapped
2020,lca_2020q1.xlsx,PW_OES_YEAR,prevailing_wage_source_year,mapped
2020,lca_2020q1.xlsx,PW_TRACKING_NUMBER,prevailing_wage_tracking_number,mapped
2020,lca_2020q1.xlsx,PW_UNIT_OF_PAY,prevailing_wage_unit_of_pay,mapped
2020,lca_2020q1.xlsx,RECEIVED_DATE,received_date,mapped
2020,lca_2020q1.xlsx,SECONDARY_ENTITY,secondary_entity,mapped
2020,lca_2020q1.xlsx,SECONDARY_ENTITY_BUSINESS_NAME,secondary_entity_business_name,mapped
2020,lca_2020q1.xlsx,SOC_CODE,soc_id,mapped
2020,lca_2020q1.xlsx,SOC_TITLE,soc_title,mapped
2020,lca_2020q1.xlsx,STATUTORY_BASIS,statutory_basis,mapped
2020,lca_2020q1.xlsx,SUPPORT_H1B,support_h1b,mapped
2020,lca_2020q1.xlsx,TOTAL_WORKER_POSITIONS,total_workers,mapped
2020,lca_2020q1.xlsx,TOTAL_WORKSITE_LOCATIONS,total_worksite_locations,mapped
2020,lca_2020q1.xlsx,VISA_CLASS,visa_class,mapped
2020,lca_2020q1.xlsx,WAGE_RATE_OF_PAY_FROM,wage_offered_from,mapped
2020,lca_2020q1.xlsx,WAGE_RATE_OF_PAY_TO,wage_offered_to,mapped
2020,lca_2020q1.xlsx,WAGE_UNIT_OF_PAY,wage_unit_of_pay,mapped
2020,lca_2020q1.xlsx,WILLFUL_VIOLATOR,willful_violator,mapped
2020,lca_2020q1.xlsx,,withdrawn,absent this year
2020,lca_2020q1.xlsx,WORKSITE_ADDRESS1,worksite_address,mapped
2020,lca_2020q1.xlsx,WORKSITE_CITY,worksite_city,mapped
2020,lca_2020q1.xlsx,WORKSITE_COUNTY,worksite_county,mapped
2020,lca_2020q1.xlsx,WORKSITE_POSTAL_CODE,worksite_postal_code,mapped
2020,lca_2020q1.xlsx,WORKSITE_STATE,worksite_state,mapped
2020,lca_2020q1.xlsx,WORKSITE_WORKERS,worksite_workers,mapped
2020,lca_2020q1.xlsx,AGENT_ATTORNEY_ADDRESS1,,dropped: attorney/agent personal details
2020,lca_2020q1.xlsx,AGENT_ATTORNEY_ADDRESS2,,dropped: attorney/agent personal details
2020,lca_2020q1.xlsx,AGENT_ATTORNEY_CITY,,dropped: attorney/agent personal details
2020,lca_2020q1.xlsx,AGENT_ATTORNEY_COUNTRY,,dropped: attorney/agent personal details
2020,lca_2020q1.xlsx,AGENT_ATTORNEY_EMAIL_ADDRESS,,dropped: attorney/agent personal details
2020,lca_2020q1.xlsx,AGENT_ATTORNEY_FIRST_NAME,,dropped: attorney/agent personal details
2020,lca_2020q1.xlsx,AGENT_ATTORNEY_LAST_NAME,,dropped: attorney/agent personal details
2020,lca_2020q1.xlsx,AGENT_ATTORNEY_MIDDLE_NAME,,dropped: attorney/agent personal details
2020,lca_2020q1.xlsx,AGENT_ATTORNEY_PHONE,,dropped: attorney/agent personal details
2020,lca_2020q1.xlsx,AGENT_ATTORNEY_PHONE_EXT,,dropped: attorney/agent personal details
2020,lca_2020q1.xlsx,AGENT_ATTORNEY_POSTAL_CODE,,dropped: attorney/agent personal details
2020,lca_2020q1.xlsx,AGENT_ATTORNEY_PROVINCE,,dropped: attorney/agent personal details
2020,lca_2020q1.xlsx,AGENT_ATTORNEY_STATE,,dropped: attorney/agent personal details
2020,lca_2020q1.xlsx,AGREE_TO_LC_STATEMENT,,dropped: LCA attestation plumbing
2020,lca_2020q1.xlsx,APPENDIX_A_ATTACHED,,dropped: form attachment flag
2020,lca_2020q1.xlsx,EMPLOYER_ADDRESS2,,dropped: secondary worksite/wage block (primary worksite only)
2020,lca_2020q1.xlsx,EMPLOYER_PHONE,,dropped: phone / employer identifier
2020,lca_2020q1.xlsx,EMPLOYER_PHONE_EXT,,dropped: phone / employer identifier
2020,lca_2020q1.xlsx,EMPLOYER_POC_ADDRESS1,,dropped: employer point-of-contact personal details
2020,lca_2020q1.xlsx,EMPLOYER_POC_ADDRESS2,,dropped: employer point-of-contact personal details
2020,lca_2020q1.xlsx,EMPLOYER_POC_CITY,,dropped: employer point-of-contact personal details
2020,lca_2020q1.xlsx,EMPLOYER_POC_COUNTRY,,dropped: employer point-of-contact personal details
2020,lca_2020q1.xlsx,EMPLOYER_POC_EMAIL,,dropped: employer point-of-contact personal details
2020,lca_2020q1.xlsx,EMPLOYER_POC_FIRST_NAME,,dropped: employer point-of-contact personal details
2020,lca_2020q1.xlsx,EMPLOYER_POC_JOB_TITLE,,dropped: employer point-of-contact personal details
2020,lca_2020q1.xlsx,EMPLOYER_POC_LAST_NAME,,dropped: employer point-of-contact personal details
2020,lca_2020q1.xlsx,EMPLOYER_POC_MIDDLE_NAME,,dropped: employer point-of-contact personal details
2020,lca_2020q1.xlsx,EMPLOYER_POC_PHONE,,dropped: employer point-of-contact personal details
2020,lca_2020q1.xlsx,EMPLOYER_POC_PHONE_EXT,,dropped: employer point-of-contact personal details
2020,lca_2020q1.xlsx,EMPLOYER_POC_POSTAL_CODE,,dropped: employer point-of-contact personal details
2020,lca_2020q1.xlsx,EMPLOYER_POC_PROVINCE,,dropped: employer point-of-contact personal details
2020,lca_2020q1.xlsx,EMPLOYER_POC_STATE,,dropped: employer point-of-contact personal details
2020,lca_2020q1.xlsx,EMPLOYER_PROVINCE,,dropped: non-US employer province
2020,lca_2020q1.xlsx,NAME_OF_HIGHEST_STATE_COURT,,dropped: attorney bar detail
2020,lca_2020q1.xlsx,PREPARER_BUSINESS_NAME,,dropped: form preparer personal details
2020,lca_2020q1.xlsx,PREPARER_EMAIL,,dropped: form preparer personal details
2020,lca_2020q1.xlsx,PREPARER_FIRST_NAME,,dropped: form preparer personal details
2020,lca_2020q1.xlsx,PREPARER_LAST_NAME,,dropped: form preparer personal details
2020,lca_2020q1.xlsx,PREPARER_MIDDLE_INITIAL,,dropped: form preparer personal details
2020,lca_2020q1.xlsx,PUBLIC_DISCLOSURE,,dropped: LCA attestation plumbing
2020,lca_2020q1.xlsx,PW_OTHER_YEAR,,dropped: prevailing wage survey detail
2020,lca_2020q1.xlsx,PW_SURVEY_NAME,,dropped: prevailing wage survey detail
2020,lca_2020q1.xlsx,PW_SURVEY_PUBLISHER,,dropped: prevailing wage survey detail
2020,lca_2020q1.xlsx,STATE_OF_HIGHEST_COURT,,dropped: attorney bar detail
2020,lca_2020q1.xlsx,WORKSITE_ADDRESS2,,dropped: secondary worksite/wage block (primary worksite only)
2020,lca_2020q2.xlsx,AGENT_REPRESENTING_EMPLOYER,agent_representing_employer,mapped
2020,lca_2020q2.xlsx,AMENDED_PETITION,amended_petition,mapped
2020,lca_2020q2.xlsx,LAWFIRM_NAME_BUSINESS_NAME,attorney_law_firm_name,mapped
2020,lca_2020q2.xlsx,CASE_NUMBER,case_number,mapped
2020,lca_2020q2.xlsx,CASE_STATUS,case_status,mapped
2020,lca_2020q2.xlsx,CHANGE_EMPLOYER,change_employer,mapped
2020,lca_2020q2.xlsx,CHANGE_PREVIOUS_EMPLOYMENT,change_previous_employment,mapped
2020,lca_2020q2.xlsx,CONTINUED_EMPLOYMENT,continued_employment,mapped
2020,lca_2020q2.xlsx,DECISION_DATE,decision_date,mapped
2020,lca_2020q2.xlsx,EMPLOYER_ADDRESS1,employer_address,mapped
2020,lca_2020q2.xlsx,EMPLOYER_CITY,employer_city,mapped
2020,lca_2020q2.xlsx,EMPLOYER_COUNTRY,employer_country,mapped
2020,lca_2020q2.xlsx,EMPLOYER_NAME,employer_name,mapped
2020,lca_2020q2.xlsx,EMPLOYER_POSTAL_CODE,employer_postal_code,mapped
2020,lca_2020q2.xlsx,EMPLOYER_STATE,employer_state,mapped
2020,lca_2020q2.xlsx,TRADE_NAME_DBA,employer_trade_name,mapped
2020,lca_2020q2.xlsx,BEGIN_DATE,employment_begin_date,mapped
2020,lca_2020q2.xlsx,END_DATE,employment_end_date,mapped
2020,lca_2020q2.xlsx,FULL_TIME_POSITION,full_time_position,mapped
2020,lca_2020q2.xlsx,H-1B_DEPENDENT,h1b_dependent,mapped
2020,lca_2020q2.xlsx,JOB_TITLE,job_title,mapped
2020,lca_2020q2.xlsx,NAICS_CODE,naics_id,mapped
2020,lca_2020q2.xlsx,NEW_CONCURRENT_EMPLOYMENT,new_concurrent_employment,mapped
2020,lca_2020q2.xlsx,NEW_EMPLOYMENT,new_employment,mapped
2020,lca_2020q2.xlsx,ORIGINAL_CERT_DATE,original_certification_date,mapped
2020,lca_2020q2.xlsx,PREVAILING_WAGE,prevailing_wage,mapped
2020,lca_2020q2.xlsx,PW_WAGE_LEVEL,prevailing_wage_level,mapped
2020,lca_2020q2.xlsx,PW_OTHER_SOURCE,prevailing_wage_source,mapped
2020,lca_2020q2.xlsx,PW_OES_YEAR,prevailing_wage_source_year,mapped
2020,lca_2020q2.xlsx,PW_TRACKING_NUMBER,prevailing_wage_tracking_number,mapped
2020,lca_2020q2.xlsx,PW_UNIT_OF_PAY,prevailing_wage_unit_of_pay,mapped
2020,lca_2020q2.xlsx,RECEIVED_DATE,received_date,mapped
2020,lca_2020q2.xlsx,SECONDARY_ENTITY,secondary_entity,mapped
2020,lca_2020q2.xlsx,SECONDARY_ENTITY_BUSINESS_NAME,secondary_entity_business_name,mapped
2020,lca_2020q2.xlsx,SOC_CODE,soc_id,mapped
2020,lca_2020q2.xlsx,SOC_TITLE,soc_title,mapped
2020,lca_2020q2.xlsx,STATUTORY_BASIS,statutory_basis,mapped
2020,lca_2020q2.xlsx,SUPPORT_H1B,support_h1b,mapped
2020,lca_2020q2.xlsx,TOTAL_WORKER_POSITIONS,total_workers,mapped
2020,lca_2020q2.xlsx,TOTAL_WORKSITE_LOCATIONS,total_worksite_locations,mapped
2020,lca_2020q2.xlsx,VISA_CLASS,visa_class,mapped
2020,lca_2020q2.xlsx,WAGE_RATE_OF_PAY_FROM,wage_offered_from,mapped
2020,lca_2020q2.xlsx,WAGE_RATE_OF_PAY_TO,wage_offered_to,mapped
2020,lca_2020q2.xlsx,WAGE_UNIT_OF_PAY,wage_unit_of_pay,mapped
2020,lca_2020q2.xlsx,WILLFUL_VIOLATOR,willful_violator,mapped
2020,lca_2020q2.xlsx,,withdrawn,absent this year
2020,lca_2020q2.xlsx,WORKSITE_ADDRESS1,worksite_address,mapped
2020,lca_2020q2.xlsx,WORKSITE_CITY,worksite_city,mapped
2020,lca_2020q2.xlsx,WORKSITE_COUNTY,worksite_county,mapped
2020,lca_2020q2.xlsx,WORKSITE_POSTAL_CODE,worksite_postal_code,mapped
2020,lca_2020q2.xlsx,WORKSITE_STATE,worksite_state,mapped
2020,lca_2020q2.xlsx,WORKSITE_WORKERS,worksite_workers,mapped
2020,lca_2020q2.xlsx,AGENT_ATTORNEY_ADDRESS1,,dropped: attorney/agent personal details
2020,lca_2020q2.xlsx,AGENT_ATTORNEY_ADDRESS2,,dropped: attorney/agent personal details
2020,lca_2020q2.xlsx,AGENT_ATTORNEY_CITY,,dropped: attorney/agent personal details
2020,lca_2020q2.xlsx,AGENT_ATTORNEY_COUNTRY,,dropped: attorney/agent personal details
2020,lca_2020q2.xlsx,AGENT_ATTORNEY_EMAIL_ADDRESS,,dropped: attorney/agent personal details
2020,lca_2020q2.xlsx,AGENT_ATTORNEY_FIRST_NAME,,dropped: attorney/agent personal details
2020,lca_2020q2.xlsx,AGENT_ATTORNEY_LAST_NAME,,dropped: attorney/agent personal details
2020,lca_2020q2.xlsx,AGENT_ATTORNEY_MIDDLE_NAME,,dropped: attorney/agent personal details
2020,lca_2020q2.xlsx,AGENT_ATTORNEY_PHONE,,dropped: attorney/agent personal details
2020,lca_2020q2.xlsx,AGENT_ATTORNEY_PHONE_EXT,,dropped: attorney/agent personal details
2020,lca_2020q2.xlsx,AGENT_ATTORNEY_POSTAL_CODE,,dropped: attorney/agent personal details
2020,lca_2020q2.xlsx,AGENT_ATTORNEY_PROVINCE,,dropped: attorney/agent personal details
2020,lca_2020q2.xlsx,AGENT_ATTORNEY_STATE,,dropped: attorney/agent personal details
2020,lca_2020q2.xlsx,AGREE_TO_LC_STATEMENT,,dropped: LCA attestation plumbing
2020,lca_2020q2.xlsx,APPENDIX_A_ATTACHED,,dropped: form attachment flag
2020,lca_2020q2.xlsx,EMPLOYER_ADDRESS2,,dropped: secondary worksite/wage block (primary worksite only)
2020,lca_2020q2.xlsx,EMPLOYER_PHONE,,dropped: phone / employer identifier
2020,lca_2020q2.xlsx,EMPLOYER_PHONE_EXT,,dropped: phone / employer identifier
2020,lca_2020q2.xlsx,EMPLOYER_POC_ADDRESS1,,dropped: employer point-of-contact personal details
2020,lca_2020q2.xlsx,EMPLOYER_POC_ADDRESS2,,dropped: employer point-of-contact personal details
2020,lca_2020q2.xlsx,EMPLOYER_POC_CITY,,dropped: employer point-of-contact personal details
2020,lca_2020q2.xlsx,EMPLOYER_POC_COUNTRY,,dropped: employer point-of-contact personal details
2020,lca_2020q2.xlsx,EMPLOYER_POC_EMAIL,,dropped: employer point-of-contact personal details
2020,lca_2020q2.xlsx,EMPLOYER_POC_FIRST_NAME,,dropped: employer point-of-contact personal details
2020,lca_2020q2.xlsx,EMPLOYER_POC_JOB_TITLE,,dropped: employer point-of-contact personal details
2020,lca_2020q2.xlsx,EMPLOYER_POC_LAST_NAME,,dropped: employer point-of-contact personal details
2020,lca_2020q2.xlsx,EMPLOYER_POC_MIDDLE_NAME,,dropped: employer point-of-contact personal details
2020,lca_2020q2.xlsx,EMPLOYER_POC_PHONE,,dropped: employer point-of-contact personal details
2020,lca_2020q2.xlsx,EMPLOYER_POC_PHONE_EXT,,dropped: employer point-of-contact personal details
2020,lca_2020q2.xlsx,EMPLOYER_POC_POSTAL_CODE,,dropped: employer point-of-contact personal details
2020,lca_2020q2.xlsx,EMPLOYER_POC_PROVINCE,,dropped: employer point-of-contact personal details
2020,lca_2020q2.xlsx,EMPLOYER_POC_STATE,,dropped: employer point-of-contact personal details
2020,lca_2020q2.xlsx,EMPLOYER_PROVINCE,,dropped: non-US employer province
2020,lca_2020q2.xlsx,NAME_OF_HIGHEST_STATE_COURT,,dropped: attorney bar detail
2020,lca_2020q2.xlsx,PREPARER_BUSINESS_NAME,,dropped: form preparer personal details
2020,lca_2020q2.xlsx,PREPARER_EMAIL,,dropped: form preparer personal details
2020,lca_2020q2.xlsx,PREPARER_FIRST_NAME,,dropped: form preparer personal details
2020,lca_2020q2.xlsx,PREPARER_LAST_NAME,,dropped: form preparer personal details
2020,lca_2020q2.xlsx,PREPARER_MIDDLE_INITIAL,,dropped: form preparer personal details
2020,lca_2020q2.xlsx,PUBLIC_DISCLOSURE,,dropped: LCA attestation plumbing
2020,lca_2020q2.xlsx,PW_OTHER_YEAR,,dropped: prevailing wage survey detail
2020,lca_2020q2.xlsx,PW_SURVEY_NAME,,dropped: prevailing wage survey detail
2020,lca_2020q2.xlsx,PW_SURVEY_PUBLISHER,,dropped: prevailing wage survey detail
2020,lca_2020q2.xlsx,STATE_OF_HIGHEST_COURT,,dropped: attorney bar detail
2020,lca_2020q2.xlsx,WORKSITE_ADDRESS2,,dropped: secondary worksite/wage block (primary worksite only)
2020,lca_2020q3.xlsx,AGENT_REPRESENTING_EMPLOYER,agent_representing_employer,mapped
2020,lca_2020q3.xlsx,AMENDED_PETITION,amended_petition,mapped
2020,lca_2020q3.xlsx,LAWFIRM_NAME_BUSINESS_NAME,attorney_law_firm_name,mapped
2020,lca_2020q3.xlsx,CASE_NUMBER,case_number,mapped
2020,lca_2020q3.xlsx,CASE_STATUS,case_status,mapped
2020,lca_2020q3.xlsx,CHANGE_EMPLOYER,change_employer,mapped
2020,lca_2020q3.xlsx,CHANGE_PREVIOUS_EMPLOYMENT,change_previous_employment,mapped
2020,lca_2020q3.xlsx,CONTINUED_EMPLOYMENT,continued_employment,mapped
2020,lca_2020q3.xlsx,DECISION_DATE,decision_date,mapped
2020,lca_2020q3.xlsx,EMPLOYER_ADDRESS1,employer_address,mapped
2020,lca_2020q3.xlsx,EMPLOYER_CITY,employer_city,mapped
2020,lca_2020q3.xlsx,EMPLOYER_COUNTRY,employer_country,mapped
2020,lca_2020q3.xlsx,EMPLOYER_NAME,employer_name,mapped
2020,lca_2020q3.xlsx,EMPLOYER_POSTAL_CODE,employer_postal_code,mapped
2020,lca_2020q3.xlsx,EMPLOYER_STATE,employer_state,mapped
2020,lca_2020q3.xlsx,TRADE_NAME_DBA,employer_trade_name,mapped
2020,lca_2020q3.xlsx,BEGIN_DATE,employment_begin_date,mapped
2020,lca_2020q3.xlsx,END_DATE,employment_end_date,mapped
2020,lca_2020q3.xlsx,FULL_TIME_POSITION,full_time_position,mapped
2020,lca_2020q3.xlsx,H-1B_DEPENDENT,h1b_dependent,mapped
2020,lca_2020q3.xlsx,JOB_TITLE,job_title,mapped
2020,lca_2020q3.xlsx,NAICS_CODE,naics_id,mapped
2020,lca_2020q3.xlsx,NEW_CONCURRENT_EMPLOYMENT,new_concurrent_employment,mapped
2020,lca_2020q3.xlsx,NEW_EMPLOYMENT,new_employment,mapped
2020,lca_2020q3.xlsx,ORIGINAL_CERT_DATE,original_certification_date,mapped
2020,lca_2020q3.xlsx,PREVAILING_WAGE,prevailing_wage,mapped
2020,lca_2020q3.xlsx,PW_WAGE_LEVEL,prevailing_wage_level,mapped
2020,lca_2020q3.xlsx,PW_OTHER_SOURCE,prevailing_wage_source,mapped
2020,lca_2020q3.xlsx,PW_OES_YEAR,prevailing_wage_source_year,mapped
2020,lca_2020q3.xlsx,PW_TRACKING_NUMBER,prevailing_wage_tracking_number,mapped
2020,lca_2020q3.xlsx,PW_UNIT_OF_PAY,prevailing_wage_unit_of_pay,mapped
2020,lca_2020q3.xlsx,RECEIVED_DATE,received_date,mapped
2020,lca_2020q3.xlsx,SECONDARY_ENTITY,secondary_entity,mapped
2020,lca_2020q3.xlsx,SECONDARY_ENTITY_BUSINESS_NAME,secondary_entity_business_name,mapped
2020,lca_2020q3.xlsx,SOC_CODE,soc_id,mapped
2020,lca_2020q3.xlsx,SOC_TITLE,soc_title,mapped
2020,lca_2020q3.xlsx,STATUTORY_BASIS,statutory_basis,mapped
2020,lca_2020q3.xlsx,SUPPORT_H1B,support_h1b,mapped
2020,lca_2020q3.xlsx,TOTAL_WORKER_POSITIONS,total_workers,mapped
2020,lca_2020q3.xlsx,TOTAL_WORKSITE_LOCATIONS,total_worksite_locations,mapped
2020,lca_2020q3.xlsx,VISA_CLASS,visa_class,mapped
2020,lca_2020q3.xlsx,WAGE_RATE_OF_PAY_FROM,wage_offered_from,mapped
2020,lca_2020q3.xlsx,WAGE_RATE_OF_PAY_TO,wage_offered_to,mapped
2020,lca_2020q3.xlsx,WAGE_UNIT_OF_PAY,wage_unit_of_pay,mapped
2020,lca_2020q3.xlsx,WILLFUL_VIOLATOR,willful_violator,mapped
2020,lca_2020q3.xlsx,,withdrawn,absent this year
2020,lca_2020q3.xlsx,WORKSITE_ADDRESS1,worksite_address,mapped
2020,lca_2020q3.xlsx,WORKSITE_CITY,worksite_city,mapped
2020,lca_2020q3.xlsx,WORKSITE_COUNTY,worksite_county,mapped
2020,lca_2020q3.xlsx,WORKSITE_POSTAL_CODE,worksite_postal_code,mapped
2020,lca_2020q3.xlsx,WORKSITE_STATE,worksite_state,mapped
2020,lca_2020q3.xlsx,WORKSITE_WORKERS,worksite_workers,mapped
2020,lca_2020q3.xlsx,AGENT_ATTORNEY_ADDRESS1,,dropped: attorney/agent personal details
2020,lca_2020q3.xlsx,AGENT_ATTORNEY_ADDRESS2,,dropped: attorney/agent personal details
2020,lca_2020q3.xlsx,AGENT_ATTORNEY_CITY,,dropped: attorney/agent personal details
2020,lca_2020q3.xlsx,AGENT_ATTORNEY_COUNTRY,,dropped: attorney/agent personal details
2020,lca_2020q3.xlsx,AGENT_ATTORNEY_EMAIL_ADDRESS,,dropped: attorney/agent personal details
2020,lca_2020q3.xlsx,AGENT_ATTORNEY_FIRST_NAME,,dropped: attorney/agent personal details
2020,lca_2020q3.xlsx,AGENT_ATTORNEY_LAST_NAME,,dropped: attorney/agent personal details
2020,lca_2020q3.xlsx,AGENT_ATTORNEY_MIDDLE_NAME,,dropped: attorney/agent personal details
2020,lca_2020q3.xlsx,AGENT_ATTORNEY_PHONE,,dropped: attorney/agent personal details
2020,lca_2020q3.xlsx,AGENT_ATTORNEY_PHONE_EXT,,dropped: attorney/agent personal details
2020,lca_2020q3.xlsx,AGENT_ATTORNEY_POSTAL_CODE,,dropped: attorney/agent personal details
2020,lca_2020q3.xlsx,AGENT_ATTORNEY_PROVINCE,,dropped: attorney/agent personal details
2020,lca_2020q3.xlsx,AGENT_ATTORNEY_STATE,,dropped: attorney/agent personal details
2020,lca_2020q3.xlsx,AGREE_TO_LC_STATEMENT,,dropped: LCA attestation plumbing
2020,lca_2020q3.xlsx,APPENDIX_A_ATTACHED,,dropped: form attachment flag
2020,lca_2020q3.xlsx,EMPLOYER_ADDRESS2,,dropped: secondary worksite/wage block (primary worksite only)
2020,lca_2020q3.xlsx,EMPLOYER_PHONE,,dropped: phone / employer identifier
2020,lca_2020q3.xlsx,EMPLOYER_PHONE_EXT,,dropped: phone / employer identifier
2020,lca_2020q3.xlsx,EMPLOYER_POC_ADDRESS1,,dropped: employer point-of-contact personal details
2020,lca_2020q3.xlsx,EMPLOYER_POC_ADDRESS2,,dropped: employer point-of-contact personal details
2020,lca_2020q3.xlsx,EMPLOYER_POC_CITY,,dropped: employer point-of-contact personal details
2020,lca_2020q3.xlsx,EMPLOYER_POC_COUNTRY,,dropped: employer point-of-contact personal details
2020,lca_2020q3.xlsx,EMPLOYER_POC_EMAIL,,dropped: employer point-of-contact personal details
2020,lca_2020q3.xlsx,EMPLOYER_POC_FIRST_NAME,,dropped: employer point-of-contact personal details
2020,lca_2020q3.xlsx,EMPLOYER_POC_JOB_TITLE,,dropped: employer point-of-contact personal details
2020,lca_2020q3.xlsx,EMPLOYER_POC_LAST_NAME,,dropped: employer point-of-contact personal details
2020,lca_2020q3.xlsx,EMPLOYER_POC_MIDDLE_NAME,,dropped: employer point-of-contact personal details
2020,lca_2020q3.xlsx,EMPLOYER_POC_PHONE,,dropped: employer point-of-contact personal details
2020,lca_2020q3.xlsx,EMPLOYER_POC_PHONE_EXT,,dropped: employer point-of-contact personal details
2020,lca_2020q3.xlsx,EMPLOYER_POC_POSTAL_CODE,,dropped: employer point-of-contact personal details
2020,lca_2020q3.xlsx,EMPLOYER_POC_PROVINCE,,dropped: employer point-of-contact personal details
2020,lca_2020q3.xlsx,EMPLOYER_POC_STATE,,dropped: employer point-of-contact personal details
2020,lca_2020q3.xlsx,EMPLOYER_PROVINCE,,dropped: non-US employer province
2020,lca_2020q3.xlsx,NAME_OF_HIGHEST_STATE_COURT,,dropped: attorney bar detail
2020,lca_2020q3.xlsx,PREPARER_BUSINESS_NAME,,dropped: form preparer personal details
2020,lca_2020q3.xlsx,PREPARER_EMAIL,,dropped: form preparer personal details
2020,lca_2020q3.xlsx,PREPARER_FIRST_NAME,,dropped: form preparer personal details
2020,lca_2020q3.xlsx,PREPARER_LAST_NAME,,dropped: form preparer personal details
2020,lca_2020q3.xlsx,PREPARER_MIDDLE_INITIAL,,dropped: form preparer personal details
2020,lca_2020q3.xlsx,PUBLIC_DISCLOSURE,,dropped: LCA attestation plumbing
2020,lca_2020q3.xlsx,PW_OTHER_YEAR,,dropped: prevailing wage survey detail
2020,lca_2020q3.xlsx,PW_SURVEY_NAME,,dropped: prevailing wage survey detail
2020,lca_2020q3.xlsx,PW_SURVEY_PUBLISHER,,dropped: prevailing wage survey detail
2020,lca_2020q3.xlsx,STATE_OF_HIGHEST_COURT,,dropped: attorney bar detail
2020,lca_2020q3.xlsx,WORKSITE_ADDRESS2,,dropped: secondary worksite/wage block (primary worksite only)
2021,lca_2021.xlsx,AGENT_REPRESENTING_EMPLOYER,agent_representing_employer,mapped
2021,lca_2021.xlsx,AMENDED_PETITION,amended_petition,mapped
2021,lca_2021.xlsx,LAWFIRM_NAME_BUSINESS_NAME,attorney_law_firm_name,mapped
2021,lca_2021.xlsx,CASE_NUMBER,case_number,mapped
2021,lca_2021.xlsx,CASE_STATUS,case_status,mapped
2021,lca_2021.xlsx,CHANGE_EMPLOYER,change_employer,mapped
2021,lca_2021.xlsx,CHANGE_PREVIOUS_EMPLOYMENT,change_previous_employment,mapped
2021,lca_2021.xlsx,CONTINUED_EMPLOYMENT,continued_employment,mapped
2021,lca_2021.xlsx,DECISION_DATE,decision_date,mapped
2021,lca_2021.xlsx,EMPLOYER_ADDRESS1,employer_address,mapped
2021,lca_2021.xlsx,EMPLOYER_CITY,employer_city,mapped
2021,lca_2021.xlsx,EMPLOYER_COUNTRY,employer_country,mapped
2021,lca_2021.xlsx,EMPLOYER_NAME,employer_name,mapped
2021,lca_2021.xlsx,EMPLOYER_POSTAL_CODE,employer_postal_code,mapped
2021,lca_2021.xlsx,EMPLOYER_STATE,employer_state,mapped
2021,lca_2021.xlsx,TRADE_NAME_DBA,employer_trade_name,mapped
2021,lca_2021.xlsx,BEGIN_DATE,employment_begin_date,mapped
2021,lca_2021.xlsx,END_DATE,employment_end_date,mapped
2021,lca_2021.xlsx,FULL_TIME_POSITION,full_time_position,mapped
2021,lca_2021.xlsx,H-1B_DEPENDENT,h1b_dependent,mapped
2021,lca_2021.xlsx,JOB_TITLE,job_title,mapped
2021,lca_2021.xlsx,NAICS_CODE,naics_id,mapped
2021,lca_2021.xlsx,NEW_CONCURRENT_EMPLOYMENT,new_concurrent_employment,mapped
2021,lca_2021.xlsx,NEW_EMPLOYMENT,new_employment,mapped
2021,lca_2021.xlsx,ORIGINAL_CERT_DATE,original_certification_date,mapped
2021,lca_2021.xlsx,PREVAILING_WAGE,prevailing_wage,mapped
2021,lca_2021.xlsx,PW_WAGE_LEVEL,prevailing_wage_level,mapped
2021,lca_2021.xlsx,PW_OTHER_SOURCE,prevailing_wage_source,mapped
2021,lca_2021.xlsx,PW_OES_YEAR,prevailing_wage_source_year,mapped
2021,lca_2021.xlsx,PW_TRACKING_NUMBER,prevailing_wage_tracking_number,mapped
2021,lca_2021.xlsx,PW_UNIT_OF_PAY,prevailing_wage_unit_of_pay,mapped
2021,lca_2021.xlsx,RECEIVED_DATE,received_date,mapped
2021,lca_2021.xlsx,SECONDARY_ENTITY,secondary_entity,mapped
2021,lca_2021.xlsx,SECONDARY_ENTITY_BUSINESS_NAME,secondary_entity_business_name,mapped
2021,lca_2021.xlsx,SOC_CODE,soc_id,mapped
2021,lca_2021.xlsx,SOC_TITLE,soc_title,mapped
2021,lca_2021.xlsx,STATUTORY_BASIS,statutory_basis,mapped
2021,lca_2021.xlsx,SUPPORT_H1B,support_h1b,mapped
2021,lca_2021.xlsx,TOTAL_WORKER_POSITIONS,total_workers,mapped
2021,lca_2021.xlsx,TOTAL_WORKSITE_LOCATIONS,total_worksite_locations,mapped
2021,lca_2021.xlsx,VISA_CLASS,visa_class,mapped
2021,lca_2021.xlsx,WAGE_RATE_OF_PAY_FROM,wage_offered_from,mapped
2021,lca_2021.xlsx,WAGE_RATE_OF_PAY_TO,wage_offered_to,mapped
2021,lca_2021.xlsx,WAGE_UNIT_OF_PAY,wage_unit_of_pay,mapped
2021,lca_2021.xlsx,WILLFUL_VIOLATOR,willful_violator,mapped
2021,lca_2021.xlsx,,withdrawn,absent this year
2021,lca_2021.xlsx,WORKSITE_ADDRESS1,worksite_address,mapped
2021,lca_2021.xlsx,WORKSITE_CITY,worksite_city,mapped
2021,lca_2021.xlsx,WORKSITE_COUNTY,worksite_county,mapped
2021,lca_2021.xlsx,WORKSITE_POSTAL_CODE,worksite_postal_code,mapped
2021,lca_2021.xlsx,WORKSITE_STATE,worksite_state,mapped
2021,lca_2021.xlsx,WORKSITE_WORKERS,worksite_workers,mapped
2021,lca_2021.xlsx,AGENT_ATTORNEY_ADDRESS1,,dropped: attorney/agent personal details
2021,lca_2021.xlsx,AGENT_ATTORNEY_ADDRESS2,,dropped: attorney/agent personal details
2021,lca_2021.xlsx,AGENT_ATTORNEY_CITY,,dropped: attorney/agent personal details
2021,lca_2021.xlsx,AGENT_ATTORNEY_COUNTRY,,dropped: attorney/agent personal details
2021,lca_2021.xlsx,AGENT_ATTORNEY_EMAIL_ADDRESS,,dropped: attorney/agent personal details
2021,lca_2021.xlsx,AGENT_ATTORNEY_FIRST_NAME,,dropped: attorney/agent personal details
2021,lca_2021.xlsx,AGENT_ATTORNEY_LAST_NAME,,dropped: attorney/agent personal details
2021,lca_2021.xlsx,AGENT_ATTORNEY_MIDDLE_NAME,,dropped: attorney/agent personal details
2021,lca_2021.xlsx,AGENT_ATTORNEY_PHONE,,dropped: attorney/agent personal details
2021,lca_2021.xlsx,AGENT_ATTORNEY_PHONE_EXT,,dropped: attorney/agent personal details
2021,lca_2021.xlsx,AGENT_ATTORNEY_POSTAL_CODE,,dropped: attorney/agent personal details
2021,lca_2021.xlsx,AGENT_ATTORNEY_PROVINCE,,dropped: attorney/agent personal details
2021,lca_2021.xlsx,AGENT_ATTORNEY_STATE,,dropped: attorney/agent personal details
2021,lca_2021.xlsx,AGREE_TO_LC_STATEMENT,,dropped: LCA attestation plumbing
2021,lca_2021.xlsx,APPENDIX_A_ATTACHED,,dropped: form attachment flag
2021,lca_2021.xlsx,EMPLOYER_ADDRESS2,,dropped: secondary worksite/wage block (primary worksite only)
2021,lca_2021.xlsx,EMPLOYER_PHONE,,dropped: phone / employer identifier
2021,lca_2021.xlsx,EMPLOYER_PHONE_EXT,,dropped: phone / employer identifier
2021,lca_2021.xlsx,EMPLOYER_POC_ADDRESS1,,dropped: employer point-of-contact personal details
2021,lca_2021.xlsx,EMPLOYER_POC_ADDRESS2,,dropped: employer point-of-contact personal details
2021,lca_2021.xlsx,EMPLOYER_POC_CITY,,dropped: employer point-of-contact personal details
2021,lca_2021.xlsx,EMPLOYER_POC_COUNTRY,,dropped: employer point-of-contact personal details
2021,lca_2021.xlsx,EMPLOYER_POC_EMAIL,,dropped: employer point-of-contact personal details
2021,lca_2021.xlsx,EMPLOYER_POC_FIRST_NAME,,dropped: employer point-of-contact personal details
2021,lca_2021.xlsx,EMPLOYER_POC_JOB_TITLE,,dropped: employer point-of-contact personal details
2021,lca_2021.xlsx,EMPLOYER_POC_LAST_NAME,,dropped: employer point-of-contact personal details
2021,lca_2021.xlsx,EMPLOYER_POC_MIDDLE_NAME,,dropped: employer point-of-contact personal details
2021,lca_2021.xlsx,EMPLOYER_POC_PHONE,,dropped: employer point-of-contact personal details
2021,lca_2021.xlsx,EMPLOYER_POC_PHONE_EXT,,dropped: employer point-of-contact personal details
2021,lca_2021.xlsx,EMPLOYER_POC_POSTAL_CODE,,dropped: employer point-of-contact personal details
2021,lca_2021.xlsx,EMPLOYER_POC_PROVINCE,,dropped: employer point-of-contact personal details
2021,lca_2021.xlsx,EMPLOYER_POC_STATE,,dropped: employer point-of-contact personal details
2021,lca_2021.xlsx,EMPLOYER_PROVINCE,,dropped: non-US employer province
2021,lca_2021.xlsx,NAME_OF_HIGHEST_STATE_COURT,,dropped: attorney bar detail
2021,lca_2021.xlsx,PREPARER_BUSINESS_NAME,,dropped: form preparer personal details
2021,lca_2021.xlsx,PREPARER_EMAIL,,dropped: form preparer personal details
2021,lca_2021.xlsx,PREPARER_FIRST_NAME,,dropped: form preparer personal details
2021,lca_2021.xlsx,PREPARER_LAST_NAME,,dropped: form preparer personal details
2021,lca_2021.xlsx,PREPARER_MIDDLE_INITIAL,,dropped: form preparer personal details
2021,lca_2021.xlsx,PUBLIC_DISCLOSURE,,dropped: LCA attestation plumbing
2021,lca_2021.xlsx,PW_OTHER_YEAR,,dropped: prevailing wage survey detail
2021,lca_2021.xlsx,PW_SURVEY_NAME,,dropped: prevailing wage survey detail
2021,lca_2021.xlsx,PW_SURVEY_PUBLISHER,,dropped: prevailing wage survey detail
2021,lca_2021.xlsx,STATE_OF_HIGHEST_COURT,,dropped: attorney bar detail
2021,lca_2021.xlsx,WORKSITE_ADDRESS2,,dropped: secondary worksite/wage block (primary worksite only)
2021,lca_2021q1.xlsx,AGENT_REPRESENTING_EMPLOYER,agent_representing_employer,mapped
2021,lca_2021q1.xlsx,AMENDED_PETITION,amended_petition,mapped
2021,lca_2021q1.xlsx,LAWFIRM_NAME_BUSINESS_NAME,attorney_law_firm_name,mapped
2021,lca_2021q1.xlsx,CASE_NUMBER,case_number,mapped
2021,lca_2021q1.xlsx,CASE_STATUS,case_status,mapped
2021,lca_2021q1.xlsx,CHANGE_EMPLOYER,change_employer,mapped
2021,lca_2021q1.xlsx,CHANGE_PREVIOUS_EMPLOYMENT,change_previous_employment,mapped
2021,lca_2021q1.xlsx,CONTINUED_EMPLOYMENT,continued_employment,mapped
2021,lca_2021q1.xlsx,DECISION_DATE,decision_date,mapped
2021,lca_2021q1.xlsx,EMPLOYER_ADDRESS1,employer_address,mapped
2021,lca_2021q1.xlsx,EMPLOYER_CITY,employer_city,mapped
2021,lca_2021q1.xlsx,EMPLOYER_COUNTRY,employer_country,mapped
2021,lca_2021q1.xlsx,EMPLOYER_NAME,employer_name,mapped
2021,lca_2021q1.xlsx,EMPLOYER_POSTAL_CODE,employer_postal_code,mapped
2021,lca_2021q1.xlsx,EMPLOYER_STATE,employer_state,mapped
2021,lca_2021q1.xlsx,TRADE_NAME_DBA,employer_trade_name,mapped
2021,lca_2021q1.xlsx,BEGIN_DATE,employment_begin_date,mapped
2021,lca_2021q1.xlsx,END_DATE,employment_end_date,mapped
2021,lca_2021q1.xlsx,FULL_TIME_POSITION,full_time_position,mapped
2021,lca_2021q1.xlsx,H1B_DEPENDENT,h1b_dependent,mapped
2021,lca_2021q1.xlsx,JOB_TITLE,job_title,mapped
2021,lca_2021q1.xlsx,NAICS_CODE,naics_id,mapped
2021,lca_2021q1.xlsx,NEW_CONCURRENT_EMPLOYMENT,new_concurrent_employment,mapped
2021,lca_2021q1.xlsx,NEW_EMPLOYMENT,new_employment,mapped
2021,lca_2021q1.xlsx,ORIGINAL_CERT_DATE,original_certification_date,mapped
2021,lca_2021q1.xlsx,PREVAILING_WAGE,prevailing_wage,mapped
2021,lca_2021q1.xlsx,PW_WAGE_LEVEL,prevailing_wage_level,mapped
2021,lca_2021q1.xlsx,PW_OTHER_SOURCE,prevailing_wage_source,mapped
2021,lca_2021q1.xlsx,PW_OES_YEAR,prevailing_wage_source_year,mapped
2021,lca_2021q1.xlsx,PW_TRACKING_NUMBER,prevailing_wage_tracking_number,mapped
2021,lca_2021q1.xlsx,PW_UNIT_OF_PAY,prevailing_wage_unit_of_pay,mapped
2021,lca_2021q1.xlsx,RECEIVED_DATE,received_date,mapped
2021,lca_2021q1.xlsx,SECONDARY_ENTITY,secondary_entity,mapped
2021,lca_2021q1.xlsx,SECONDARY_ENTITY_BUSINESS_NAME,secondary_entity_business_name,mapped
2021,lca_2021q1.xlsx,SOC_CODE,soc_id,mapped
2021,lca_2021q1.xlsx,SOC_TITLE,soc_title,mapped
2021,lca_2021q1.xlsx,STATUTORY_BASIS,statutory_basis,mapped
2021,lca_2021q1.xlsx,SUPPORT_H1B,support_h1b,mapped
2021,lca_2021q1.xlsx,TOTAL_WORKER_POSITIONS,total_workers,mapped
2021,lca_2021q1.xlsx,TOTAL_WORKSITE_LOCATIONS,total_worksite_locations,mapped
2021,lca_2021q1.xlsx,VISA_CLASS,visa_class,mapped
2021,lca_2021q1.xlsx,WAGE_RATE_OF_PAY_FROM,wage_offered_from,mapped
2021,lca_2021q1.xlsx,WAGE_RATE_OF_PAY_TO,wage_offered_to,mapped
2021,lca_2021q1.xlsx,WAGE_UNIT_OF_PAY,wage_unit_of_pay,mapped
2021,lca_2021q1.xlsx,WILLFUL_VIOLATOR,willful_violator,mapped
2021,lca_2021q1.xlsx,,withdrawn,absent this year
2021,lca_2021q1.xlsx,WORKSITE_ADDRESS1,worksite_address,mapped
2021,lca_2021q1.xlsx,WORKSITE_CITY,worksite_city,mapped
2021,lca_2021q1.xlsx,WORKSITE_COUNTY,worksite_county,mapped
2021,lca_2021q1.xlsx,WORKSITE_POSTAL_CODE,worksite_postal_code,mapped
2021,lca_2021q1.xlsx,WORKSITE_STATE,worksite_state,mapped
2021,lca_2021q1.xlsx,WORKSITE_WORKERS,worksite_workers,mapped
2021,lca_2021q1.xlsx,AGENT_ATTORNEY_ADDRESS1,,dropped: attorney/agent personal details
2021,lca_2021q1.xlsx,AGENT_ATTORNEY_ADDRESS2,,dropped: attorney/agent personal details
2021,lca_2021q1.xlsx,AGENT_ATTORNEY_CITY,,dropped: attorney/agent personal details
2021,lca_2021q1.xlsx,AGENT_ATTORNEY_COUNTRY,,dropped: attorney/agent personal details
2021,lca_2021q1.xlsx,AGENT_ATTORNEY_EMAIL_ADDRESS,,dropped: attorney/agent personal details
2021,lca_2021q1.xlsx,AGENT_ATTORNEY_FIRST_NAME,,dropped: attorney/agent personal details
2021,lca_2021q1.xlsx,AGENT_ATTORNEY_LAST_NAME,,dropped: attorney/agent personal details
2021,lca_2021q1.xlsx,AGENT_ATTORNEY_MIDDLE_NAME,,dropped: attorney/agent personal details
2021,lca_2021q1.xlsx,AGENT_ATTORNEY_PHONE,,dropped: attorney/agent personal details
2021,lca_2021q1.xlsx,AGENT_ATTORNEY_PHONE_EXT,,dropped: attorney/agent personal details
2021,lca_2021q1.xlsx,AGENT_ATTORNEY_POSTAL_CODE,,dropped: attorney/agent personal details
2021,lca_2021q1.xlsx,AGENT_ATTORNEY_PROVINCE,,dropped: attorney/agent personal details
2021,lca_2021q1.xlsx,AGENT_ATTORNEY_STATE,,dropped: attorney/agent personal details
2021,lca_2021q1.xlsx,AGREE_TO_LC_STATEMENT,,dropped: LCA attestation plumbing
2021,lca_2021q1.xlsx,APPENDIX_A_ATTACHED,,dropped: form attachment flag
2021,lca_2021q1.xlsx,EMPLOYER_ADDRESS2,,dropped: secondary worksite/wage block (primary worksite only)
2021,lca_2021q1.xlsx,EMPLOYER_PHONE,,dropped: phone / employer identifier
2021,lca_2021q1.xlsx,EMPLOYER_PHONE_EXT,,dropped: phone / employer identifier
2021,lca_2021q1.xlsx,EMPLOYER_POC_ADDRESS_1,,dropped: employer point-of-contact personal details
2021,lca_2021q1.xlsx,EMPLOYER_POC_ADDRESS_2,,dropped: employer point-of-contact personal details
2021,lca_2021q1.xlsx,EMPLOYER_POC_CITY,,dropped: employer point-of-contact personal details
2021,lca_2021q1.xlsx,EMPLOYER_POC_COUNTRY,,dropped: employer point-of-contact personal details
2021,lca_2021q1.xlsx,EMPLOYER_POC_EMAIL,,dropped: employer point-of-contact personal details
2021,lca_2021q1.xlsx,EMPLOYER_POC_FIRST_NAME,,dropped: employer point-of-contact personal details
2021,lca_2021q1.xlsx,EMPLOYER_POC_JOB_TITLE,,dropped: employer point-of-contact personal details
2021,lca_2021q1.xlsx,EMPLOYER_POC_LAST_NAME,,dropped: employer point-of-contact personal details
2021,lca_2021q1.xlsx,EMPLOYER_POC_MIDDLE_NAME,,dropped: employer point-of-contact personal details
2021,lca_2021q1.xlsx,EMPLOYER_POC_PHONE,,dropped: employer point-of-contact personal details
2021,lca_2021q1.xlsx,EMPLOYER_POC_PHONE_EXT,,dropped: employer point-of-contact personal details
2021,lca_2021q1.xlsx,EMPLOYER_POC_POSTAL_CODE,,dropped: employer point-of-contact personal details
2021,lca_2021q1.xlsx,EMPLOYER_POC_PROVINCE,,dropped: employer point-of-contact personal details
2021,lca_2021q1.xlsx,EMPLOYER_POC_STATE,,dropped: employer point-of-contact personal details
2021,lca_2021q1.xlsx,EMPLOYER_PROVINCE,,dropped: non-US employer province
2021,lca_2021q1.xlsx,NAME_OF_HIGHEST_STATE_COURT,,dropped: attorney bar detail
2021,lca_2021q1.xlsx,PREPARER_BUSINESS_NAME,,dropped: form preparer personal details
2021,lca_2021q1.xlsx,PREPARER_EMAIL,,dropped: form preparer personal details
2021,lca_2021q1.xlsx,PREPARER_FIRST_NAME,,dropped: form preparer personal details
2021,lca_2021q1.xlsx,PREPARER_LAST_NAME,,dropped: form preparer personal details
2021,lca_2021q1.xlsx,PREPARER_MIDDLE_INITIAL,,dropped: form preparer personal details
2021,lca_2021q1.xlsx,PUBLIC_DISCLOSURE,,dropped: LCA attestation plumbing
2021,lca_2021q1.xlsx,PW_OTHER_YEAR,,dropped: prevailing wage survey detail
2021,lca_2021q1.xlsx,PW_SURVEY_NAME,,dropped: prevailing wage survey detail
2021,lca_2021q1.xlsx,PW_SURVEY_PUBLISHER,,dropped: prevailing wage survey detail
2021,lca_2021q1.xlsx,STATE_OF_HIGHEST_COURT,,dropped: attorney bar detail
2021,lca_2021q1.xlsx,WORKSITE_ADDRESS2,,dropped: secondary worksite/wage block (primary worksite only)
2021,lca_2021q2.xlsx,AGENT_REPRESENTING_EMPLOYER,agent_representing_employer,mapped
2021,lca_2021q2.xlsx,AMENDED_PETITION,amended_petition,mapped
2021,lca_2021q2.xlsx,LAWFIRM_NAME_BUSINESS_NAME,attorney_law_firm_name,mapped
2021,lca_2021q2.xlsx,CASE_NUMBER,case_number,mapped
2021,lca_2021q2.xlsx,CASE_STATUS,case_status,mapped
2021,lca_2021q2.xlsx,CHANGE_EMPLOYER,change_employer,mapped
2021,lca_2021q2.xlsx,CHANGE_PREVIOUS_EMPLOYMENT,change_previous_employment,mapped
2021,lca_2021q2.xlsx,CONTINUED_EMPLOYMENT,continued_employment,mapped
2021,lca_2021q2.xlsx,DECISION_DATE,decision_date,mapped
2021,lca_2021q2.xlsx,EMPLOYER_ADDRESS1,employer_address,mapped
2021,lca_2021q2.xlsx,EMPLOYER_CITY,employer_city,mapped
2021,lca_2021q2.xlsx,EMPLOYER_COUNTRY,employer_country,mapped
2021,lca_2021q2.xlsx,EMPLOYER_NAME,employer_name,mapped
2021,lca_2021q2.xlsx,EMPLOYER_POSTAL_CODE,employer_postal_code,mapped
2021,lca_2021q2.xlsx,EMPLOYER_STATE,employer_state,mapped
2021,lca_2021q2.xlsx,TRADE_NAME_DBA,employer_trade_name,mapped
2021,lca_2021q2.xlsx,BEGIN_DATE,employment_begin_date,mapped
2021,lca_2021q2.xlsx,END_DATE,employment_end_date,mapped
2021,lca_2021q2.xlsx,FULL_TIME_POSITION,full_time_position,mapped
2021,lca_2021q2.xlsx,H-1B_DEPENDENT,h1b_dependent,mapped
2021,lca_2021q2.xlsx,JOB_TITLE,job_title,mapped
2021,lca_2021q2.xlsx,NAICS_CODE,naics_id,mapped
2021,lca_2021q2.xlsx,NEW_CONCURRENT_EMPLOYMENT,new_concurrent_employment,mapped
2021,lca_2021q2.xlsx,NEW_EMPLOYMENT,new_employment,mapped
2021,lca_2021q2.xlsx,ORIGINAL_CERT_DATE,original_certification_date,mapped
2021,lca_2021q2.xlsx,PREVAILING_WAGE,prevailing_wage,mapped
2021,lca_2021q2.xlsx,PW_WAGE_LEVEL,prevailing_wage_level,mapped
2021,lca_2021q2.xlsx,PW_OTHER_SOURCE,prevailing_wage_source,mapped
2021,lca_2021q2.xlsx,PW_OES_YEAR,prevailing_wage_source_year,mapped
2021,lca_2021q2.xlsx,PW_TRACKING_NUMBER,prevailing_wage_tracking_number,mapped
2021,lca_2021q2.xlsx,PW_UNIT_OF_PAY,prevailing_wage_unit_of_pay,mapped
2021,lca_2021q2.xlsx,RECEIVED_DATE,received_date,mapped
2021,lca_2021q2.xlsx,SECONDARY_ENTITY,secondary_entity,mapped
2021,lca_2021q2.xlsx,SECONDARY_ENTITY_BUSINESS_NAME,secondary_entity_business_name,mapped
2021,lca_2021q2.xlsx,SOC_CODE,soc_id,mapped
2021,lca_2021q2.xlsx,SOC_TITLE,soc_title,mapped
2021,lca_2021q2.xlsx,STATUTORY_BASIS,statutory_basis,mapped
2021,lca_2021q2.xlsx,SUPPORT_H1B,support_h1b,mapped
2021,lca_2021q2.xlsx,TOTAL_WORKER_POSITIONS,total_workers,mapped
2021,lca_2021q2.xlsx,TOTAL_WORKSITE_LOCATIONS,total_worksite_locations,mapped
2021,lca_2021q2.xlsx,VISA_CLASS,visa_class,mapped
2021,lca_2021q2.xlsx,WAGE_RATE_OF_PAY_FROM,wage_offered_from,mapped
2021,lca_2021q2.xlsx,WAGE_RATE_OF_PAY_TO,wage_offered_to,mapped
2021,lca_2021q2.xlsx,WAGE_UNIT_OF_PAY,wage_unit_of_pay,mapped
2021,lca_2021q2.xlsx,WILLFUL_VIOLATOR,willful_violator,mapped
2021,lca_2021q2.xlsx,,withdrawn,absent this year
2021,lca_2021q2.xlsx,WORKSITE_ADDRESS1,worksite_address,mapped
2021,lca_2021q2.xlsx,WORKSITE_CITY,worksite_city,mapped
2021,lca_2021q2.xlsx,WORKSITE_COUNTY,worksite_county,mapped
2021,lca_2021q2.xlsx,WORKSITE_POSTAL_CODE,worksite_postal_code,mapped
2021,lca_2021q2.xlsx,WORKSITE_STATE,worksite_state,mapped
2021,lca_2021q2.xlsx,WORKSITE_WORKERS,worksite_workers,mapped
2021,lca_2021q2.xlsx,AGENT_ATTORNEY_ADDRESS1,,dropped: attorney/agent personal details
2021,lca_2021q2.xlsx,AGENT_ATTORNEY_ADDRESS2,,dropped: attorney/agent personal details
2021,lca_2021q2.xlsx,AGENT_ATTORNEY_CITY,,dropped: attorney/agent personal details
2021,lca_2021q2.xlsx,AGENT_ATTORNEY_COUNTRY,,dropped: attorney/agent personal details
2021,lca_2021q2.xlsx,AGENT_ATTORNEY_EMAIL_ADDRESS,,dropped: attorney/agent personal details
2021,lca_2021q2.xlsx,AGENT_ATTORNEY_FIRST_NAME,,dropped: attorney/agent personal details
2021,lca_2021q2.xlsx,AGENT_ATTORNEY_LAST_NAME,,dropped: attorney/agent personal details
2021,lca_2021q2.xlsx,AGENT_ATTORNEY_MIDDLE_NAME,,dropped: attorney/agent personal details
2021,lca_2021q2.xlsx,AGENT_ATTORNEY_PHONE,,dropped: attorney/agent personal details
2021,lca_2021q2.xlsx,AGENT_ATTORNEY_PHONE_EXT,,dropped: attorney/agent personal details
2021,lca_2021q2.xlsx,AGENT_ATTORNEY_POSTAL_CODE,,dropped: attorney/agent personal details
2021,lca_2021q2.xlsx,AGENT_ATTORNEY_PROVINCE,,dropped: attorney/agent personal details
2021,lca_2021q2.xlsx,AGENT_ATTORNEY_STATE,,dropped: attorney/agent personal details
2021,lca_2021q2.xlsx,AGREE_TO_LC_STATEMENT,,dropped: LCA attestation plumbing
2021,lca_2021q2.xlsx,APPENDIX_A_ATTACHED,,dropped: form attachment flag
2021,lca_2021q2.xlsx,EMPLOYER_ADDRESS2,,dropped: secondary worksite/wage block (primary worksite only)
2021,lca_2021q2.xlsx,EMPLOYER_PHONE,,dropped: phone / employer identifier
2021,lca_2021q2.xlsx,EMPLOYER_PHONE_EXT,,dropped: phone / employer identifier
2021,lca_2021q2.xlsx,EMPLOYER_POC_ADDRESS1,,dropped: employer point-of-contact personal details
2021,lca_2021q2.xlsx,EMPLOYER_POC_ADDRESS2,,dropped: employer point-of-contact personal details
2021,lca_2021q2.xlsx,EMPLOYER_POC_CITY,,dropped: employer point-of-contact personal details
2021,lca_2021q2.xlsx,EMPLOYER_POC_COUNTRY,,dropped: employer point-of-contact personal details
2021,lca_2021q2.xlsx,EMPLOYER_POC_EMAIL,,dropped: employer point-of-contact personal details
2021,lca_2021q2.xlsx,EMPLOYER_POC_FIRST_NAME,,dropped: employer point-of-contact personal details
2021,lca_2021q2.xlsx,EMPLOYER_POC_JOB_TITLE,,dropped: employer point-of-contact personal details
2021,lca_2021q2.xlsx,EMPLOYER_POC_LAST_NAME,,dropped: employer point-of-contact personal details
2021,lca_2021q2.xlsx,EMPLOYER_POC_MIDDLE_NAME,,dropped: employer point-of-contact personal details
2021,lca_2021q2.xlsx,EMPLOYER_POC_PHONE,,dropped: employer point-of-contact personal details
2021,lca_2021q2.xlsx,EMPLOYER_POC_PHONE_EXT,,dropped: employer point-of-contact personal details
2021,lca_2021q2.xlsx,EMPLOYER_POC_POSTAL_CODE,,dropped: employer point-of-contact personal details
2021,lca_2021q2.xlsx,EMPLOYER_POC_PROVINCE,,dropped: employer point-of-contact personal details
2021,lca_2021q2.xlsx,EMPLOYER_POC_STATE,,dropped: employer point-of-contact personal details
2021,lca_2021q2.xlsx,EMPLOYER_PROVINCE,,dropped: non-US employer province
2021,lca_2021q2.xlsx,NAME_OF_HIGHEST_STATE_COURT,,dropped: attorney bar detail
2021,lca_2021q2.xlsx,PREPARER_BUSINESS_NAME,,dropped: form preparer personal details
2021,lca_2021q2.xlsx,PREPARER_EMAIL,,dropped: form preparer personal details
2021,lca_2021q2.xlsx,PREPARER_FIRST_NAME,,dropped: form preparer personal details
2021,lca_2021q2.xlsx,PREPARER_LAST_NAME,,dropped: form preparer personal details
2021,lca_2021q2.xlsx,PREPARER_MIDDLE_INITIAL,,dropped: form preparer personal details
2021,lca_2021q2.xlsx,PUBLIC_DISCLOSURE,,dropped: LCA attestation plumbing
2021,lca_2021q2.xlsx,PW_OTHER_YEAR,,dropped: prevailing wage survey detail
2021,lca_2021q2.xlsx,PW_SURVEY_NAME,,dropped: prevailing wage survey detail
2021,lca_2021q2.xlsx,PW_SURVEY_PUBLISHER,,dropped: prevailing wage survey detail
2021,lca_2021q2.xlsx,STATE_OF_HIGHEST_COURT,,dropped: attorney bar detail
2021,lca_2021q2.xlsx,WORKSITE_ADDRESS2,,dropped: secondary worksite/wage block (primary worksite only)
2021,lca_2021q3.xlsx,AGENT_REPRESENTING_EMPLOYER,agent_representing_employer,mapped
2021,lca_2021q3.xlsx,AMENDED_PETITION,amended_petition,mapped
2021,lca_2021q3.xlsx,LAWFIRM_NAME_BUSINESS_NAME,attorney_law_firm_name,mapped
2021,lca_2021q3.xlsx,CASE_NUMBER,case_number,mapped
2021,lca_2021q3.xlsx,CASE_STATUS,case_status,mapped
2021,lca_2021q3.xlsx,CHANGE_EMPLOYER,change_employer,mapped
2021,lca_2021q3.xlsx,CHANGE_PREVIOUS_EMPLOYMENT,change_previous_employment,mapped
2021,lca_2021q3.xlsx,CONTINUED_EMPLOYMENT,continued_employment,mapped
2021,lca_2021q3.xlsx,DECISION_DATE,decision_date,mapped
2021,lca_2021q3.xlsx,EMPLOYER_ADDRESS1,employer_address,mapped
2021,lca_2021q3.xlsx,EMPLOYER_CITY,employer_city,mapped
2021,lca_2021q3.xlsx,EMPLOYER_COUNTRY,employer_country,mapped
2021,lca_2021q3.xlsx,EMPLOYER_NAME,employer_name,mapped
2021,lca_2021q3.xlsx,EMPLOYER_POSTAL_CODE,employer_postal_code,mapped
2021,lca_2021q3.xlsx,EMPLOYER_STATE,employer_state,mapped
2021,lca_2021q3.xlsx,TRADE_NAME_DBA,employer_trade_name,mapped
2021,lca_2021q3.xlsx,BEGIN_DATE,employment_begin_date,mapped
2021,lca_2021q3.xlsx,END_DATE,employment_end_date,mapped
2021,lca_2021q3.xlsx,FULL_TIME_POSITION,full_time_position,mapped
2021,lca_2021q3.xlsx,H1B_DEPENDENT,h1b_dependent,mapped
2021,lca_2021q3.xlsx,JOB_TITLE,job_title,mapped
2021,lca_2021q3.xlsx,NAICS_CODE,naics_id,mapped
2021,lca_2021q3.xlsx,NEW_CONCURRENT_EMPLOYMENT,new_concurrent_employment,mapped
2021,lca_2021q3.xlsx,NEW_EMPLOYMENT,new_employment,mapped
2021,lca_2021q3.xlsx,ORIGINAL_CERT_DATE,original_certification_date,mapped
2021,lca_2021q3.xlsx,PREVAILING_WAGE,prevailing_wage,mapped
2021,lca_2021q3.xlsx,PW_WAGE_LEVEL,prevailing_wage_level,mapped
2021,lca_2021q3.xlsx,PW_OTHER_SOURCE,prevailing_wage_source,mapped
2021,lca_2021q3.xlsx,PW_OES_YEAR,prevailing_wage_source_year,mapped
2021,lca_2021q3.xlsx,PW_TRACKING_NUMBER,prevailing_wage_tracking_number,mapped
2021,lca_2021q3.xlsx,PW_UNIT_OF_PAY,prevailing_wage_unit_of_pay,mapped
2021,lca_2021q3.xlsx,RECEIVED_DATE,received_date,mapped
2021,lca_2021q3.xlsx,SECONDARY_ENTITY,secondary_entity,mapped
2021,lca_2021q3.xlsx,SECONDARY_ENTITY_BUSINESS_NAME,secondary_entity_business_name,mapped
2021,lca_2021q3.xlsx,SOC_CODE,soc_id,mapped
2021,lca_2021q3.xlsx,SOC_TITLE,soc_title,mapped
2021,lca_2021q3.xlsx,STATUTORY_BASIS,statutory_basis,mapped
2021,lca_2021q3.xlsx,SUPPORT_H1B,support_h1b,mapped
2021,lca_2021q3.xlsx,TOTAL_WORKER_POSITIONS,total_workers,mapped
2021,lca_2021q3.xlsx,TOTAL_WORKSITE_LOCATIONS,total_worksite_locations,mapped
2021,lca_2021q3.xlsx,VISA_CLASS,visa_class,mapped
2021,lca_2021q3.xlsx,WAGE_RATE_OF_PAY_FROM,wage_offered_from,mapped
2021,lca_2021q3.xlsx,WAGE_RATE_OF_PAY_TO,wage_offered_to,mapped
2021,lca_2021q3.xlsx,WAGE_UNIT_OF_PAY,wage_unit_of_pay,mapped
2021,lca_2021q3.xlsx,WILLFUL_VIOLATOR,willful_violator,mapped
2021,lca_2021q3.xlsx,,withdrawn,absent this year
2021,lca_2021q3.xlsx,WORKSITE_ADDRESS1,worksite_address,mapped
2021,lca_2021q3.xlsx,WORKSITE_CITY,worksite_city,mapped
2021,lca_2021q3.xlsx,WORKSITE_COUNTY,worksite_county,mapped
2021,lca_2021q3.xlsx,WORKSITE_POSTAL_CODE,worksite_postal_code,mapped
2021,lca_2021q3.xlsx,WORKSITE_STATE,worksite_state,mapped
2021,lca_2021q3.xlsx,WORKSITE_WORKERS,worksite_workers,mapped
2021,lca_2021q3.xlsx,AGENT_ATTORNEY_ADDRESS1,,dropped: attorney/agent personal details
2021,lca_2021q3.xlsx,AGENT_ATTORNEY_ADDRESS2,,dropped: attorney/agent personal details
2021,lca_2021q3.xlsx,AGENT_ATTORNEY_CITY,,dropped: attorney/agent personal details
2021,lca_2021q3.xlsx,AGENT_ATTORNEY_COUNTRY,,dropped: attorney/agent personal details
2021,lca_2021q3.xlsx,AGENT_ATTORNEY_EMAIL_ADDRESS,,dropped: attorney/agent personal details
2021,lca_2021q3.xlsx,AGENT_ATTORNEY_FIRST_NAME,,dropped: attorney/agent personal details
2021,lca_2021q3.xlsx,AGENT_ATTORNEY_LAST_NAME,,dropped: attorney/agent personal details
2021,lca_2021q3.xlsx,AGENT_ATTORNEY_MIDDLE_NAME,,dropped: attorney/agent personal details
2021,lca_2021q3.xlsx,AGENT_ATTORNEY_PHONE,,dropped: attorney/agent personal details
2021,lca_2021q3.xlsx,AGENT_ATTORNEY_PHONE_EXT,,dropped: attorney/agent personal details
2021,lca_2021q3.xlsx,AGENT_ATTORNEY_POSTAL_CODE,,dropped: attorney/agent personal details
2021,lca_2021q3.xlsx,AGENT_ATTORNEY_PROVINCE,,dropped: attorney/agent personal details
2021,lca_2021q3.xlsx,AGENT_ATTORNEY_STATE,,dropped: attorney/agent personal details
2021,lca_2021q3.xlsx,AGREE_TO_LC_STATEMENT,,dropped: LCA attestation plumbing
2021,lca_2021q3.xlsx,APPENDIX_A_ATTACHED,,dropped: form attachment flag
2021,lca_2021q3.xlsx,EMPLOYER_ADDRESS2,,dropped: secondary worksite/wage block (primary worksite only)
2021,lca_2021q3.xlsx,EMPLOYER_PHONE,,dropped: phone / employer identifier
2021,lca_2021q3.xlsx,EMPLOYER_PHONE_EXT,,dropped: phone / employer identifier
2021,lca_2021q3.xlsx,EMPLOYER_POC_ADDRESS_1,,dropped: employer point-of-contact personal details
2021,lca_2021q3.xlsx,EMPLOYER_POC_ADDRESS_2,,dropped: employer point-of-contact personal details
2021,lca_2021q3.xlsx,EMPLOYER_POC_CITY,,dropped: employer point-of-contact personal details
2021,lca_2021q3.xlsx,EMPLOYER_POC_COUNTRY,,dropped: employer point-of-contact personal details
2021,lca_2021q3.xlsx,EMPLOYER_POC_EMAIL,,dropped: employer point-of-contact personal details
2021,lca_2021q3.xlsx,EMPLOYER_POC_FIRST_NAME,,dropped: employer point-of-contact personal details
2021,lca_2021q3.xlsx,EMPLOYER_POC_JOB_TITLE,,dropped: employer point-of-contact personal details
2021,lca_2021q3.xlsx,EMPLOYER_POC_LAST_NAME,,dropped: employer point-of-contact personal details
2021,lca_2021q3.xlsx,EMPLOYER_POC_MIDDLE_NAME,,dropped: employer point-of-contact personal details
2021,lca_2021q3.xlsx,EMPLOYER_POC_PHONE,,dropped: employer point-of-contact personal details
2021,lca_2021q3.xlsx,EMPLOYER_POC_PHONE_EXT,,dropped: employer point-of-contact personal details
2021,lca_2021q3.xlsx,EMPLOYER_POC_POSTAL_CODE,,dropped: employer point-of-contact personal details
2021,lca_2021q3.xlsx,EMPLOYER_POC_PROVINCE,,dropped: employer point-of-contact personal details
2021,lca_2021q3.xlsx,EMPLOYER_POC_STATE,,dropped: employer point-of-contact personal details
2021,lca_2021q3.xlsx,EMPLOYER_PROVINCE,,dropped: non-US employer province
2021,lca_2021q3.xlsx,NAME_OF_HIGHEST_STATE_COURT,,dropped: attorney bar detail
2021,lca_2021q3.xlsx,PREPARER_BUSINESS_NAME,,dropped: form preparer personal details
2021,lca_2021q3.xlsx,PREPARER_EMAIL,,dropped: form preparer personal details
2021,lca_2021q3.xlsx,PREPARER_FIRST_NAME,,dropped: form preparer personal details
2021,lca_2021q3.xlsx,PREPARER_LAST_NAME,,dropped: form preparer personal details
2021,lca_2021q3.xlsx,PREPARER_MIDDLE_INITIAL,,dropped: form preparer personal details
2021,lca_2021q3.xlsx,PUBLIC_DISCLOSURE,,dropped: LCA attestation plumbing
2021,lca_2021q3.xlsx,PW_OTHER_YEAR,,dropped: prevailing wage survey detail
2021,lca_2021q3.xlsx,PW_SURVEY_NAME,,dropped: prevailing wage survey detail
2021,lca_2021q3.xlsx,PW_SURVEY_PUBLISHER,,dropped: prevailing wage survey detail
2021,lca_2021q3.xlsx,STATE_OF_HIGHEST_COURT,,dropped: attorney bar detail
2021,lca_2021q3.xlsx,WORKSITE_ADDRESS2,,dropped: secondary worksite/wage block (primary worksite only)
2022,lca_2022.xlsx,AGENT_REPRESENTING_EMPLOYER,agent_representing_employer,mapped
2022,lca_2022.xlsx,AMENDED_PETITION,amended_petition,mapped
2022,lca_2022.xlsx,LAWFIRM_NAME_BUSINESS_NAME,attorney_law_firm_name,mapped
2022,lca_2022.xlsx,CASE_NUMBER,case_number,mapped
2022,lca_2022.xlsx,CASE_STATUS,case_status,mapped
2022,lca_2022.xlsx,CHANGE_EMPLOYER,change_employer,mapped
2022,lca_2022.xlsx,CHANGE_PREVIOUS_EMPLOYMENT,change_previous_employment,mapped
2022,lca_2022.xlsx,CONTINUED_EMPLOYMENT,continued_employment,mapped
2022,lca_2022.xlsx,DECISION_DATE,decision_date,mapped
2022,lca_2022.xlsx,EMPLOYER_ADDRESS1,employer_address,mapped
2022,lca_2022.xlsx,EMPLOYER_CITY,employer_city,mapped
2022,lca_2022.xlsx,EMPLOYER_COUNTRY,employer_country,mapped
2022,lca_2022.xlsx,EMPLOYER_NAME,employer_name,mapped
2022,lca_2022.xlsx,EMPLOYER_POSTAL_CODE,employer_postal_code,mapped
2022,lca_2022.xlsx,EMPLOYER_STATE,employer_state,mapped
2022,lca_2022.xlsx,TRADE_NAME_DBA,employer_trade_name,mapped
2022,lca_2022.xlsx,BEGIN_DATE,employment_begin_date,mapped
2022,lca_2022.xlsx,END_DATE,employment_end_date,mapped
2022,lca_2022.xlsx,FULL_TIME_POSITION,full_time_position,mapped
2022,lca_2022.xlsx,H_1B_DEPENDENT,h1b_dependent,mapped
2022,lca_2022.xlsx,JOB_TITLE,job_title,mapped
2022,lca_2022.xlsx,NAICS_CODE,naics_id,mapped
2022,lca_2022.xlsx,NEW_CONCURRENT_EMPLOYMENT,new_concurrent_employment,mapped
2022,lca_2022.xlsx,NEW_EMPLOYMENT,new_employment,mapped
2022,lca_2022.xlsx,ORIGINAL_CERT_DATE,original_certification_date,mapped
2022,lca_2022.xlsx,PREVAILING_WAGE,prevailing_wage,mapped
2022,lca_2022.xlsx,PW_WAGE_LEVEL,prevailing_wage_level,mapped
2022,lca_2022.xlsx,PW_OTHER_SOURCE,prevailing_wage_source,mapped
2022,lca_2022.xlsx,PW_OES_YEAR,prevailing_wage_source_year,mapped
2022,lca_2022.xlsx,PW_TRACKING_NUMBER,prevailing_wage_tracking_number,mapped
2022,lca_2022.xlsx,PW_UNIT_OF_PAY,prevailing_wage_unit_of_pay,mapped
2022,lca_2022.xlsx,RECEIVED_DATE,received_date,mapped
2022,lca_2022.xlsx,SECONDARY_ENTITY,secondary_entity,mapped
2022,lca_2022.xlsx,SECONDARY_ENTITY_BUSINESS_NAME,secondary_entity_business_name,mapped
2022,lca_2022.xlsx,SOC_CODE,soc_id,mapped
2022,lca_2022.xlsx,SOC_TITLE,soc_title,mapped
2022,lca_2022.xlsx,STATUTORY_BASIS,statutory_basis,mapped
2022,lca_2022.xlsx,SUPPORT_H1B,support_h1b,mapped
2022,lca_2022.xlsx,TOTAL_WORKER_POSITIONS,total_workers,mapped
2022,lca_2022.xlsx,TOTAL_WORKSITE_LOCATIONS,total_worksite_locations,mapped
2022,lca_2022.xlsx,VISA_CLASS,visa_class,mapped
2022,lca_2022.xlsx,WAGE_RATE_OF_PAY_FROM,wage_offered_from,mapped
2022,lca_2022.xlsx,WAGE_RATE_OF_PAY_TO,wage_offered_to,mapped
2022,lca_2022.xlsx,WAGE_UNIT_OF_PAY,wage_unit_of_pay,mapped
2022,lca_2022.xlsx,WILLFUL_VIOLATOR,willful_violator,mapped
2022,lca_2022.xlsx,,withdrawn,absent this year
2022,lca_2022.xlsx,WORKSITE_ADDRESS1,worksite_address,mapped
2022,lca_2022.xlsx,WORKSITE_CITY,worksite_city,mapped
2022,lca_2022.xlsx,WORKSITE_COUNTY,worksite_county,mapped
2022,lca_2022.xlsx,WORKSITE_POSTAL_CODE,worksite_postal_code,mapped
2022,lca_2022.xlsx,WORKSITE_STATE,worksite_state,mapped
2022,lca_2022.xlsx,WORKSITE_WORKERS,worksite_workers,mapped
2022,lca_2022.xlsx,AGENT_ATTORNEY_ADDRESS1,,dropped: attorney/agent personal details
2022,lca_2022.xlsx,AGENT_ATTORNEY_ADDRESS2,,dropped: attorney/agent personal details
2022,lca_2022.xlsx,AGENT_ATTORNEY_CITY,,dropped: attorney/agent personal details
2022,lca_2022.xlsx,AGENT_ATTORNEY_COUNTRY,,dropped: attorney/agent personal details
2022,lca_2022.xlsx,AGENT_ATTORNEY_EMAIL_ADDRESS,,dropped: attorney/agent personal details
2022,lca_2022.xlsx,AGENT_ATTORNEY_FIRST_NAME,,dropped: attorney/agent personal details
2022,lca_2022.xlsx,AGENT_ATTORNEY_LAST_NAME,,dropped: attorney/agent personal details
2022,lca_2022.xlsx,AGENT_ATTORNEY_MIDDLE_NAME,,dropped: attorney/agent personal details
2022,lca_2022.xlsx,AGENT_ATTORNEY_PHONE,,dropped: attorney/agent personal details
2022,lca_2022.xlsx,AGENT_ATTORNEY_PHONE_EXT,,dropped: attorney/agent personal details
2022,lca_2022.xlsx,AGENT_ATTORNEY_POSTAL_CODE,,dropped: attorney/agent personal details
2022,lca_2022.xlsx,AGENT_ATTORNEY_PROVINCE,,dropped: attorney/agent personal details
2022,lca_2022.xlsx,AGENT_ATTORNEY_STATE,,dropped: attorney/agent personal details
2022,lca_2022.xlsx,AGREE_TO_LC_STATEMENT,,dropped: LCA attestation plumbing
2022,lca_2022.xlsx,APPENDIX_A_ATTACHED,,dropped: form attachment flag
2022,lca_2022.xlsx,EMPLOYER_ADDRESS2,,dropped: secondary worksite/wage block (primary worksite only)
2022,lca_2022.xlsx,EMPLOYER_PHONE,,dropped: phone / employer identifier
2022,lca_2022.xlsx,EMPLOYER_PHONE_EXT,,dropped: phone / employer identifier
2022,lca_2022.xlsx,EMPLOYER_POC_ADDRESS1,,dropped: employer point-of-contact personal details
2022,lca_2022.xlsx,EMPLOYER_POC_ADDRESS2,,dropped: employer point-of-contact personal details
2022,lca_2022.xlsx,EMPLOYER_POC_CITY,,dropped: employer point-of-contact personal details
2022,lca_2022.xlsx,EMPLOYER_POC_COUNTRY,,dropped: employer point-of-contact personal details
2022,lca_2022.xlsx,EMPLOYER_POC_EMAIL,,dropped: employer point-of-contact personal details
2022,lca_2022.xlsx,EMPLOYER_POC_FIRST_NAME,,dropped: employer point-of-contact personal details
2022,lca_2022.xlsx,EMPLOYER_POC_JOB_TITLE,,dropped: employer point-of-contact personal details
2022,lca_2022.xlsx,EMPLOYER_POC_LAST_NAME,,dropped: employer point-of-contact personal details
2022,lca_2022.xlsx,EMPLOYER_POC_MIDDLE_NAME,,dropped: employer point-of-contact personal details
2022,lca_2022.xlsx,EMPLOYER_POC_PHONE,,dropped: employer point-of-contact personal details
2022,lca_2022.xlsx,EMPLOYER_POC_PHONE_EXT,,dropped: employer point-of-contact personal details
2022,lca_2022.xlsx,EMPLOYER_POC_POSTAL_CODE,,dropped: employer point-of-contact personal details
2022,lca_2022.xlsx,EMPLOYER_POC_PROVINCE,,dropped: employer point-of-contact personal details
2022,lca_2022.xlsx,EMPLOYER_POC_STATE,,dropped: employer point-of-contact personal details
2022,lca_2022.xlsx,EMPLOYER_PROVINCE,,dropped: non-US employer province
2022,lca_2022.xlsx,NAME_OF_HIGHEST_STATE_COURT,,dropped: attorney bar detail
2022,lca_2022.xlsx,PREPARER_BUSINESS_NAME,,dropped: form preparer personal details
2022,lca_2022.xlsx,PREPARER_EMAIL,,dropped: form preparer personal details
2022,lca_2022.xlsx,PREPARER_FIRST_NAME,,dropped: form preparer personal details
2022,lca_2022.xlsx,PREPARER_LAST_NAME,,dropped: form preparer personal details
2022,lca_2022.xlsx,PREPARER_MIDDLE_INITIAL,,dropped: form preparer personal details
2022,lca_2022.xlsx,PUBLIC_DISCLOSURE,,dropped: LCA attestation plumbing
2022,lca_2022.xlsx,PW_OTHER_YEAR,,dropped: prevailing wage survey detail
2022,lca_2022.xlsx,PW_SURVEY_NAME,,dropped: prevailing wage survey detail
2022,lca_2022.xlsx,PW_SURVEY_PUBLISHER,,dropped: prevailing wage survey detail
2022,lca_2022.xlsx,STATE_OF_HIGHEST_COURT,,dropped: attorney bar detail
2022,lca_2022.xlsx,WORKSITE_ADDRESS2,,dropped: secondary worksite/wage block (primary worksite only)
2022,lca_2022q1.xlsx,AGENT_REPRESENTING_EMPLOYER,agent_representing_employer,mapped
2022,lca_2022q1.xlsx,AMENDED_PETITION,amended_petition,mapped
2022,lca_2022q1.xlsx,LAWFIRM_NAME_BUSINESS_NAME,attorney_law_firm_name,mapped
2022,lca_2022q1.xlsx,CASE_NUMBER,case_number,mapped
2022,lca_2022q1.xlsx,CASE_STATUS,case_status,mapped
2022,lca_2022q1.xlsx,CHANGE_EMPLOYER,change_employer,mapped
2022,lca_2022q1.xlsx,CHANGE_PREVIOUS_EMPLOYMENT,change_previous_employment,mapped
2022,lca_2022q1.xlsx,CONTINUED_EMPLOYMENT,continued_employment,mapped
2022,lca_2022q1.xlsx,DECISION_DATE,decision_date,mapped
2022,lca_2022q1.xlsx,EMPLOYER_ADDRESS1,employer_address,mapped
2022,lca_2022q1.xlsx,EMPLOYER_CITY,employer_city,mapped
2022,lca_2022q1.xlsx,EMPLOYER_COUNTRY,employer_country,mapped
2022,lca_2022q1.xlsx,EMPLOYER_NAME,employer_name,mapped
2022,lca_2022q1.xlsx,EMPLOYER_POSTAL_CODE,employer_postal_code,mapped
2022,lca_2022q1.xlsx,EMPLOYER_STATE,employer_state,mapped
2022,lca_2022q1.xlsx,TRADE_NAME_DBA,employer_trade_name,mapped
2022,lca_2022q1.xlsx,BEGIN_DATE,employment_begin_date,mapped
2022,lca_2022q1.xlsx,END_DATE,employment_end_date,mapped
2022,lca_2022q1.xlsx,FULL_TIME_POSITION,full_time_position,mapped
2022,lca_2022q1.xlsx,H_1B_DEPENDENT,h1b_dependent,mapped
2022,lca_2022q1.xlsx,JOB_TITLE,job_title,mapped
2022,lca_2022q1.xlsx,NAICS_CODE,naics_id,mapped
2022,lca_2022q1.xlsx,NEW_CONCURRENT_EMPLOYMENT,new_concurrent_employment,mapped
2022,lca_2022q1.xlsx,NEW_EMPLOYMENT,new_employment,mapped
2022,lca_2022q1.xlsx,ORIGINAL_CERT_DATE,original_certification_date,mapped
2022,lca_2022q1.xlsx,PREVAILING_WAGE,prevailing_wage,mapped
2022,lca_2022q1.xlsx,PW_WAGE_LEVEL,prevailing_wage_level,mapped
2022,lca_2022q1.xlsx,PW_OTHER_SOURCE,prevailing_wage_source,mapped
2022,lca_2022q1.xlsx,PW_OES_YEAR,prevailing_wage_source_year,mapped
2022,lca_2022q1.xlsx,PW_TRACKING_NUMBER,prevailing_wage_tracking_number,mapped
2022,lca_2022q1.xlsx,PW_UNIT_OF_PAY,prevailing_wage_unit_of_pay,mapped
2022,lca_2022q1.xlsx,RECEIVED_DATE,received_date,mapped
2022,lca_2022q1.xlsx,SECONDARY_ENTITY,secondary_entity,mapped
2022,lca_2022q1.xlsx,SECONDARY_ENTITY_BUSINESS_NAME,secondary_entity_business_name,mapped
2022,lca_2022q1.xlsx,SOC_CODE,soc_id,mapped
2022,lca_2022q1.xlsx,SOC_TITLE,soc_title,mapped
2022,lca_2022q1.xlsx,STATUTORY_BASIS,statutory_basis,mapped
2022,lca_2022q1.xlsx,SUPPORT_H1B,support_h1b,mapped
2022,lca_2022q1.xlsx,TOTAL_WORKER_POSITIONS,total_workers,mapped
2022,lca_2022q1.xlsx,TOTAL_WORKSITE_LOCATIONS,total_worksite_locations,mapped
2022,lca_2022q1.xlsx,VISA_CLASS,visa_class,mapped
2022,lca_2022q1.xlsx,WAGE_RATE_OF_PAY_FROM,wage_offered_from,mapped
2022,lca_2022q1.xlsx,WAGE_RATE_OF_PAY_TO,wage_offered_to,mapped
2022,lca_2022q1.xlsx,WAGE_UNIT_OF_PAY,wage_unit_of_pay,mapped
2022,lca_2022q1.xlsx,WILLFUL_VIOLATOR,willful_violator,mapped
2022,lca_2022q1.xlsx,,withdrawn,absent this year
2022,lca_2022q1.xlsx,WORKSITE_ADDRESS1,worksite_address,mapped
2022,lca_2022q1.xlsx,WORKSITE_CITY,worksite_city,mapped
2022,lca_2022q1.xlsx,WORKSITE_COUNTY,worksite_county,mapped
2022,lca_2022q1.xlsx,WORKSITE_POSTAL_CODE,worksite_postal_code,mapped
2022,lca_2022q1.xlsx,WORKSITE_STATE,worksite_state,mapped
2022,lca_2022q1.xlsx,WORKSITE_WORKERS,worksite_workers,mapped
2022,lca_2022q1.xlsx,AGENT_ATTORNEY_ADDRESS1,,dropped: attorney/agent personal details
2022,lca_2022q1.xlsx,AGENT_ATTORNEY_ADDRESS2,,dropped: attorney/agent personal details
2022,lca_2022q1.xlsx,AGENT_ATTORNEY_CITY,,dropped: attorney/agent personal details
2022,lca_2022q1.xlsx,AGENT_ATTORNEY_COUNTRY,,dropped: attorney/agent personal details
2022,lca_2022q1.xlsx,AGENT_ATTORNEY_EMAIL_ADDRESS,,dropped: attorney/agent personal details
2022,lca_2022q1.xlsx,AGENT_ATTORNEY_FIRST_NAME,,dropped: attorney/agent personal details
2022,lca_2022q1.xlsx,AGENT_ATTORNEY_LAST_NAME,,dropped: attorney/agent personal details
2022,lca_2022q1.xlsx,AGENT_ATTORNEY_MIDDLE_NAME,,dropped: attorney/agent personal details
2022,lca_2022q1.xlsx,AGENT_ATTORNEY_PHONE,,dropped: attorney/agent personal details
2022,lca_2022q1.xlsx,AGENT_ATTORNEY_PHONE_EXT,,dropped: attorney/agent personal details
2022,lca_2022q1.xlsx,AGENT_ATTORNEY_POSTAL_CODE,,dropped: attorney/agent personal details
2022,lca_2022q1.xlsx,AGENT_ATTORNEY_PROVINCE,,dropped: attorney/agent personal details
2022,lca_2022q1.xlsx,AGENT_ATTORNEY_STATE,,dropped: attorney/agent personal details
2022,lca_2022q1.xlsx,AGREE_TO_LC_STATEMENT,,dropped: LCA attestation plumbing
2022,lca_2022q1.xlsx,APPENDIX_A_ATTACHED,,dropped: form attachment flag
2022,lca_2022q1.xlsx,EMPLOYER_ADDRESS2,,dropped: secondary worksite/wage block (primary worksite only)
2022,lca_2022q1.xlsx,EMPLOYER_PHONE,,dropped: phone / employer identifier
2022,lca_2022q1.xlsx,EMPLOYER_PHONE_EXT,,dropped: phone / employer identifier
2022,lca_2022q1.xlsx,EMPLOYER_POC_ADDRESS1,,dropped: employer point-of-contact personal details
2022,lca_2022q1.xlsx,EMPLOYER_POC_ADDRESS2,,dropped: employer point-of-contact personal details
2022,lca_2022q1.xlsx,EMPLOYER_POC_CITY,,dropped: employer point-of-contact personal details
2022,lca_2022q1.xlsx,EMPLOYER_POC_COUNTRY,,dropped: employer point-of-contact personal details
2022,lca_2022q1.xlsx,EMPLOYER_POC_EMAIL,,dropped: employer point-of-contact personal details
2022,lca_2022q1.xlsx,EMPLOYER_POC_FIRST_NAME,,dropped: employer point-of-contact personal details
2022,lca_2022q1.xlsx,EMPLOYER_POC_JOB_TITLE,,dropped: employer point-of-contact personal details
2022,lca_2022q1.xlsx,EMPLOYER_POC_LAST_NAME,,dropped: employer point-of-contact personal details
2022,lca_2022q1.xlsx,EMPLOYER_POC_MIDDLE_NAME,,dropped: employer point-of-contact personal details
2022,lca_2022q1.xlsx,EMPLOYER_POC_PHONE,,dropped: employer point-of-contact personal details
2022,lca_2022q1.xlsx,EMPLOYER_POC_PHONE_EXT,,dropped: employer point-of-contact personal details
2022,lca_2022q1.xlsx,EMPLOYER_POC_POSTAL_CODE,,dropped: employer point-of-contact personal details
2022,lca_2022q1.xlsx,EMPLOYER_POC_PROVINCE,,dropped: employer point-of-contact personal details
2022,lca_2022q1.xlsx,EMPLOYER_POC_STATE,,dropped: employer point-of-contact personal details
2022,lca_2022q1.xlsx,EMPLOYER_PROVINCE,,dropped: non-US employer province
2022,lca_2022q1.xlsx,NAME_OF_HIGHEST_STATE_COURT,,dropped: attorney bar detail
2022,lca_2022q1.xlsx,PREPARER_BUSINESS_NAME,,dropped: form preparer personal details
2022,lca_2022q1.xlsx,PREPARER_EMAIL,,dropped: form preparer personal details
2022,lca_2022q1.xlsx,PREPARER_FIRST_NAME,,dropped: form preparer personal details
2022,lca_2022q1.xlsx,PREPARER_LAST_NAME,,dropped: form preparer personal details
2022,lca_2022q1.xlsx,PREPARER_MIDDLE_INITIAL,,dropped: form preparer personal details
2022,lca_2022q1.xlsx,PUBLIC_DISCLOSURE,,dropped: LCA attestation plumbing
2022,lca_2022q1.xlsx,PW_OTHER_YEAR,,dropped: prevailing wage survey detail
2022,lca_2022q1.xlsx,PW_SURVEY_NAME,,dropped: prevailing wage survey detail
2022,lca_2022q1.xlsx,PW_SURVEY_PUBLISHER,,dropped: prevailing wage survey detail
2022,lca_2022q1.xlsx,STATE_OF_HIGHEST_COURT,,dropped: attorney bar detail
2022,lca_2022q1.xlsx,WORKSITE_ADDRESS2,,dropped: secondary worksite/wage block (primary worksite only)
2022,lca_2022q2.xlsx,AGENT_REPRESENTING_EMPLOYER,agent_representing_employer,mapped
2022,lca_2022q2.xlsx,AMENDED_PETITION,amended_petition,mapped
2022,lca_2022q2.xlsx,LAWFIRM_NAME_BUSINESS_NAME,attorney_law_firm_name,mapped
2022,lca_2022q2.xlsx,CASE_NUMBER,case_number,mapped
2022,lca_2022q2.xlsx,CASE_STATUS,case_status,mapped
2022,lca_2022q2.xlsx,CHANGE_EMPLOYER,change_employer,mapped
2022,lca_2022q2.xlsx,CHANGE_PREVIOUS_EMPLOYMENT,change_previous_employment,mapped
2022,lca_2022q2.xlsx,CONTINUED_EMPLOYMENT,continued_employment,mapped
2022,lca_2022q2.xlsx,DECISION_DATE,decision_date,mapped
2022,lca_2022q2.xlsx,EMPLOYER_ADDRESS1,employer_address,mapped
2022,lca_2022q2.xlsx,EMPLOYER_CITY,employer_city,mapped
2022,lca_2022q2.xlsx,EMPLOYER_COUNTRY,employer_country,mapped
2022,lca_2022q2.xlsx,EMPLOYER_NAME,employer_name,mapped
2022,lca_2022q2.xlsx,EMPLOYER_POSTAL_CODE,employer_postal_code,mapped
2022,lca_2022q2.xlsx,EMPLOYER_STATE,employer_state,mapped
2022,lca_2022q2.xlsx,TRADE_NAME_DBA,employer_trade_name,mapped
2022,lca_2022q2.xlsx,BEGIN_DATE,employment_begin_date,mapped
2022,lca_2022q2.xlsx,END_DATE,employment_end_date,mapped
2022,lca_2022q2.xlsx,FULL_TIME_POSITION,full_time_position,mapped
2022,lca_2022q2.xlsx,H_1B_DEPENDENT,h1b_dependent,mapped
2022,lca_2022q2.xlsx,JOB_TITLE,job_title,mapped
2022,lca_2022q2.xlsx,NAICS_CODE,naics_id,mapped
2022,lca_2022q2.xlsx,NEW_CONCURRENT_EMPLOYMENT,new_concurrent_employment,mapped
2022,lca_2022q2.xlsx,NEW_EMPLOYMENT,new_employment,mapped
2022,lca_2022q2.xlsx,ORIGINAL_CERT_DATE,original_certification_date,mapped
2022,lca_2022q2.xlsx,PREVAILING_WAGE,prevailing_wage,mapped
2022,lca_2022q2.xlsx,PW_WAGE_LEVEL,prevailing_wage_level,mapped
2022,lca_2022q2.xlsx,PW_OTHER_SOURCE,prevailing_wage_source,mapped
2022,lca_2022q2.xlsx,PW_OES_YEAR,prevailing_wage_source_year,mapped
2022,lca_2022q2.xlsx,PW_TRACKING_NUMBER,prevailing_wage_tracking_number,mapped
2022,lca_2022q2.xlsx,PW_UNIT_OF_PAY,prevailing_wage_unit_of_pay,mapped
2022,lca_2022q2.xlsx,RECEIVED_DATE,received_date,mapped
2022,lca_2022q2.xlsx,SECONDARY_ENTITY,secondary_entity,mapped
2022,lca_2022q2.xlsx,SECONDARY_ENTITY_BUSINESS_NAME,secondary_entity_business_name,mapped
2022,lca_2022q2.xlsx,SOC_CODE,soc_id,mapped
2022,lca_2022q2.xlsx,SOC_TITLE,soc_title,mapped
2022,lca_2022q2.xlsx,STATUTORY_BASIS,statutory_basis,mapped
2022,lca_2022q2.xlsx,SUPPORT_H1B,support_h1b,mapped
2022,lca_2022q2.xlsx,TOTAL_WORKER_POSITIONS,total_workers,mapped
2022,lca_2022q2.xlsx,TOTAL_WORKSITE_LOCATIONS,total_worksite_locations,mapped
2022,lca_2022q2.xlsx,VISA_CLASS,visa_class,mapped
2022,lca_2022q2.xlsx,WAGE_RATE_OF_PAY_FROM,wage_offered_from,mapped
2022,lca_2022q2.xlsx,WAGE_RATE_OF_PAY_TO,wage_offered_to,mapped
2022,lca_2022q2.xlsx,WAGE_UNIT_OF_PAY,wage_unit_of_pay,mapped
2022,lca_2022q2.xlsx,WILLFUL_VIOLATOR,willful_violator,mapped
2022,lca_2022q2.xlsx,,withdrawn,absent this year
2022,lca_2022q2.xlsx,WORKSITE_ADDRESS1,worksite_address,mapped
2022,lca_2022q2.xlsx,WORKSITE_CITY,worksite_city,mapped
2022,lca_2022q2.xlsx,WORKSITE_COUNTY,worksite_county,mapped
2022,lca_2022q2.xlsx,WORKSITE_POSTAL_CODE,worksite_postal_code,mapped
2022,lca_2022q2.xlsx,WORKSITE_STATE,worksite_state,mapped
2022,lca_2022q2.xlsx,WORKSITE_WORKERS,worksite_workers,mapped
2022,lca_2022q2.xlsx,AGENT_ATTORNEY_ADDRESS1,,dropped: attorney/agent personal details
2022,lca_2022q2.xlsx,AGENT_ATTORNEY_ADDRESS2,,dropped: attorney/agent personal details
2022,lca_2022q2.xlsx,AGENT_ATTORNEY_CITY,,dropped: attorney/agent personal details
2022,lca_2022q2.xlsx,AGENT_ATTORNEY_COUNTRY,,dropped: attorney/agent personal details
2022,lca_2022q2.xlsx,AGENT_ATTORNEY_EMAIL_ADDRESS,,dropped: attorney/agent personal details
2022,lca_2022q2.xlsx,AGENT_ATTORNEY_FIRST_NAME,,dropped: attorney/agent personal details
2022,lca_2022q2.xlsx,AGENT_ATTORNEY_LAST_NAME,,dropped: attorney/agent personal details
2022,lca_2022q2.xlsx,AGENT_ATTORNEY_MIDDLE_NAME,,dropped: attorney/agent personal details
2022,lca_2022q2.xlsx,AGENT_ATTORNEY_PHONE,,dropped: attorney/agent personal details
2022,lca_2022q2.xlsx,AGENT_ATTORNEY_PHONE_EXT,,dropped: attorney/agent personal details
2022,lca_2022q2.xlsx,AGENT_ATTORNEY_POSTAL_CODE,,dropped: attorney/agent personal details
2022,lca_2022q2.xlsx,AGENT_ATTORNEY_PROVINCE,,dropped: attorney/agent personal details
2022,lca_2022q2.xlsx,AGENT_ATTORNEY_STATE,,dropped: attorney/agent personal details
2022,lca_2022q2.xlsx,AGREE_TO_LC_STATEMENT,,dropped: LCA attestation plumbing
2022,lca_2022q2.xlsx,APPENDIX_A_ATTACHED,,dropped: form attachment flag
2022,lca_2022q2.xlsx,EMPLOYER_ADDRESS2,,dropped: secondary worksite/wage block (primary worksite only)
2022,lca_2022q2.xlsx,EMPLOYER_PHONE,,dropped: phone / employer identifier
2022,lca_2022q2.xlsx,EMPLOYER_PHONE_EXT,,dropped: phone / employer identifier
2022,lca_2022q2.xlsx,EMPLOYER_POC_ADDRESS1,,dropped: employer point-of-contact personal details
2022,lca_2022q2.xlsx,EMPLOYER_POC_ADDRESS2,,dropped: employer point-of-contact personal details
2022,lca_2022q2.xlsx,EMPLOYER_POC_CITY,,dropped: employer point-of-contact personal details
2022,lca_2022q2.xlsx,EMPLOYER_POC_COUNTRY,,dropped: employer point-of-contact personal details
2022,lca_2022q2.xlsx,EMPLOYER_POC_EMAIL,,dropped: employer point-of-contact personal details
2022,lca_2022q2.xlsx,EMPLOYER_POC_FIRST_NAME,,dropped: employer point-of-contact personal details
2022,lca_2022q2.xlsx,EMPLOYER_POC_JOB_TITLE,,dropped: employer point-of-contact personal details
2022,lca_2022q2.xlsx,EMPLOYER_POC_LAST_NAME,,dropped: employer point-of-contact personal details
2022,lca_2022q2.xlsx,EMPLOYER_POC_MIDDLE_NAME,,dropped: employer point-of-contact personal details
2022,lca_2022q2.xlsx,EMPLOYER_POC_PHONE,,dropped: employer point-of-contact personal details
2022,lca_2022q2.xlsx,EMPLOYER_POC_PHONE_EXT,,dropped: employer point-of-contact personal details
2022,lca_2022q2.xlsx,EMPLOYER_POC_POSTAL_CODE,,dropped: employer point-of-contact personal details
2022,lca_2022q2.xlsx,EMPLOYER_POC_PROVINCE,,dropped: employer point-of-contact personal details
2022,lca_2022q2.xlsx,EMPLOYER_POC_STATE,,dropped: employer point-of-contact personal details
2022,lca_2022q2.xlsx,EMPLOYER_PROVINCE,,dropped: non-US employer province
2022,lca_2022q2.xlsx,NAME_OF_HIGHEST_STATE_COURT,,dropped: attorney bar detail
2022,lca_2022q2.xlsx,PREPARER_BUSINESS_NAME,,dropped: form preparer personal details
2022,lca_2022q2.xlsx,PREPARER_EMAIL,,dropped: form preparer personal details
2022,lca_2022q2.xlsx,PREPARER_FIRST_NAME,,dropped: form preparer personal details
2022,lca_2022q2.xlsx,PREPARER_LAST_NAME,,dropped: form preparer personal details
2022,lca_2022q2.xlsx,PREPARER_MIDDLE_INITIAL,,dropped: form preparer personal details
2022,lca_2022q2.xlsx,PUBLIC_DISCLOSURE,,dropped: LCA attestation plumbing
2022,lca_2022q2.xlsx,PW_OTHER_YEAR,,dropped: prevailing wage survey detail
2022,lca_2022q2.xlsx,PW_SURVEY_NAME,,dropped: prevailing wage survey detail
2022,lca_2022q2.xlsx,PW_SURVEY_PUBLISHER,,dropped: prevailing wage survey detail
2022,lca_2022q2.xlsx,STATE_OF_HIGHEST_COURT,,dropped: attorney bar detail
2022,lca_2022q2.xlsx,WORKSITE_ADDRESS2,,dropped: secondary worksite/wage block (primary worksite only)
2022,lca_2022q3.xlsx,AGENT_REPRESENTING_EMPLOYER,agent_representing_employer,mapped
2022,lca_2022q3.xlsx,AMENDED_PETITION,amended_petition,mapped
2022,lca_2022q3.xlsx,LAWFIRM_NAME_BUSINESS_NAME,attorney_law_firm_name,mapped
2022,lca_2022q3.xlsx,CASE_NUMBER,case_number,mapped
2022,lca_2022q3.xlsx,CASE_STATUS,case_status,mapped
2022,lca_2022q3.xlsx,CHANGE_EMPLOYER,change_employer,mapped
2022,lca_2022q3.xlsx,CHANGE_PREVIOUS_EMPLOYMENT,change_previous_employment,mapped
2022,lca_2022q3.xlsx,CONTINUED_EMPLOYMENT,continued_employment,mapped
2022,lca_2022q3.xlsx,DECISION_DATE,decision_date,mapped
2022,lca_2022q3.xlsx,EMPLOYER_ADDRESS1,employer_address,mapped
2022,lca_2022q3.xlsx,EMPLOYER_CITY,employer_city,mapped
2022,lca_2022q3.xlsx,EMPLOYER_COUNTRY,employer_country,mapped
2022,lca_2022q3.xlsx,EMPLOYER_NAME,employer_name,mapped
2022,lca_2022q3.xlsx,EMPLOYER_POSTAL_CODE,employer_postal_code,mapped
2022,lca_2022q3.xlsx,EMPLOYER_STATE,employer_state,mapped
2022,lca_2022q3.xlsx,TRADE_NAME_DBA,employer_trade_name,mapped
2022,lca_2022q3.xlsx,BEGIN_DATE,employment_begin_date,mapped
2022,lca_2022q3.xlsx,END_DATE,employment_end_date,mapped
2022,lca_2022q3.xlsx,FULL_TIME_POSITION,full_time_position,mapped
2022,lca_2022q3.xlsx,H_1B_DEPENDENT,h1b_dependent,mapped
2022,lca_2022q3.xlsx,JOB_TITLE,job_title,mapped
2022,lca_2022q3.xlsx,NAICS_CODE,naics_id,mapped
2022,lca_2022q3.xlsx,NEW_CONCURRENT_EMPLOYMENT,new_concurrent_employment,mapped
2022,lca_2022q3.xlsx,NEW_EMPLOYMENT,new_employment,mapped
2022,lca_2022q3.xlsx,ORIGINAL_CERT_DATE,original_certification_date,mapped
2022,lca_2022q3.xlsx,PREVAILING_WAGE,prevailing_wage,mapped
2022,lca_2022q3.xlsx,PW_WAGE_LEVEL,prevailing_wage_level,mapped
2022,lca_2022q3.xlsx,PW_OTHER_SOURCE,prevailing_wage_source,mapped
2022,lca_2022q3.xlsx,PW_OES_YEAR,prevailing_wage_source_year,mapped
2022,lca_2022q3.xlsx,PW_TRACKING_NUMBER,prevailing_wage_tracking_number,mapped
2022,lca_2022q3.xlsx,PW_UNIT_OF_PAY,prevailing_wage_unit_of_pay,mapped
2022,lca_2022q3.xlsx,RECEIVED_DATE,received_date,mapped
2022,lca_2022q3.xlsx,SECONDARY_ENTITY,secondary_entity,mapped
2022,lca_2022q3.xlsx,SECONDARY_ENTITY_BUSINESS_NAME,secondary_entity_business_name,mapped
2022,lca_2022q3.xlsx,SOC_CODE,soc_id,mapped
2022,lca_2022q3.xlsx,SOC_TITLE,soc_title,mapped
2022,lca_2022q3.xlsx,STATUTORY_BASIS,statutory_basis,mapped
2022,lca_2022q3.xlsx,SUPPORT_H1B,support_h1b,mapped
2022,lca_2022q3.xlsx,TOTAL_WORKER_POSITIONS,total_workers,mapped
2022,lca_2022q3.xlsx,TOTAL_WORKSITE_LOCATIONS,total_worksite_locations,mapped
2022,lca_2022q3.xlsx,VISA_CLASS,visa_class,mapped
2022,lca_2022q3.xlsx,WAGE_RATE_OF_PAY_FROM,wage_offered_from,mapped
2022,lca_2022q3.xlsx,WAGE_RATE_OF_PAY_TO,wage_offered_to,mapped
2022,lca_2022q3.xlsx,WAGE_UNIT_OF_PAY,wage_unit_of_pay,mapped
2022,lca_2022q3.xlsx,WILLFUL_VIOLATOR,willful_violator,mapped
2022,lca_2022q3.xlsx,,withdrawn,absent this year
2022,lca_2022q3.xlsx,WORKSITE_ADDRESS1,worksite_address,mapped
2022,lca_2022q3.xlsx,WORKSITE_CITY,worksite_city,mapped
2022,lca_2022q3.xlsx,WORKSITE_COUNTY,worksite_county,mapped
2022,lca_2022q3.xlsx,WORKSITE_POSTAL_CODE,worksite_postal_code,mapped
2022,lca_2022q3.xlsx,WORKSITE_STATE,worksite_state,mapped
2022,lca_2022q3.xlsx,WORKSITE_WORKERS,worksite_workers,mapped
2022,lca_2022q3.xlsx,AGENT_ATTORNEY_ADDRESS1,,dropped: attorney/agent personal details
2022,lca_2022q3.xlsx,AGENT_ATTORNEY_ADDRESS2,,dropped: attorney/agent personal details
2022,lca_2022q3.xlsx,AGENT_ATTORNEY_CITY,,dropped: attorney/agent personal details
2022,lca_2022q3.xlsx,AGENT_ATTORNEY_COUNTRY,,dropped: attorney/agent personal details
2022,lca_2022q3.xlsx,AGENT_ATTORNEY_EMAIL_ADDRESS,,dropped: attorney/agent personal details
2022,lca_2022q3.xlsx,AGENT_ATTORNEY_FIRST_NAME,,dropped: attorney/agent personal details
2022,lca_2022q3.xlsx,AGENT_ATTORNEY_LAST_NAME,,dropped: attorney/agent personal details
2022,lca_2022q3.xlsx,AGENT_ATTORNEY_MIDDLE_NAME,,dropped: attorney/agent personal details
2022,lca_2022q3.xlsx,AGENT_ATTORNEY_PHONE,,dropped: attorney/agent personal details
2022,lca_2022q3.xlsx,AGENT_ATTORNEY_PHONE_EXT,,dropped: attorney/agent personal details
2022,lca_2022q3.xlsx,AGENT_ATTORNEY_POSTAL_CODE,,dropped: attorney/agent personal details
2022,lca_2022q3.xlsx,AGENT_ATTORNEY_PROVINCE,,dropped: attorney/agent personal details
2022,lca_2022q3.xlsx,AGENT_ATTORNEY_STATE,,dropped: attorney/agent personal details
2022,lca_2022q3.xlsx,AGREE_TO_LC_STATEMENT,,dropped: LCA attestation plumbing
2022,lca_2022q3.xlsx,APPENDIX_A_ATTACHED,,dropped: form attachment flag
2022,lca_2022q3.xlsx,EMPLOYER_ADDRESS2,,dropped: secondary worksite/wage block (primary worksite only)
2022,lca_2022q3.xlsx,EMPLOYER_PHONE,,dropped: phone / employer identifier
2022,lca_2022q3.xlsx,EMPLOYER_PHONE_EXT,,dropped: phone / employer identifier
2022,lca_2022q3.xlsx,EMPLOYER_POC_ADDRESS1,,dropped: employer point-of-contact personal details
2022,lca_2022q3.xlsx,EMPLOYER_POC_ADDRESS2,,dropped: employer point-of-contact personal details
2022,lca_2022q3.xlsx,EMPLOYER_POC_CITY,,dropped: employer point-of-contact personal details
2022,lca_2022q3.xlsx,EMPLOYER_POC_COUNTRY,,dropped: employer point-of-contact personal details
2022,lca_2022q3.xlsx,EMPLOYER_POC_EMAIL,,dropped: employer point-of-contact personal details
2022,lca_2022q3.xlsx,EMPLOYER_POC_FIRST_NAME,,dropped: employer point-of-contact personal details
2022,lca_2022q3.xlsx,EMPLOYER_POC_JOB_TITLE,,dropped: employer point-of-contact personal details
2022,lca_2022q3.xlsx,EMPLOYER_POC_LAST_NAME,,dropped: employer point-of-contact personal details
2022,lca_2022q3.xlsx,EMPLOYER_POC_MIDDLE_NAME,,dropped: employer point-of-contact personal details
2022,lca_2022q3.xlsx,EMPLOYER_POC_PHONE,,dropped: employer point-of-contact personal details
2022,lca_2022q3.xlsx,EMPLOYER_POC_PHONE_EXT,,dropped: employer point-of-contact personal details
2022,lca_2022q3.xlsx,EMPLOYER_POC_POSTAL_CODE,,dropped: employer point-of-contact personal details
2022,lca_2022q3.xlsx,EMPLOYER_POC_PROVINCE,,dropped: employer point-of-contact personal details
2022,lca_2022q3.xlsx,EMPLOYER_POC_STATE,,dropped: employer point-of-contact personal details
2022,lca_2022q3.xlsx,EMPLOYER_PROVINCE,,dropped: non-US employer province
2022,lca_2022q3.xlsx,NAME_OF_HIGHEST_STATE_COURT,,dropped: attorney bar detail
2022,lca_2022q3.xlsx,PREPARER_BUSINESS_NAME,,dropped: form preparer personal details
2022,lca_2022q3.xlsx,PREPARER_EMAIL,,dropped: form preparer personal details
2022,lca_2022q3.xlsx,PREPARER_FIRST_NAME,,dropped: form preparer personal details
2022,lca_2022q3.xlsx,PREPARER_LAST_NAME,,dropped: form preparer personal details
2022,lca_2022q3.xlsx,PREPARER_MIDDLE_INITIAL,,dropped: form preparer personal details
2022,lca_2022q3.xlsx,PUBLIC_DISCLOSURE,,dropped: LCA attestation plumbing
2022,lca_2022q3.xlsx,PW_OTHER_YEAR,,dropped: prevailing wage survey detail
2022,lca_2022q3.xlsx,PW_SURVEY_NAME,,dropped: prevailing wage survey detail
2022,lca_2022q3.xlsx,PW_SURVEY_PUBLISHER,,dropped: prevailing wage survey detail
2022,lca_2022q3.xlsx,STATE_OF_HIGHEST_COURT,,dropped: attorney bar detail
2022,lca_2022q3.xlsx,WORKSITE_ADDRESS2,,dropped: secondary worksite/wage block (primary worksite only)
2023,lca_2023.xlsx,AGENT_REPRESENTING_EMPLOYER,agent_representing_employer,mapped
2023,lca_2023.xlsx,AMENDED_PETITION,amended_petition,mapped
2023,lca_2023.xlsx,LAWFIRM_NAME_BUSINESS_NAME,attorney_law_firm_name,mapped
2023,lca_2023.xlsx,CASE_NUMBER,case_number,mapped
2023,lca_2023.xlsx,CASE_STATUS,case_status,mapped
2023,lca_2023.xlsx,CHANGE_EMPLOYER,change_employer,mapped
2023,lca_2023.xlsx,CHANGE_PREVIOUS_EMPLOYMENT,change_previous_employment,mapped
2023,lca_2023.xlsx,CONTINUED_EMPLOYMENT,continued_employment,mapped
2023,lca_2023.xlsx,DECISION_DATE,decision_date,mapped
2023,lca_2023.xlsx,EMPLOYER_ADDRESS1,employer_address,mapped
2023,lca_2023.xlsx,EMPLOYER_CITY,employer_city,mapped
2023,lca_2023.xlsx,EMPLOYER_COUNTRY,employer_country,mapped
2023,lca_2023.xlsx,EMPLOYER_NAME,employer_name,mapped
2023,lca_2023.xlsx,EMPLOYER_POSTAL_CODE,employer_postal_code,mapped
2023,lca_2023.xlsx,EMPLOYER_STATE,employer_state,mapped
2023,lca_2023.xlsx,TRADE_NAME_DBA,employer_trade_name,mapped
2023,lca_2023.xlsx,BEGIN_DATE,employment_begin_date,mapped
2023,lca_2023.xlsx,END_DATE,employment_end_date,mapped
2023,lca_2023.xlsx,FULL_TIME_POSITION,full_time_position,mapped
2023,lca_2023.xlsx,H_1B_DEPENDENT,h1b_dependent,mapped
2023,lca_2023.xlsx,JOB_TITLE,job_title,mapped
2023,lca_2023.xlsx,NAICS_CODE,naics_id,mapped
2023,lca_2023.xlsx,NEW_CONCURRENT_EMPLOYMENT,new_concurrent_employment,mapped
2023,lca_2023.xlsx,NEW_EMPLOYMENT,new_employment,mapped
2023,lca_2023.xlsx,ORIGINAL_CERT_DATE,original_certification_date,mapped
2023,lca_2023.xlsx,PREVAILING_WAGE,prevailing_wage,mapped
2023,lca_2023.xlsx,PW_WAGE_LEVEL,prevailing_wage_level,mapped
2023,lca_2023.xlsx,PW_OTHER_SOURCE,prevailing_wage_source,mapped
2023,lca_2023.xlsx,PW_OES_YEAR,prevailing_wage_source_year,mapped
2023,lca_2023.xlsx,PW_TRACKING_NUMBER,prevailing_wage_tracking_number,mapped
2023,lca_2023.xlsx,PW_UNIT_OF_PAY,prevailing_wage_unit_of_pay,mapped
2023,lca_2023.xlsx,RECEIVED_DATE,received_date,mapped
2023,lca_2023.xlsx,SECONDARY_ENTITY,secondary_entity,mapped
2023,lca_2023.xlsx,SECONDARY_ENTITY_BUSINESS_NAME,secondary_entity_business_name,mapped
2023,lca_2023.xlsx,SOC_CODE,soc_id,mapped
2023,lca_2023.xlsx,SOC_TITLE,soc_title,mapped
2023,lca_2023.xlsx,STATUTORY_BASIS,statutory_basis,mapped
2023,lca_2023.xlsx,SUPPORT_H1B,support_h1b,mapped
2023,lca_2023.xlsx,TOTAL_WORKER_POSITIONS,total_workers,mapped
2023,lca_2023.xlsx,TOTAL_WORKSITE_LOCATIONS,total_worksite_locations,mapped
2023,lca_2023.xlsx,VISA_CLASS,visa_class,mapped
2023,lca_2023.xlsx,WAGE_RATE_OF_PAY_FROM,wage_offered_from,mapped
2023,lca_2023.xlsx,WAGE_RATE_OF_PAY_TO,wage_offered_to,mapped
2023,lca_2023.xlsx,WAGE_UNIT_OF_PAY,wage_unit_of_pay,mapped
2023,lca_2023.xlsx,WILLFUL_VIOLATOR,willful_violator,mapped
2023,lca_2023.xlsx,,withdrawn,absent this year
2023,lca_2023.xlsx,WORKSITE_ADDRESS1,worksite_address,mapped
2023,lca_2023.xlsx,WORKSITE_CITY,worksite_city,mapped
2023,lca_2023.xlsx,WORKSITE_COUNTY,worksite_county,mapped
2023,lca_2023.xlsx,WORKSITE_POSTAL_CODE,worksite_postal_code,mapped
2023,lca_2023.xlsx,WORKSITE_STATE,worksite_state,mapped
2023,lca_2023.xlsx,WORKSITE_WORKERS,worksite_workers,mapped
2023,lca_2023.xlsx,AGENT_ATTORNEY_ADDRESS1,,dropped: attorney/agent personal details
2023,lca_2023.xlsx,AGENT_ATTORNEY_ADDRESS2,,dropped: attorney/agent personal details
2023,lca_2023.xlsx,AGENT_ATTORNEY_CITY,,dropped: attorney/agent personal details
2023,lca_2023.xlsx,AGENT_ATTORNEY_COUNTRY,,dropped: attorney/agent personal details
2023,lca_2023.xlsx,AGENT_ATTORNEY_EMAIL_ADDRESS,,dropped: attorney/agent personal details
2023,lca_2023.xlsx,AGENT_ATTORNEY_FIRST_NAME,,dropped: attorney/agent personal details
2023,lca_2023.xlsx,AGENT_ATTORNEY_LAST_NAME,,dropped: attorney/agent personal details
2023,lca_2023.xlsx,AGENT_ATTORNEY_MIDDLE_NAME,,dropped: attorney/agent personal details
2023,lca_2023.xlsx,AGENT_ATTORNEY_PHONE,,dropped: attorney/agent personal details
2023,lca_2023.xlsx,AGENT_ATTORNEY_PHONE_EXT,,dropped: attorney/agent personal details
2023,lca_2023.xlsx,AGENT_ATTORNEY_POSTAL_CODE,,dropped: attorney/agent personal details
2023,lca_2023.xlsx,AGENT_ATTORNEY_PROVINCE,,dropped: attorney/agent personal details
2023,lca_2023.xlsx,AGENT_ATTORNEY_STATE,,dropped: attorney/agent personal details
2023,lca_2023.xlsx,AGREE_TO_LC_STATEMENT,,dropped: LCA attestation plumbing
2023,lca_2023.xlsx,APPENDIX_A_ATTACHED,,dropped: form attachment flag
2023,lca_2023.xlsx,EMPLOYER_ADDRESS2,,dropped: secondary worksite/wage block (primary worksite only)
2023,lca_2023.xlsx,EMPLOYER_PHONE,,dropped: phone / employer identifier
2023,lca_2023.xlsx,EMPLOYER_PHONE_EXT,,dropped: phone / employer identifier
2023,lca_2023.xlsx,EMPLOYER_POC_ADDRESS1,,dropped: employer point-of-contact personal details
2023,lca_2023.xlsx,EMPLOYER_POC_ADDRESS2,,dropped: employer point-of-contact personal details
2023,lca_2023.xlsx,EMPLOYER_POC_CITY,,dropped: employer point-of-contact personal details
2023,lca_2023.xlsx,EMPLOYER_POC_COUNTRY,,dropped: employer point-of-contact personal details
2023,lca_2023.xlsx,EMPLOYER_POC_EMAIL,,dropped: employer point-of-contact personal details
2023,lca_2023.xlsx,EMPLOYER_POC_FIRST_NAME,,dropped: employer point-of-contact personal details
2023,lca_2023.xlsx,EMPLOYER_POC_JOB_TITLE,,dropped: employer point-of-contact personal details
2023,lca_2023.xlsx,EMPLOYER_POC_LAST_NAME,,dropped: employer point-of-contact personal details
2023,lca_2023.xlsx,EMPLOYER_POC_MIDDLE_NAME,,dropped: employer point-of-contact personal details
2023,lca_2023.xlsx,EMPLOYER_POC_PHONE,,dropped: employer point-of-contact personal details
2023,lca_2023.xlsx,EMPLOYER_POC_PHONE_EXT,,dropped: employer point-of-contact personal details
2023,lca_2023.xlsx,EMPLOYER_POC_POSTAL_CODE,,dropped: employer point-of-contact personal details
2023,lca_2023.xlsx,EMPLOYER_POC_PROVINCE,,dropped: employer point-of-contact personal details
2023,lca_2023.xlsx,EMPLOYER_POC_STATE,,dropped: employer point-of-contact personal details
2023,lca_2023.xlsx,EMPLOYER_PROVINCE,,dropped: non-US employer province
2023,lca_2023.xlsx,NAME_OF_HIGHEST_STATE_COURT,,dropped: attorney bar detail
2023,lca_2023.xlsx,PREPARER_BUSINESS_NAME,,dropped: form preparer personal details
2023,lca_2023.xlsx,PREPARER_EMAIL,,dropped: form preparer personal details
2023,lca_2023.xlsx,PREPARER_FIRST_NAME,,dropped: form preparer personal details
2023,lca_2023.xlsx,PREPARER_LAST_NAME,,dropped: form preparer personal details
2023,lca_2023.xlsx,PREPARER_MIDDLE_INITIAL,,dropped: form preparer personal details
2023,lca_2023.xlsx,PUBLIC_DISCLOSURE,,dropped: LCA attestation plumbing
2023,lca_2023.xlsx,PW_OTHER_YEAR,,dropped: prevailing wage survey detail
2023,lca_2023.xlsx,PW_SURVEY_NAME,,dropped: prevailing wage survey detail
2023,lca_2023.xlsx,PW_SURVEY_PUBLISHER,,dropped: prevailing wage survey detail
2023,lca_2023.xlsx,STATE_OF_HIGHEST_COURT,,dropped: attorney bar detail
2023,lca_2023.xlsx,WORKSITE_ADDRESS2,,dropped: secondary worksite/wage block (primary worksite only)
2023,lca_2023q1.xlsx,AGENT_REPRESENTING_EMPLOYER,agent_representing_employer,mapped
2023,lca_2023q1.xlsx,AMENDED_PETITION,amended_petition,mapped
2023,lca_2023q1.xlsx,LAWFIRM_NAME_BUSINESS_NAME,attorney_law_firm_name,mapped
2023,lca_2023q1.xlsx,CASE_NUMBER,case_number,mapped
2023,lca_2023q1.xlsx,CASE_STATUS,case_status,mapped
2023,lca_2023q1.xlsx,CHANGE_EMPLOYER,change_employer,mapped
2023,lca_2023q1.xlsx,CHANGE_PREVIOUS_EMPLOYMENT,change_previous_employment,mapped
2023,lca_2023q1.xlsx,CONTINUED_EMPLOYMENT,continued_employment,mapped
2023,lca_2023q1.xlsx,DECISION_DATE,decision_date,mapped
2023,lca_2023q1.xlsx,EMPLOYER_ADDRESS1,employer_address,mapped
2023,lca_2023q1.xlsx,EMPLOYER_CITY,employer_city,mapped
2023,lca_2023q1.xlsx,EMPLOYER_COUNTRY,employer_country,mapped
2023,lca_2023q1.xlsx,EMPLOYER_NAME,employer_name,mapped
2023,lca_2023q1.xlsx,EMPLOYER_POSTAL_CODE,employer_postal_code,mapped
2023,lca_2023q1.xlsx,EMPLOYER_STATE,employer_state,mapped
2023,lca_2023q1.xlsx,TRADE_NAME_DBA,employer_trade_name,mapped
2023,lca_2023q1.xlsx,BEGIN_DATE,employment_begin_date,mapped
2023,lca_2023q1.xlsx,END_DATE,employment_end_date,mapped
2023,lca_2023q1.xlsx,FULL_TIME_POSITION,full_time_position,mapped
2023,lca_2023q1.xlsx,H_1B_DEPENDENT,h1b_dependent,mapped
2023,lca_2023q1.xlsx,JOB_TITLE,job_title,mapped
2023,lca_2023q1.xlsx,NAICS_CODE,naics_id,mapped
2023,lca_2023q1.xlsx,NEW_CONCURRENT_EMPLOYMENT,new_concurrent_employment,mapped
2023,lca_2023q1.xlsx,NEW_EMPLOYMENT,new_employment,mapped
2023,lca_2023q1.xlsx,ORIGINAL_CERT_DATE,original_certification_date,mapped
2023,lca_2023q1.xlsx,PREVAILING_WAGE,prevailing_wage,mapped
2023,lca_2023q1.xlsx,PW_WAGE_LEVEL,prevailing_wage_level,mapped
2023,lca_2023q1.xlsx,PW_OTHER_SOURCE,prevailing_wage_source,mapped
2023,lca_2023q1.xlsx,PW_OES_YEAR,prevailing_wage_source_year,mapped
2023,lca_2023q1.xlsx,PW_TRACKING_NUMBER,prevailing_wage_tracking_number,mapped
2023,lca_2023q1.xlsx,PW_UNIT_OF_PAY,prevailing_wage_unit_of_pay,mapped
2023,lca_2023q1.xlsx,RECEIVED_DATE,received_date,mapped
2023,lca_2023q1.xlsx,SECONDARY_ENTITY,secondary_entity,mapped
2023,lca_2023q1.xlsx,SECONDARY_ENTITY_BUSINESS_NAME,secondary_entity_business_name,mapped
2023,lca_2023q1.xlsx,SOC_CODE,soc_id,mapped
2023,lca_2023q1.xlsx,SOC_TITLE,soc_title,mapped
2023,lca_2023q1.xlsx,STATUTORY_BASIS,statutory_basis,mapped
2023,lca_2023q1.xlsx,SUPPORT_H1B,support_h1b,mapped
2023,lca_2023q1.xlsx,TOTAL_WORKER_POSITIONS,total_workers,mapped
2023,lca_2023q1.xlsx,TOTAL_WORKSITE_LOCATIONS,total_worksite_locations,mapped
2023,lca_2023q1.xlsx,VISA_CLASS,visa_class,mapped
2023,lca_2023q1.xlsx,WAGE_RATE_OF_PAY_FROM,wage_offered_from,mapped
2023,lca_2023q1.xlsx,WAGE_RATE_OF_PAY_TO,wage_offered_to,mapped
2023,lca_2023q1.xlsx,WAGE_UNIT_OF_PAY,wage_unit_of_pay,mapped
2023,lca_2023q1.xlsx,WILLFUL_VIOLATOR,willful_violator,mapped
2023,lca_2023q1.xlsx,,withdrawn,absent this year
2023,lca_2023q1.xlsx,WORKSITE_ADDRESS1,worksite_address,mapped
2023,lca_2023q1.xlsx,WORKSITE_CITY,worksite_city,mapped
2023,lca_2023q1.xlsx,WORKSITE_COUNTY,worksite_county,mapped
2023,lca_2023q1.xlsx,WORKSITE_POSTAL_CODE,worksite_postal_code,mapped
2023,lca_2023q1.xlsx,WORKSITE_STATE,worksite_state,mapped
2023,lca_2023q1.xlsx,WORKSITE_WORKERS,worksite_workers,mapped
2023,lca_2023q1.xlsx,AGENT_ATTORNEY_ADDRESS1,,dropped: attorney/agent personal details
2023,lca_2023q1.xlsx,AGENT_ATTORNEY_ADDRESS2,,dropped: attorney/agent personal details
2023,lca_2023q1.xlsx,AGENT_ATTORNEY_CITY,,dropped: attorney/agent personal details
2023,lca_2023q1.xlsx,AGENT_ATTORNEY_COUNTRY,,dropped: attorney/agent personal details
2023,lca_2023q1.xlsx,AGENT_ATTORNEY_EMAIL_ADDRESS,,dropped: attorney/agent personal details
2023,lca_2023q1.xlsx,AGENT_ATTORNEY_FIRST_NAME,,dropped: attorney/agent personal details
2023,lca_2023q1.xlsx,AGENT_ATTORNEY_LAST_NAME,,dropped: attorney/agent personal details
2023,lca_2023q1.xlsx,AGENT_ATTORNEY_MIDDLE_NAME,,dropped: attorney/agent personal details
2023,lca_2023q1.xlsx,AGENT_ATTORNEY_PHONE,,dropped: attorney/agent personal details
2023,lca_2023q1.xlsx,AGENT_ATTORNEY_PHONE_EXT,,dropped: attorney/agent personal details
2023,lca_2023q1.xlsx,AGENT_ATTORNEY_POSTAL_CODE,,dropped: attorney/agent personal details
2023,lca_2023q1.xlsx,AGENT_ATTORNEY_PROVINCE,,dropped: attorney/agent personal details
2023,lca_2023q1.xlsx,AGENT_ATTORNEY_STATE,,dropped: attorney/agent personal details
2023,lca_2023q1.xlsx,AGREE_TO_LC_STATEMENT,,dropped: LCA attestation plumbing
2023,lca_2023q1.xlsx,APPENDIX_A_ATTACHED,,dropped: form attachment flag
2023,lca_2023q1.xlsx,EMPLOYER_ADDRESS2,,dropped: secondary worksite/wage block (primary worksite only)
2023,lca_2023q1.xlsx,EMPLOYER_PHONE,,dropped: phone / employer identifier
2023,lca_2023q1.xlsx,EMPLOYER_PHONE_EXT,,dropped: phone / employer identifier
2023,lca_2023q1.xlsx,EMPLOYER_POC_ADDRESS1,,dropped: employer point-of-contact personal details
2023,lca_2023q1.xlsx,EMPLOYER_POC_ADDRESS2,,dropped: employer point-of-contact personal details
2023,lca_2023q1.xlsx,EMPLOYER_POC_CITY,,dropped: employer point-of-contact personal details
2023,lca_2023q1.xlsx,EMPLOYER_POC_COUNTRY,,dropped: employer point-of-contact personal details
2023,lca_2023q1.xlsx,EMPLOYER_POC_EMAIL,,dropped: employer point-of-contact personal details
2023,lca_2023q1.xlsx,EMPLOYER_POC_FIRST_NAME,,dropped: employer point-of-contact personal details
2023,lca_2023q1.xlsx,EMPLOYER_POC_JOB_TITLE,,dropped: employer point-of-contact personal details
2023,lca_2023q1.xlsx,EMPLOYER_POC_LAST_NAME,,dropped: employer point-of-contact personal details
2023,lca_2023q1.xlsx,EMPLOYER_POC_MIDDLE_NAME,,dropped: employer point-of-contact personal details
2023,lca_2023q1.xlsx,EMPLOYER_POC_PHONE,,dropped: employer point-of-contact personal details
2023,lca_2023q1.xlsx,EMPLOYER_POC_PHONE_EXT,,dropped: employer point-of-contact personal details
2023,lca_2023q1.xlsx,EMPLOYER_POC_POSTAL_CODE,,dropped: employer point-of-contact personal details
2023,lca_2023q1.xlsx,EMPLOYER_POC_PROVINCE,,dropped: employer point-of-contact personal details
2023,lca_2023q1.xlsx,EMPLOYER_POC_STATE,,dropped: employer point-of-contact personal details
2023,lca_2023q1.xlsx,EMPLOYER_PROVINCE,,dropped: non-US employer province
2023,lca_2023q1.xlsx,NAME_OF_HIGHEST_STATE_COURT,,dropped: attorney bar detail
2023,lca_2023q1.xlsx,PREPARER_BUSINESS_NAME,,dropped: form preparer personal details
2023,lca_2023q1.xlsx,PREPARER_EMAIL,,dropped: form preparer personal details
2023,lca_2023q1.xlsx,PREPARER_FIRST_NAME,,dropped: form preparer personal details
2023,lca_2023q1.xlsx,PREPARER_LAST_NAME,,dropped: form preparer personal details
2023,lca_2023q1.xlsx,PREPARER_MIDDLE_INITIAL,,dropped: form preparer personal details
2023,lca_2023q1.xlsx,PUBLIC_DISCLOSURE,,dropped: LCA attestation plumbing
2023,lca_2023q1.xlsx,PW_OTHER_YEAR,,dropped: prevailing wage survey detail
2023,lca_2023q1.xlsx,PW_SURVEY_NAME,,dropped: prevailing wage survey detail
2023,lca_2023q1.xlsx,PW_SURVEY_PUBLISHER,,dropped: prevailing wage survey detail
2023,lca_2023q1.xlsx,STATE_OF_HIGHEST_COURT,,dropped: attorney bar detail
2023,lca_2023q1.xlsx,WORKSITE_ADDRESS2,,dropped: secondary worksite/wage block (primary worksite only)
2023,lca_2023q2.xlsx,AGENT_REPRESENTING_EMPLOYER,agent_representing_employer,mapped
2023,lca_2023q2.xlsx,AMENDED_PETITION,amended_petition,mapped
2023,lca_2023q2.xlsx,LAWFIRM_NAME_BUSINESS_NAME,attorney_law_firm_name,mapped
2023,lca_2023q2.xlsx,CASE_NUMBER,case_number,mapped
2023,lca_2023q2.xlsx,CASE_STATUS,case_status,mapped
2023,lca_2023q2.xlsx,CHANGE_EMPLOYER,change_employer,mapped
2023,lca_2023q2.xlsx,CHANGE_PREVIOUS_EMPLOYMENT,change_previous_employment,mapped
2023,lca_2023q2.xlsx,CONTINUED_EMPLOYMENT,continued_employment,mapped
2023,lca_2023q2.xlsx,DECISION_DATE,decision_date,mapped
2023,lca_2023q2.xlsx,EMPLOYER_ADDRESS1,employer_address,mapped
2023,lca_2023q2.xlsx,EMPLOYER_CITY,employer_city,mapped
2023,lca_2023q2.xlsx,EMPLOYER_COUNTRY,employer_country,mapped
2023,lca_2023q2.xlsx,EMPLOYER_NAME,employer_name,mapped
2023,lca_2023q2.xlsx,EMPLOYER_POSTAL_CODE,employer_postal_code,mapped
2023,lca_2023q2.xlsx,EMPLOYER_STATE,employer_state,mapped
2023,lca_2023q2.xlsx,TRADE_NAME_DBA,employer_trade_name,mapped
2023,lca_2023q2.xlsx,BEGIN_DATE,employment_begin_date,mapped
2023,lca_2023q2.xlsx,END_DATE,employment_end_date,mapped
2023,lca_2023q2.xlsx,FULL_TIME_POSITION,full_time_position,mapped
2023,lca_2023q2.xlsx,H_1B_DEPENDENT,h1b_dependent,mapped
2023,lca_2023q2.xlsx,JOB_TITLE,job_title,mapped
2023,lca_2023q2.xlsx,NAICS_CODE,naics_id,mapped
2023,lca_2023q2.xlsx,NEW_CONCURRENT_EMPLOYMENT,new_concurrent_employment,mapped
2023,lca_2023q2.xlsx,NEW_EMPLOYMENT,new_employment,mapped
2023,lca_2023q2.xlsx,ORIGINAL_CERT_DATE,original_certification_date,mapped
2023,lca_2023q2.xlsx,PREVAILING_WAGE,prevailing_wage,mapped
2023,lca_2023q2.xlsx,PW_WAGE_LEVEL,prevailing_wage_level,mapped
2023,lca_2023q2.xlsx,PW_OTHER_SOURCE,prevailing_wage_source,mapped
2023,lca_2023q2.xlsx,PW_OES_YEAR,prevailing_wage_source_year,mapped
2023,lca_2023q2.xlsx,PW_TRACKING_NUMBER,prevailing_wage_tracking_number,mapped
2023,lca_2023q2.xlsx,PW_UNIT_OF_PAY,prevailing_wage_unit_of_pay,mapped
2023,lca_2023q2.xlsx,RECEIVED_DATE,received_date,mapped
2023,lca_2023q2.xlsx,SECONDARY_ENTITY,secondary_entity,mapped
2023,lca_2023q2.xlsx,SECONDARY_ENTITY_BUSINESS_NAME,secondary_entity_business_name,mapped
2023,lca_2023q2.xlsx,SOC_CODE,soc_id,mapped
2023,lca_2023q2.xlsx,SOC_TITLE,soc_title,mapped
2023,lca_2023q2.xlsx,STATUTORY_BASIS,statutory_basis,mapped
2023,lca_2023q2.xlsx,SUPPORT_H1B,support_h1b,mapped
2023,lca_2023q2.xlsx,TOTAL_WORKER_POSITIONS,total_workers,mapped
2023,lca_2023q2.xlsx,TOTAL_WORKSITE_LOCATIONS,total_worksite_locations,mapped
2023,lca_2023q2.xlsx,VISA_CLASS,visa_class,mapped
2023,lca_2023q2.xlsx,WAGE_RATE_OF_PAY_FROM,wage_offered_from,mapped
2023,lca_2023q2.xlsx,WAGE_RATE_OF_PAY_TO,wage_offered_to,mapped
2023,lca_2023q2.xlsx,WAGE_UNIT_OF_PAY,wage_unit_of_pay,mapped
2023,lca_2023q2.xlsx,WILLFUL_VIOLATOR,willful_violator,mapped
2023,lca_2023q2.xlsx,,withdrawn,absent this year
2023,lca_2023q2.xlsx,WORKSITE_ADDRESS1,worksite_address,mapped
2023,lca_2023q2.xlsx,WORKSITE_CITY,worksite_city,mapped
2023,lca_2023q2.xlsx,WORKSITE_COUNTY,worksite_county,mapped
2023,lca_2023q2.xlsx,WORKSITE_POSTAL_CODE,worksite_postal_code,mapped
2023,lca_2023q2.xlsx,WORKSITE_STATE,worksite_state,mapped
2023,lca_2023q2.xlsx,WORKSITE_WORKERS,worksite_workers,mapped
2023,lca_2023q2.xlsx,AGENT_ATTORNEY_ADDRESS1,,dropped: attorney/agent personal details
2023,lca_2023q2.xlsx,AGENT_ATTORNEY_ADDRESS2,,dropped: attorney/agent personal details
2023,lca_2023q2.xlsx,AGENT_ATTORNEY_CITY,,dropped: attorney/agent personal details
2023,lca_2023q2.xlsx,AGENT_ATTORNEY_COUNTRY,,dropped: attorney/agent personal details
2023,lca_2023q2.xlsx,AGENT_ATTORNEY_EMAIL_ADDRESS,,dropped: attorney/agent personal details
2023,lca_2023q2.xlsx,AGENT_ATTORNEY_FIRST_NAME,,dropped: attorney/agent personal details
2023,lca_2023q2.xlsx,AGENT_ATTORNEY_LAST_NAME,,dropped: attorney/agent personal details
2023,lca_2023q2.xlsx,AGENT_ATTORNEY_MIDDLE_NAME,,dropped: attorney/agent personal details
2023,lca_2023q2.xlsx,AGENT_ATTORNEY_PHONE,,dropped: attorney/agent personal details
2023,lca_2023q2.xlsx,AGENT_ATTORNEY_PHONE_EXT,,dropped: attorney/agent personal details
2023,lca_2023q2.xlsx,AGENT_ATTORNEY_POSTAL_CODE,,dropped: attorney/agent personal details
2023,lca_2023q2.xlsx,AGENT_ATTORNEY_PROVINCE,,dropped: attorney/agent personal details
2023,lca_2023q2.xlsx,AGENT_ATTORNEY_STATE,,dropped: attorney/agent personal details
2023,lca_2023q2.xlsx,AGREE_TO_LC_STATEMENT,,dropped: LCA attestation plumbing
2023,lca_2023q2.xlsx,APPENDIX_A_ATTACHED,,dropped: form attachment flag
2023,lca_2023q2.xlsx,EMPLOYER_ADDRESS2,,dropped: secondary worksite/wage block (primary worksite only)
2023,lca_2023q2.xlsx,EMPLOYER_PHONE,,dropped: phone / employer identifier
2023,lca_2023q2.xlsx,EMPLOYER_PHONE_EXT,,dropped: phone / employer identifier
2023,lca_2023q2.xlsx,EMPLOYER_POC_ADDRESS1,,dropped: employer point-of-contact personal details
2023,lca_2023q2.xlsx,EMPLOYER_POC_ADDRESS2,,dropped: employer point-of-contact personal details
2023,lca_2023q2.xlsx,EMPLOYER_POC_CITY,,dropped: employer point-of-contact personal details
2023,lca_2023q2.xlsx,EMPLOYER_POC_COUNTRY,,dropped: employer point-of-contact personal details
2023,lca_2023q2.xlsx,EMPLOYER_POC_EMAIL,,dropped: employer point-of-contact personal details
2023,lca_2023q2.xlsx,EMPLOYER_POC_FIRST_NAME,,dropped: employer point-of-contact personal details
2023,lca_2023q2.xlsx,EMPLOYER_POC_JOB_TITLE,,dropped: employer point-of-contact personal details
2023,lca_2023q2.xlsx,EMPLOYER_POC_LAST_NAME,,dropped: employer point-of-contact personal details
2023,lca_2023q2.xlsx,EMPLOYER_POC_MIDDLE_NAME,,dropped: employer point-of-contact personal details
2023,lca_2023q2.xlsx,EMPLOYER_POC_PHONE,,dropped: employer point-of-contact personal details
2023,lca_2023q2.xlsx,EMPLOYER_POC_PHONE_EXT,,dropped: employer point-of-contact personal details
2023,lca_2023q2.xlsx,EMPLOYER_POC_POSTAL_CODE,,dropped: employer point-of-contact personal details
2023,lca_2023q2.xlsx,EMPLOYER_POC_PROVINCE,,dropped: employer point-of-contact personal details
2023,lca_2023q2.xlsx,EMPLOYER_POC_STATE,,dropped: employer point-of-contact personal details
2023,lca_2023q2.xlsx,EMPLOYER_PROVINCE,,dropped: non-US employer province
2023,lca_2023q2.xlsx,NAME_OF_HIGHEST_STATE_COURT,,dropped: attorney bar detail
2023,lca_2023q2.xlsx,PREPARER_BUSINESS_NAME,,dropped: form preparer personal details
2023,lca_2023q2.xlsx,PREPARER_EMAIL,,dropped: form preparer personal details
2023,lca_2023q2.xlsx,PREPARER_FIRST_NAME,,dropped: form preparer personal details
2023,lca_2023q2.xlsx,PREPARER_LAST_NAME,,dropped: form preparer personal details
2023,lca_2023q2.xlsx,PREPARER_MIDDLE_INITIAL,,dropped: form preparer personal details
2023,lca_2023q2.xlsx,PUBLIC_DISCLOSURE,,dropped: LCA attestation plumbing
2023,lca_2023q2.xlsx,PW_OTHER_YEAR,,dropped: prevailing wage survey detail
2023,lca_2023q2.xlsx,PW_SURVEY_NAME,,dropped: prevailing wage survey detail
2023,lca_2023q2.xlsx,PW_SURVEY_PUBLISHER,,dropped: prevailing wage survey detail
2023,lca_2023q2.xlsx,STATE_OF_HIGHEST_COURT,,dropped: attorney bar detail
2023,lca_2023q2.xlsx,WORKSITE_ADDRESS2,,dropped: secondary worksite/wage block (primary worksite only)
2023,lca_2023q3.xlsx,AGENT_REPRESENTING_EMPLOYER,agent_representing_employer,mapped
2023,lca_2023q3.xlsx,AMENDED_PETITION,amended_petition,mapped
2023,lca_2023q3.xlsx,LAWFIRM_NAME_BUSINESS_NAME,attorney_law_firm_name,mapped
2023,lca_2023q3.xlsx,CASE_NUMBER,case_number,mapped
2023,lca_2023q3.xlsx,CASE_STATUS,case_status,mapped
2023,lca_2023q3.xlsx,CHANGE_EMPLOYER,change_employer,mapped
2023,lca_2023q3.xlsx,CHANGE_PREVIOUS_EMPLOYMENT,change_previous_employment,mapped
2023,lca_2023q3.xlsx,CONTINUED_EMPLOYMENT,continued_employment,mapped
2023,lca_2023q3.xlsx,DECISION_DATE,decision_date,mapped
2023,lca_2023q3.xlsx,EMPLOYER_ADDRESS1,employer_address,mapped
2023,lca_2023q3.xlsx,EMPLOYER_CITY,employer_city,mapped
2023,lca_2023q3.xlsx,EMPLOYER_COUNTRY,employer_country,mapped
2023,lca_2023q3.xlsx,EMPLOYER_NAME,employer_name,mapped
2023,lca_2023q3.xlsx,EMPLOYER_POSTAL_CODE,employer_postal_code,mapped
2023,lca_2023q3.xlsx,EMPLOYER_STATE,employer_state,mapped
2023,lca_2023q3.xlsx,TRADE_NAME_DBA,employer_trade_name,mapped
2023,lca_2023q3.xlsx,BEGIN_DATE,employment_begin_date,mapped
2023,lca_2023q3.xlsx,END_DATE,employment_end_date,mapped
2023,lca_2023q3.xlsx,FULL_TIME_POSITION,full_time_position,mapped
2023,lca_2023q3.xlsx,H_1B_DEPENDENT,h1b_dependent,mapped
2023,lca_2023q3.xlsx,JOB_TITLE,job_title,mapped
2023,lca_2023q3.xlsx,NAICS_CODE,naics_id,mapped
2023,lca_2023q3.xlsx,NEW_CONCURRENT_EMPLOYMENT,new_concurrent_employment,mapped
2023,lca_2023q3.xlsx,NEW_EMPLOYMENT,new_employment,mapped
2023,lca_2023q3.xlsx,ORIGINAL_CERT_DATE,original_certification_date,mapped
2023,lca_2023q3.xlsx,PREVAILING_WAGE,prevailing_wage,mapped
2023,lca_2023q3.xlsx,PW_WAGE_LEVEL,prevailing_wage_level,mapped
2023,lca_2023q3.xlsx,PW_OTHER_SOURCE,prevailing_wage_source,mapped
2023,lca_2023q3.xlsx,PW_OES_YEAR,prevailing_wage_source_year,mapped
2023,lca_2023q3.xlsx,PW_TRACKING_NUMBER,prevailing_wage_tracking_number,mapped
2023,lca_2023q3.xlsx,PW_UNIT_OF_PAY,prevailing_wage_unit_of_pay,mapped
2023,lca_2023q3.xlsx,RECEIVED_DATE,received_date,mapped
2023,lca_2023q3.xlsx,SECONDARY_ENTITY,secondary_entity,mapped
2023,lca_2023q3.xlsx,SECONDARY_ENTITY_BUSINESS_NAME,secondary_entity_business_name,mapped
2023,lca_2023q3.xlsx,SOC_CODE,soc_id,mapped
2023,lca_2023q3.xlsx,SOC_TITLE,soc_title,mapped
2023,lca_2023q3.xlsx,STATUTORY_BASIS,statutory_basis,mapped
2023,lca_2023q3.xlsx,SUPPORT_H1B,support_h1b,mapped
2023,lca_2023q3.xlsx,TOTAL_WORKER_POSITIONS,total_workers,mapped
2023,lca_2023q3.xlsx,TOTAL_WORKSITE_LOCATIONS,total_worksite_locations,mapped
2023,lca_2023q3.xlsx,VISA_CLASS,visa_class,mapped
2023,lca_2023q3.xlsx,WAGE_RATE_OF_PAY_FROM,wage_offered_from,mapped
2023,lca_2023q3.xlsx,WAGE_RATE_OF_PAY_TO,wage_offered_to,mapped
2023,lca_2023q3.xlsx,WAGE_UNIT_OF_PAY,wage_unit_of_pay,mapped
2023,lca_2023q3.xlsx,WILLFUL_VIOLATOR,willful_violator,mapped
2023,lca_2023q3.xlsx,,withdrawn,absent this year
2023,lca_2023q3.xlsx,WORKSITE_ADDRESS1,worksite_address,mapped
2023,lca_2023q3.xlsx,WORKSITE_CITY,worksite_city,mapped
2023,lca_2023q3.xlsx,WORKSITE_COUNTY,worksite_county,mapped
2023,lca_2023q3.xlsx,WORKSITE_POSTAL_CODE,worksite_postal_code,mapped
2023,lca_2023q3.xlsx,WORKSITE_STATE,worksite_state,mapped
2023,lca_2023q3.xlsx,WORKSITE_WORKERS,worksite_workers,mapped
2023,lca_2023q3.xlsx,AGENT_ATTORNEY_ADDRESS1,,dropped: attorney/agent personal details
2023,lca_2023q3.xlsx,AGENT_ATTORNEY_ADDRESS2,,dropped: attorney/agent personal details
2023,lca_2023q3.xlsx,AGENT_ATTORNEY_CITY,,dropped: attorney/agent personal details
2023,lca_2023q3.xlsx,AGENT_ATTORNEY_COUNTRY,,dropped: attorney/agent personal details
2023,lca_2023q3.xlsx,AGENT_ATTORNEY_EMAIL_ADDRESS,,dropped: attorney/agent personal details
2023,lca_2023q3.xlsx,AGENT_ATTORNEY_FIRST_NAME,,dropped: attorney/agent personal details
2023,lca_2023q3.xlsx,AGENT_ATTORNEY_LAST_NAME,,dropped: attorney/agent personal details
2023,lca_2023q3.xlsx,AGENT_ATTORNEY_MIDDLE_NAME,,dropped: attorney/agent personal details
2023,lca_2023q3.xlsx,AGENT_ATTORNEY_PHONE,,dropped: attorney/agent personal details
2023,lca_2023q3.xlsx,AGENT_ATTORNEY_PHONE_EXT,,dropped: attorney/agent personal details
2023,lca_2023q3.xlsx,AGENT_ATTORNEY_POSTAL_CODE,,dropped: attorney/agent personal details
2023,lca_2023q3.xlsx,AGENT_ATTORNEY_PROVINCE,,dropped: attorney/agent personal details
2023,lca_2023q3.xlsx,AGENT_ATTORNEY_STATE,,dropped: attorney/agent personal details
2023,lca_2023q3.xlsx,AGREE_TO_LC_STATEMENT,,dropped: LCA attestation plumbing
2023,lca_2023q3.xlsx,APPENDIX_A_ATTACHED,,dropped: form attachment flag
2023,lca_2023q3.xlsx,EMPLOYER_ADDRESS2,,dropped: secondary worksite/wage block (primary worksite only)
2023,lca_2023q3.xlsx,EMPLOYER_PHONE,,dropped: phone / employer identifier
2023,lca_2023q3.xlsx,EMPLOYER_PHONE_EXT,,dropped: phone / employer identifier
2023,lca_2023q3.xlsx,EMPLOYER_POC_ADDRESS1,,dropped: employer point-of-contact personal details
2023,lca_2023q3.xlsx,EMPLOYER_POC_ADDRESS2,,dropped: employer point-of-contact personal details
2023,lca_2023q3.xlsx,EMPLOYER_POC_CITY,,dropped: employer point-of-contact personal details
2023,lca_2023q3.xlsx,EMPLOYER_POC_COUNTRY,,dropped: employer point-of-contact personal details
2023,lca_2023q3.xlsx,EMPLOYER_POC_EMAIL,,dropped: employer point-of-contact personal details
2023,lca_2023q3.xlsx,EMPLOYER_POC_FIRST_NAME,,dropped: employer point-of-contact personal details
2023,lca_2023q3.xlsx,EMPLOYER_POC_JOB_TITLE,,dropped: employer point-of-contact personal details
2023,lca_2023q3.xlsx,EMPLOYER_POC_LAST_NAME,,dropped: employer point-of-contact personal details
2023,lca_2023q3.xlsx,EMPLOYER_POC_MIDDLE_NAME,,dropped: employer point-of-contact personal details
2023,lca_2023q3.xlsx,EMPLOYER_POC_PHONE,,dropped: employer point-of-contact personal details
2023,lca_2023q3.xlsx,EMPLOYER_POC_PHONE_EXT,,dropped: employer point-of-contact personal details
2023,lca_2023q3.xlsx,EMPLOYER_POC_POSTAL_CODE,,dropped: employer point-of-contact personal details
2023,lca_2023q3.xlsx,EMPLOYER_POC_PROVINCE,,dropped: employer point-of-contact personal details
2023,lca_2023q3.xlsx,EMPLOYER_POC_STATE,,dropped: employer point-of-contact personal details
2023,lca_2023q3.xlsx,EMPLOYER_PROVINCE,,dropped: non-US employer province
2023,lca_2023q3.xlsx,NAME_OF_HIGHEST_STATE_COURT,,dropped: attorney bar detail
2023,lca_2023q3.xlsx,PREPARER_BUSINESS_NAME,,dropped: form preparer personal details
2023,lca_2023q3.xlsx,PREPARER_EMAIL,,dropped: form preparer personal details
2023,lca_2023q3.xlsx,PREPARER_FIRST_NAME,,dropped: form preparer personal details
2023,lca_2023q3.xlsx,PREPARER_LAST_NAME,,dropped: form preparer personal details
2023,lca_2023q3.xlsx,PREPARER_MIDDLE_INITIAL,,dropped: form preparer personal details
2023,lca_2023q3.xlsx,PUBLIC_DISCLOSURE,,dropped: LCA attestation plumbing
2023,lca_2023q3.xlsx,PW_OTHER_YEAR,,dropped: prevailing wage survey detail
2023,lca_2023q3.xlsx,PW_SURVEY_NAME,,dropped: prevailing wage survey detail
2023,lca_2023q3.xlsx,PW_SURVEY_PUBLISHER,,dropped: prevailing wage survey detail
2023,lca_2023q3.xlsx,STATE_OF_HIGHEST_COURT,,dropped: attorney bar detail
2023,lca_2023q3.xlsx,WORKSITE_ADDRESS2,,dropped: secondary worksite/wage block (primary worksite only)
2024,lca_2024.xlsx,AGENT_REPRESENTING_EMPLOYER,agent_representing_employer,mapped
2024,lca_2024.xlsx,AMENDED_PETITION,amended_petition,mapped
2024,lca_2024.xlsx,LAWFIRM_NAME_BUSINESS_NAME,attorney_law_firm_name,mapped
2024,lca_2024.xlsx,CASE_NUMBER,case_number,mapped
2024,lca_2024.xlsx,CASE_STATUS,case_status,mapped
2024,lca_2024.xlsx,CHANGE_EMPLOYER,change_employer,mapped
2024,lca_2024.xlsx,CHANGE_PREVIOUS_EMPLOYMENT,change_previous_employment,mapped
2024,lca_2024.xlsx,CONTINUED_EMPLOYMENT,continued_employment,mapped
2024,lca_2024.xlsx,DECISION_DATE,decision_date,mapped
2024,lca_2024.xlsx,EMPLOYER_ADDRESS1,employer_address,mapped
2024,lca_2024.xlsx,EMPLOYER_CITY,employer_city,mapped
2024,lca_2024.xlsx,EMPLOYER_COUNTRY,employer_country,mapped
2024,lca_2024.xlsx,EMPLOYER_NAME,employer_name,mapped
2024,lca_2024.xlsx,EMPLOYER_POSTAL_CODE,employer_postal_code,mapped
2024,lca_2024.xlsx,EMPLOYER_STATE,employer_state,mapped
2024,lca_2024.xlsx,TRADE_NAME_DBA,employer_trade_name,mapped
2024,lca_2024.xlsx,BEGIN_DATE,employment_begin_date,mapped
2024,lca_2024.xlsx,END_DATE,employment_end_date,mapped
2024,lca_2024.xlsx,FULL_TIME_POSITION,full_time_position,mapped
2024,lca_2024.xlsx,H_1B_DEPENDENT,h1b_dependent,mapped
2024,lca_2024.xlsx,JOB_TITLE,job_title,mapped
2024,lca_2024.xlsx,NAICS_CODE,naics_id,mapped
2024,lca_2024.xlsx,NEW_CONCURRENT_EMPLOYMENT,new_concurrent_employment,mapped
2024,lca_2024.xlsx,NEW_EMPLOYMENT,new_employment,mapped
2024,lca_2024.xlsx,ORIGINAL_CERT_DATE,original_certification_date,mapped
2024,lca_2024.xlsx,PREVAILING_WAGE,prevailing_wage,mapped
2024,lca_2024.xlsx,PW_WAGE_LEVEL,prevailing_wage_level,mapped
2024,lca_2024.xlsx,PW_OTHER_SOURCE,prevailing_wage_source,mapped
2024,lca_2024.xlsx,PW_OES_YEAR,prevailing_wage_source_year,mapped
2024,lca_2024.xlsx,PW_TRACKING_NUMBER,prevailing_wage_tracking_number,mapped
2024,lca_2024.xlsx,PW_UNIT_OF_PAY,prevailing_wage_unit_of_pay,mapped
2024,lca_2024.xlsx,RECEIVED_DATE,received_date,mapped
2024,lca_2024.xlsx,SECONDARY_ENTITY,secondary_entity,mapped
2024,lca_2024.xlsx,SECONDARY_ENTITY_BUSINESS_NAME,secondary_entity_business_name,mapped
2024,lca_2024.xlsx,SOC_CODE,soc_id,mapped
2024,lca_2024.xlsx,SOC_TITLE,soc_title,mapped
2024,lca_2024.xlsx,STATUTORY_BASIS,statutory_basis,mapped
2024,lca_2024.xlsx,SUPPORT_H1B,support_h1b,mapped
2024,lca_2024.xlsx,TOTAL_WORKER_POSITIONS,total_workers,mapped
2024,lca_2024.xlsx,TOTAL_WORKSITE_LOCATIONS,total_worksite_locations,mapped
2024,lca_2024.xlsx,VISA_CLASS,visa_class,mapped
2024,lca_2024.xlsx,WAGE_RATE_OF_PAY_FROM,wage_offered_from,mapped
2024,lca_2024.xlsx,WAGE_RATE_OF_PAY_TO,wage_offered_to,mapped
2024,lca_2024.xlsx,WAGE_UNIT_OF_PAY,wage_unit_of_pay,mapped
2024,lca_2024.xlsx,WILLFUL_VIOLATOR,willful_violator,mapped
2024,lca_2024.xlsx,,withdrawn,absent this year
2024,lca_2024.xlsx,WORKSITE_ADDRESS1,worksite_address,mapped
2024,lca_2024.xlsx,WORKSITE_CITY,worksite_city,mapped
2024,lca_2024.xlsx,WORKSITE_COUNTY,worksite_county,mapped
2024,lca_2024.xlsx,WORKSITE_POSTAL_CODE,worksite_postal_code,mapped
2024,lca_2024.xlsx,WORKSITE_STATE,worksite_state,mapped
2024,lca_2024.xlsx,WORKSITE_WORKERS,worksite_workers,mapped
2024,lca_2024.xlsx,AGENT_ATTORNEY_ADDRESS1,,dropped: attorney/agent personal details
2024,lca_2024.xlsx,AGENT_ATTORNEY_ADDRESS2,,dropped: attorney/agent personal details
2024,lca_2024.xlsx,AGENT_ATTORNEY_CITY,,dropped: attorney/agent personal details
2024,lca_2024.xlsx,AGENT_ATTORNEY_COUNTRY,,dropped: attorney/agent personal details
2024,lca_2024.xlsx,AGENT_ATTORNEY_EMAIL_ADDRESS,,dropped: attorney/agent personal details
2024,lca_2024.xlsx,AGENT_ATTORNEY_FIRST_NAME,,dropped: attorney/agent personal details
2024,lca_2024.xlsx,AGENT_ATTORNEY_LAST_NAME,,dropped: attorney/agent personal details
2024,lca_2024.xlsx,AGENT_ATTORNEY_MIDDLE_NAME,,dropped: attorney/agent personal details
2024,lca_2024.xlsx,AGENT_ATTORNEY_PHONE,,dropped: attorney/agent personal details
2024,lca_2024.xlsx,AGENT_ATTORNEY_PHONE_EXT,,dropped: attorney/agent personal details
2024,lca_2024.xlsx,AGENT_ATTORNEY_POSTAL_CODE,,dropped: attorney/agent personal details
2024,lca_2024.xlsx,AGENT_ATTORNEY_PROVINCE,,dropped: attorney/agent personal details
2024,lca_2024.xlsx,AGENT_ATTORNEY_STATE,,dropped: attorney/agent personal details
2024,lca_2024.xlsx,AGREE_TO_LC_STATEMENT,,dropped: LCA attestation plumbing
2024,lca_2024.xlsx,APPENDIX_A_ATTACHED,,dropped: form attachment flag
2024,lca_2024.xlsx,EMPLOYER_ADDRESS2,,dropped: secondary worksite/wage block (primary worksite only)
2024,lca_2024.xlsx,EMPLOYER_FEIN,,dropped: phone / employer identifier
2024,lca_2024.xlsx,EMPLOYER_PHONE,,dropped: phone / employer identifier
2024,lca_2024.xlsx,EMPLOYER_PHONE_EXT,,dropped: phone / employer identifier
2024,lca_2024.xlsx,EMPLOYER_POC_ADDRESS1,,dropped: employer point-of-contact personal details
2024,lca_2024.xlsx,EMPLOYER_POC_ADDRESS2,,dropped: employer point-of-contact personal details
2024,lca_2024.xlsx,EMPLOYER_POC_CITY,,dropped: employer point-of-contact personal details
2024,lca_2024.xlsx,EMPLOYER_POC_COUNTRY,,dropped: employer point-of-contact personal details
2024,lca_2024.xlsx,EMPLOYER_POC_EMAIL,,dropped: employer point-of-contact personal details
2024,lca_2024.xlsx,EMPLOYER_POC_FIRST_NAME,,dropped: employer point-of-contact personal details
2024,lca_2024.xlsx,EMPLOYER_POC_JOB_TITLE,,dropped: employer point-of-contact personal details
2024,lca_2024.xlsx,EMPLOYER_POC_LAST_NAME,,dropped: employer point-of-contact personal details
2024,lca_2024.xlsx,EMPLOYER_POC_MIDDLE_NAME,,dropped: employer point-of-contact personal details
2024,lca_2024.xlsx,EMPLOYER_POC_PHONE,,dropped: employer point-of-contact personal details
2024,lca_2024.xlsx,EMPLOYER_POC_PHONE_EXT,,dropped: employer point-of-contact personal details
2024,lca_2024.xlsx,EMPLOYER_POC_POSTAL_CODE,,dropped: employer point-of-contact personal details
2024,lca_2024.xlsx,EMPLOYER_POC_PROVINCE,,dropped: employer point-of-contact personal details
2024,lca_2024.xlsx,EMPLOYER_POC_STATE,,dropped: employer point-of-contact personal details
2024,lca_2024.xlsx,EMPLOYER_PROVINCE,,dropped: non-US employer province
2024,lca_2024.xlsx,NAME_OF_HIGHEST_STATE_COURT,,dropped: attorney bar detail
2024,lca_2024.xlsx,PREPARER_BUSINESS_NAME,,dropped: form preparer personal details
2024,lca_2024.xlsx,PREPARER_EMAIL,,dropped: form preparer personal details
2024,lca_2024.xlsx,PREPARER_FIRST_NAME,,dropped: form preparer personal details
2024,lca_2024.xlsx,PREPARER_LAST_NAME,,dropped: form preparer personal details
2024,lca_2024.xlsx,PREPARER_MIDDLE_INITIAL,,dropped: form preparer personal details
2024,lca_2024.xlsx,PUBLIC_DISCLOSURE,,dropped: LCA attestation plumbing
2024,lca_2024.xlsx,PW_OTHER_YEAR,,dropped: prevailing wage survey detail
2024,lca_2024.xlsx,PW_SURVEY_NAME,,dropped: prevailing wage survey detail
2024,lca_2024.xlsx,PW_SURVEY_PUBLISHER,,dropped: prevailing wage survey detail
2024,lca_2024.xlsx,STATE_OF_HIGHEST_COURT,,dropped: attorney bar detail
2024,lca_2024.xlsx,WORKSITE_ADDRESS2,,dropped: secondary worksite/wage block (primary worksite only)
2024,lca_2024q1.xlsx,AGENT_REPRESENTING_EMPLOYER,agent_representing_employer,mapped
2024,lca_2024q1.xlsx,AMENDED_PETITION,amended_petition,mapped
2024,lca_2024q1.xlsx,LAWFIRM_NAME_BUSINESS_NAME,attorney_law_firm_name,mapped
2024,lca_2024q1.xlsx,CASE_NUMBER,case_number,mapped
2024,lca_2024q1.xlsx,CASE_STATUS,case_status,mapped
2024,lca_2024q1.xlsx,CHANGE_EMPLOYER,change_employer,mapped
2024,lca_2024q1.xlsx,CHANGE_PREVIOUS_EMPLOYMENT,change_previous_employment,mapped
2024,lca_2024q1.xlsx,CONTINUED_EMPLOYMENT,continued_employment,mapped
2024,lca_2024q1.xlsx,DECISION_DATE,decision_date,mapped
2024,lca_2024q1.xlsx,EMPLOYER_ADDRESS1,employer_address,mapped
2024,lca_2024q1.xlsx,EMPLOYER_CITY,employer_city,mapped
2024,lca_2024q1.xlsx,EMPLOYER_COUNTRY,employer_country,mapped
2024,lca_2024q1.xlsx,EMPLOYER_NAME,employer_name,mapped
2024,lca_2024q1.xlsx,EMPLOYER_POSTAL_CODE,employer_postal_code,mapped
2024,lca_2024q1.xlsx,EMPLOYER_STATE,employer_state,mapped
2024,lca_2024q1.xlsx,TRADE_NAME_DBA,employer_trade_name,mapped
2024,lca_2024q1.xlsx,BEGIN_DATE,employment_begin_date,mapped
2024,lca_2024q1.xlsx,END_DATE,employment_end_date,mapped
2024,lca_2024q1.xlsx,FULL_TIME_POSITION,full_time_position,mapped
2024,lca_2024q1.xlsx,H_1B_DEPENDENT,h1b_dependent,mapped
2024,lca_2024q1.xlsx,JOB_TITLE,job_title,mapped
2024,lca_2024q1.xlsx,NAICS_CODE,naics_id,mapped
2024,lca_2024q1.xlsx,NEW_CONCURRENT_EMPLOYMENT,new_concurrent_employment,mapped
2024,lca_2024q1.xlsx,NEW_EMPLOYMENT,new_employment,mapped
2024,lca_2024q1.xlsx,ORIGINAL_CERT_DATE,original_certification_date,mapped
2024,lca_2024q1.xlsx,PREVAILING_WAGE,prevailing_wage,mapped
2024,lca_2024q1.xlsx,PW_WAGE_LEVEL,prevailing_wage_level,mapped
2024,lca_2024q1.xlsx,PW_OTHER_SOURCE,prevailing_wage_source,mapped
2024,lca_2024q1.xlsx,PW_OES_YEAR,prevailing_wage_source_year,mapped
2024,lca_2024q1.xlsx,PW_TRACKING_NUMBER,prevailing_wage_tracking_number,mapped
2024,lca_2024q1.xlsx,PW_UNIT_OF_PAY,prevailing_wage_unit_of_pay,mapped
2024,lca_2024q1.xlsx,RECEIVED_DATE,received_date,mapped
2024,lca_2024q1.xlsx,SECONDARY_ENTITY,secondary_entity,mapped
2024,lca_2024q1.xlsx,SECONDARY_ENTITY_BUSINESS_NAME,secondary_entity_business_name,mapped
2024,lca_2024q1.xlsx,SOC_CODE,soc_id,mapped
2024,lca_2024q1.xlsx,SOC_TITLE,soc_title,mapped
2024,lca_2024q1.xlsx,STATUTORY_BASIS,statutory_basis,mapped
2024,lca_2024q1.xlsx,SUPPORT_H1B,support_h1b,mapped
2024,lca_2024q1.xlsx,TOTAL_WORKER_POSITIONS,total_workers,mapped
2024,lca_2024q1.xlsx,TOTAL_WORKSITE_LOCATIONS,total_worksite_locations,mapped
2024,lca_2024q1.xlsx,VISA_CLASS,visa_class,mapped
2024,lca_2024q1.xlsx,WAGE_RATE_OF_PAY_FROM,wage_offered_from,mapped
2024,lca_2024q1.xlsx,WAGE_RATE_OF_PAY_TO,wage_offered_to,mapped
2024,lca_2024q1.xlsx,WAGE_UNIT_OF_PAY,wage_unit_of_pay,mapped
2024,lca_2024q1.xlsx,WILLFUL_VIOLATOR,willful_violator,mapped
2024,lca_2024q1.xlsx,,withdrawn,absent this year
2024,lca_2024q1.xlsx,WORKSITE_ADDRESS1,worksite_address,mapped
2024,lca_2024q1.xlsx,WORKSITE_CITY,worksite_city,mapped
2024,lca_2024q1.xlsx,WORKSITE_COUNTY,worksite_county,mapped
2024,lca_2024q1.xlsx,WORKSITE_POSTAL_CODE,worksite_postal_code,mapped
2024,lca_2024q1.xlsx,WORKSITE_STATE,worksite_state,mapped
2024,lca_2024q1.xlsx,WORKSITE_WORKERS,worksite_workers,mapped
2024,lca_2024q1.xlsx,AGENT_ATTORNEY_ADDRESS1,,dropped: attorney/agent personal details
2024,lca_2024q1.xlsx,AGENT_ATTORNEY_ADDRESS2,,dropped: attorney/agent personal details
2024,lca_2024q1.xlsx,AGENT_ATTORNEY_CITY,,dropped: attorney/agent personal details
2024,lca_2024q1.xlsx,AGENT_ATTORNEY_COUNTRY,,dropped: attorney/agent personal details
2024,lca_2024q1.xlsx,AGENT_ATTORNEY_EMAIL_ADDRESS,,dropped: attorney/agent personal details
2024,lca_2024q1.xlsx,AGENT_ATTORNEY_FIRST_NAME,,dropped: attorney/agent personal details
2024,lca_2024q1.xlsx,AGENT_ATTORNEY_LAST_NAME,,dropped: attorney/agent personal details
2024,lca_2024q1.xlsx,AGENT_ATTORNEY_MIDDLE_NAME,,dropped: attorney/agent personal details
2024,lca_2024q1.xlsx,AGENT_ATTORNEY_PHONE,,dropped: attorney/agent personal details
2024,lca_2024q1.xlsx,AGENT_ATTORNEY_PHONE_EXT,,dropped: attorney/agent personal details
2024,lca_2024q1.xlsx,AGENT_ATTORNEY_POSTAL_CODE,,dropped: attorney/agent personal details
2024,lca_2024q1.xlsx,AGENT_ATTORNEY_PROVINCE,,dropped: attorney/agent personal details
2024,lca_2024q1.xlsx,AGENT_ATTORNEY_STATE,,dropped: attorney/agent personal details
2024,lca_2024q1.xlsx,AGREE_TO_LC_STATEMENT,,dropped: LCA attestation plumbing
2024,lca_2024q1.xlsx,APPENDIX_A_ATTACHED,,dropped: form attachment flag
2024,lca_2024q1.xlsx,EMPLOYER_ADDRESS2,,dropped: secondary worksite/wage block (primary worksite only)
2024,lca_2024q1.xlsx,EMPLOYER_FEIN,,dropped: phone / employer identifier
2024,lca_2024q1.xlsx,EMPLOYER_PHONE,,dropped: phone / employer identifier
2024,lca_2024q1.xlsx,EMPLOYER_PHONE_EXT,,dropped: phone / employer identifier
2024,lca_2024q1.xlsx,EMPLOYER_POC_ADDRESS1,,dropped: employer point-of-contact personal details
2024,lca_2024q1.xlsx,EMPLOYER_POC_ADDRESS2,,dropped: employer point-of-contact personal details
2024,lca_2024q1.xlsx,EMPLOYER_POC_CITY,,dropped: employer point-of-contact personal details
2024,lca_2024q1.xlsx,EMPLOYER_POC_COUNTRY,,dropped: employer point-of-contact personal details
2024,lca_2024q1.xlsx,EMPLOYER_POC_EMAIL,,dropped: employer point-of-contact personal details
2024,lca_2024q1.xlsx,EMPLOYER_POC_FIRST_NAME,,dropped: employer point-of-contact personal details
2024,lca_2024q1.xlsx,EMPLOYER_POC_JOB_TITLE,,dropped: employer point-of-contact personal details
2024,lca_2024q1.xlsx,EMPLOYER_POC_LAST_NAME,,dropped: employer point-of-contact personal details
2024,lca_2024q1.xlsx,EMPLOYER_POC_MIDDLE_NAME,,dropped: employer point-of-contact personal details
2024,lca_2024q1.xlsx,EMPLOYER_POC_PHONE,,dropped: employer point-of-contact personal details
2024,lca_2024q1.xlsx,EMPLOYER_POC_PHONE_EXT,,dropped: employer point-of-contact personal details
2024,lca_2024q1.xlsx,EMPLOYER_POC_POSTAL_CODE,,dropped: employer point-of-contact personal details
2024,lca_2024q1.xlsx,EMPLOYER_POC_PROVINCE,,dropped: employer point-of-contact personal details
2024,lca_2024q1.xlsx,EMPLOYER_POC_STATE,,dropped: employer point-of-contact personal details
2024,lca_2024q1.xlsx,EMPLOYER_PROVINCE,,dropped: non-US employer province
2024,lca_2024q1.xlsx,NAME_OF_HIGHEST_STATE_COURT,,dropped: attorney bar detail
2024,lca_2024q1.xlsx,PREPARER_BUSINESS_NAME,,dropped: form preparer personal details
2024,lca_2024q1.xlsx,PREPARER_EMAIL,,dropped: form preparer personal details
2024,lca_2024q1.xlsx,PREPARER_FIRST_NAME,,dropped: form preparer personal details
2024,lca_2024q1.xlsx,PREPARER_LAST_NAME,,dropped: form preparer personal details
2024,lca_2024q1.xlsx,PREPARER_MIDDLE_INITIAL,,dropped: form preparer personal details
2024,lca_2024q1.xlsx,PUBLIC_DISCLOSURE,,dropped: LCA attestation plumbing
2024,lca_2024q1.xlsx,PW_OTHER_YEAR,,dropped: prevailing wage survey detail
2024,lca_2024q1.xlsx,PW_SURVEY_NAME,,dropped: prevailing wage survey detail
2024,lca_2024q1.xlsx,PW_SURVEY_PUBLISHER,,dropped: prevailing wage survey detail
2024,lca_2024q1.xlsx,STATE_OF_HIGHEST_COURT,,dropped: attorney bar detail
2024,lca_2024q1.xlsx,WORKSITE_ADDRESS2,,dropped: secondary worksite/wage block (primary worksite only)
2024,lca_2024q2.xlsx,AGENT_REPRESENTING_EMPLOYER,agent_representing_employer,mapped
2024,lca_2024q2.xlsx,AMENDED_PETITION,amended_petition,mapped
2024,lca_2024q2.xlsx,LAWFIRM_NAME_BUSINESS_NAME,attorney_law_firm_name,mapped
2024,lca_2024q2.xlsx,CASE_NUMBER,case_number,mapped
2024,lca_2024q2.xlsx,CASE_STATUS,case_status,mapped
2024,lca_2024q2.xlsx,CHANGE_EMPLOYER,change_employer,mapped
2024,lca_2024q2.xlsx,CHANGE_PREVIOUS_EMPLOYMENT,change_previous_employment,mapped
2024,lca_2024q2.xlsx,CONTINUED_EMPLOYMENT,continued_employment,mapped
2024,lca_2024q2.xlsx,DECISION_DATE,decision_date,mapped
2024,lca_2024q2.xlsx,EMPLOYER_ADDRESS1,employer_address,mapped
2024,lca_2024q2.xlsx,EMPLOYER_CITY,employer_city,mapped
2024,lca_2024q2.xlsx,EMPLOYER_COUNTRY,employer_country,mapped
2024,lca_2024q2.xlsx,EMPLOYER_NAME,employer_name,mapped
2024,lca_2024q2.xlsx,EMPLOYER_POSTAL_CODE,employer_postal_code,mapped
2024,lca_2024q2.xlsx,EMPLOYER_STATE,employer_state,mapped
2024,lca_2024q2.xlsx,TRADE_NAME_DBA,employer_trade_name,mapped
2024,lca_2024q2.xlsx,BEGIN_DATE,employment_begin_date,mapped
2024,lca_2024q2.xlsx,END_DATE,employment_end_date,mapped
2024,lca_2024q2.xlsx,FULL_TIME_POSITION,full_time_position,mapped
2024,lca_2024q2.xlsx,H_1B_DEPENDENT,h1b_dependent,mapped
2024,lca_2024q2.xlsx,JOB_TITLE,job_title,mapped
2024,lca_2024q2.xlsx,NAICS_CODE,naics_id,mapped
2024,lca_2024q2.xlsx,NEW_CONCURRENT_EMPLOYMENT,new_concurrent_employment,mapped
2024,lca_2024q2.xlsx,NEW_EMPLOYMENT,new_employment,mapped
2024,lca_2024q2.xlsx,ORIGINAL_CERT_DATE,original_certification_date,mapped
2024,lca_2024q2.xlsx,PREVAILING_WAGE,prevailing_wage,mapped
2024,lca_2024q2.xlsx,PW_WAGE_LEVEL,prevailing_wage_level,mapped
2024,lca_2024q2.xlsx,PW_OTHER_SOURCE,prevailing_wage_source,mapped
2024,lca_2024q2.xlsx,PW_OES_YEAR,prevailing_wage_source_year,mapped
2024,lca_2024q2.xlsx,PW_TRACKING_NUMBER,prevailing_wage_tracking_number,mapped
2024,lca_2024q2.xlsx,PW_UNIT_OF_PAY,prevailing_wage_unit_of_pay,mapped
2024,lca_2024q2.xlsx,RECEIVED_DATE,received_date,mapped
2024,lca_2024q2.xlsx,SECONDARY_ENTITY,secondary_entity,mapped
2024,lca_2024q2.xlsx,SECONDARY_ENTITY_BUSINESS_NAME,secondary_entity_business_name,mapped
2024,lca_2024q2.xlsx,SOC_CODE,soc_id,mapped
2024,lca_2024q2.xlsx,SOC_TITLE,soc_title,mapped
2024,lca_2024q2.xlsx,STATUTORY_BASIS,statutory_basis,mapped
2024,lca_2024q2.xlsx,SUPPORT_H1B,support_h1b,mapped
2024,lca_2024q2.xlsx,TOTAL_WORKER_POSITIONS,total_workers,mapped
2024,lca_2024q2.xlsx,TOTAL_WORKSITE_LOCATIONS,total_worksite_locations,mapped
2024,lca_2024q2.xlsx,VISA_CLASS,visa_class,mapped
2024,lca_2024q2.xlsx,WAGE_RATE_OF_PAY_FROM,wage_offered_from,mapped
2024,lca_2024q2.xlsx,WAGE_RATE_OF_PAY_TO,wage_offered_to,mapped
2024,lca_2024q2.xlsx,WAGE_UNIT_OF_PAY,wage_unit_of_pay,mapped
2024,lca_2024q2.xlsx,WILLFUL_VIOLATOR,willful_violator,mapped
2024,lca_2024q2.xlsx,,withdrawn,absent this year
2024,lca_2024q2.xlsx,WORKSITE_ADDRESS1,worksite_address,mapped
2024,lca_2024q2.xlsx,WORKSITE_CITY,worksite_city,mapped
2024,lca_2024q2.xlsx,WORKSITE_COUNTY,worksite_county,mapped
2024,lca_2024q2.xlsx,WORKSITE_POSTAL_CODE,worksite_postal_code,mapped
2024,lca_2024q2.xlsx,WORKSITE_STATE,worksite_state,mapped
2024,lca_2024q2.xlsx,WORKSITE_WORKERS,worksite_workers,mapped
2024,lca_2024q2.xlsx,AGENT_ATTORNEY_ADDRESS1,,dropped: attorney/agent personal details
2024,lca_2024q2.xlsx,AGENT_ATTORNEY_ADDRESS2,,dropped: attorney/agent personal details
2024,lca_2024q2.xlsx,AGENT_ATTORNEY_CITY,,dropped: attorney/agent personal details
2024,lca_2024q2.xlsx,AGENT_ATTORNEY_COUNTRY,,dropped: attorney/agent personal details
2024,lca_2024q2.xlsx,AGENT_ATTORNEY_EMAIL_ADDRESS,,dropped: attorney/agent personal details
2024,lca_2024q2.xlsx,AGENT_ATTORNEY_FIRST_NAME,,dropped: attorney/agent personal details
2024,lca_2024q2.xlsx,AGENT_ATTORNEY_LAST_NAME,,dropped: attorney/agent personal details
2024,lca_2024q2.xlsx,AGENT_ATTORNEY_MIDDLE_NAME,,dropped: attorney/agent personal details
2024,lca_2024q2.xlsx,AGENT_ATTORNEY_PHONE,,dropped: attorney/agent personal details
2024,lca_2024q2.xlsx,AGENT_ATTORNEY_PHONE_EXT,,dropped: attorney/agent personal details
2024,lca_2024q2.xlsx,AGENT_ATTORNEY_POSTAL_CODE,,dropped: attorney/agent personal details
2024,lca_2024q2.xlsx,AGENT_ATTORNEY_PROVINCE,,dropped: attorney/agent personal details
2024,lca_2024q2.xlsx,AGENT_ATTORNEY_STATE,,dropped: attorney/agent personal details
2024,lca_2024q2.xlsx,AGREE_TO_LC_STATEMENT,,dropped: LCA attestation plumbing
2024,lca_2024q2.xlsx,APPENDIX_A_ATTACHED,,dropped: form attachment flag
2024,lca_2024q2.xlsx,EMPLOYER_ADDRESS2,,dropped: secondary worksite/wage block (primary worksite only)
2024,lca_2024q2.xlsx,EMPLOYER_FEIN,,dropped: phone / employer identifier
2024,lca_2024q2.xlsx,EMPLOYER_PHONE,,dropped: phone / employer identifier
2024,lca_2024q2.xlsx,EMPLOYER_PHONE_EXT,,dropped: phone / employer identifier
2024,lca_2024q2.xlsx,EMPLOYER_POC_ADDRESS1,,dropped: employer point-of-contact personal details
2024,lca_2024q2.xlsx,EMPLOYER_POC_ADDRESS2,,dropped: employer point-of-contact personal details
2024,lca_2024q2.xlsx,EMPLOYER_POC_CITY,,dropped: employer point-of-contact personal details
2024,lca_2024q2.xlsx,EMPLOYER_POC_COUNTRY,,dropped: employer point-of-contact personal details
2024,lca_2024q2.xlsx,EMPLOYER_POC_EMAIL,,dropped: employer point-of-contact personal details
2024,lca_2024q2.xlsx,EMPLOYER_POC_FIRST_NAME,,dropped: employer point-of-contact personal details
2024,lca_2024q2.xlsx,EMPLOYER_POC_JOB_TITLE,,dropped: employer point-of-contact personal details
2024,lca_2024q2.xlsx,EMPLOYER_POC_LAST_NAME,,dropped: employer point-of-contact personal details
2024,lca_2024q2.xlsx,EMPLOYER_POC_MIDDLE_NAME,,dropped: employer point-of-contact personal details
2024,lca_2024q2.xlsx,EMPLOYER_POC_PHONE,,dropped: employer point-of-contact personal details
2024,lca_2024q2.xlsx,EMPLOYER_POC_PHONE_EXT,,dropped: employer point-of-contact personal details
2024,lca_2024q2.xlsx,EMPLOYER_POC_POSTAL_CODE,,dropped: employer point-of-contact personal details
2024,lca_2024q2.xlsx,EMPLOYER_POC_PROVINCE,,dropped: employer point-of-contact personal details
2024,lca_2024q2.xlsx,EMPLOYER_POC_STATE,,dropped: employer point-of-contact personal details
2024,lca_2024q2.xlsx,EMPLOYER_PROVINCE,,dropped: non-US employer province
2024,lca_2024q2.xlsx,NAME_OF_HIGHEST_STATE_COURT,,dropped: attorney bar detail
2024,lca_2024q2.xlsx,PREPARER_BUSINESS_NAME,,dropped: form preparer personal details
2024,lca_2024q2.xlsx,PREPARER_EMAIL,,dropped: form preparer personal details
2024,lca_2024q2.xlsx,PREPARER_FIRST_NAME,,dropped: form preparer personal details
2024,lca_2024q2.xlsx,PREPARER_LAST_NAME,,dropped: form preparer personal details
2024,lca_2024q2.xlsx,PREPARER_MIDDLE_INITIAL,,dropped: form preparer personal details
2024,lca_2024q2.xlsx,PUBLIC_DISCLOSURE,,dropped: LCA attestation plumbing
2024,lca_2024q2.xlsx,PW_OTHER_YEAR,,dropped: prevailing wage survey detail
2024,lca_2024q2.xlsx,PW_SURVEY_NAME,,dropped: prevailing wage survey detail
2024,lca_2024q2.xlsx,PW_SURVEY_PUBLISHER,,dropped: prevailing wage survey detail
2024,lca_2024q2.xlsx,STATE_OF_HIGHEST_COURT,,dropped: attorney bar detail
2024,lca_2024q2.xlsx,WORKSITE_ADDRESS2,,dropped: secondary worksite/wage block (primary worksite only)
2024,lca_2024q3.xlsx,AGENT_REPRESENTING_EMPLOYER,agent_representing_employer,mapped
2024,lca_2024q3.xlsx,AMENDED_PETITION,amended_petition,mapped
2024,lca_2024q3.xlsx,LAWFIRM_NAME_BUSINESS_NAME,attorney_law_firm_name,mapped
2024,lca_2024q3.xlsx,CASE_NUMBER,case_number,mapped
2024,lca_2024q3.xlsx,CASE_STATUS,case_status,mapped
2024,lca_2024q3.xlsx,CHANGE_EMPLOYER,change_employer,mapped
2024,lca_2024q3.xlsx,CHANGE_PREVIOUS_EMPLOYMENT,change_previous_employment,mapped
2024,lca_2024q3.xlsx,CONTINUED_EMPLOYMENT,continued_employment,mapped
2024,lca_2024q3.xlsx,DECISION_DATE,decision_date,mapped
2024,lca_2024q3.xlsx,EMPLOYER_ADDRESS1,employer_address,mapped
2024,lca_2024q3.xlsx,EMPLOYER_CITY,employer_city,mapped
2024,lca_2024q3.xlsx,EMPLOYER_COUNTRY,employer_country,mapped
2024,lca_2024q3.xlsx,EMPLOYER_NAME,employer_name,mapped
2024,lca_2024q3.xlsx,EMPLOYER_POSTAL_CODE,employer_postal_code,mapped
2024,lca_2024q3.xlsx,EMPLOYER_STATE,employer_state,mapped
2024,lca_2024q3.xlsx,TRADE_NAME_DBA,employer_trade_name,mapped
2024,lca_2024q3.xlsx,BEGIN_DATE,employment_begin_date,mapped
2024,lca_2024q3.xlsx,END_DATE,employment_end_date,mapped
2024,lca_2024q3.xlsx,FULL_TIME_POSITION,full_time_position,mapped
2024,lca_2024q3.xlsx,H_1B_DEPENDENT,h1b_dependent,mapped
2024,lca_2024q3.xlsx,JOB_TITLE,job_title,mapped
2024,lca_2024q3.xlsx,NAICS_CODE,naics_id,mapped
2024,lca_2024q3.xlsx,NEW_CONCURRENT_EMPLOYMENT,new_concurrent_employment,mapped
2024,lca_2024q3.xlsx,NEW_EMPLOYMENT,new_employment,mapped
2024,lca_2024q3.xlsx,ORIGINAL_CERT_DATE,original_certification_date,mapped
2024,lca_2024q3.xlsx,PREVAILING_WAGE,prevailing_wage,mapped
2024,lca_2024q3.xlsx,PW_WAGE_LEVEL,prevailing_wage_level,mapped
2024,lca_2024q3.xlsx,PW_OTHER_SOURCE,prevailing_wage_source,mapped
2024,lca_2024q3.xlsx,PW_OES_YEAR,prevailing_wage_source_year,mapped
2024,lca_2024q3.xlsx,PW_TRACKING_NUMBER,prevailing_wage_tracking_number,mapped
2024,lca_2024q3.xlsx,PW_UNIT_OF_PAY,prevailing_wage_unit_of_pay,mapped
2024,lca_2024q3.xlsx,RECEIVED_DATE,received_date,mapped
2024,lca_2024q3.xlsx,SECONDARY_ENTITY,secondary_entity,mapped
2024,lca_2024q3.xlsx,SECONDARY_ENTITY_BUSINESS_NAME,secondary_entity_business_name,mapped
2024,lca_2024q3.xlsx,SOC_CODE,soc_id,mapped
2024,lca_2024q3.xlsx,SOC_TITLE,soc_title,mapped
2024,lca_2024q3.xlsx,STATUTORY_BASIS,statutory_basis,mapped
2024,lca_2024q3.xlsx,SUPPORT_H1B,support_h1b,mapped
2024,lca_2024q3.xlsx,TOTAL_WORKER_POSITIONS,total_workers,mapped
2024,lca_2024q3.xlsx,TOTAL_WORKSITE_LOCATIONS,total_worksite_locations,mapped
2024,lca_2024q3.xlsx,VISA_CLASS,visa_class,mapped
2024,lca_2024q3.xlsx,WAGE_RATE_OF_PAY_FROM,wage_offered_from,mapped
2024,lca_2024q3.xlsx,WAGE_RATE_OF_PAY_TO,wage_offered_to,mapped
2024,lca_2024q3.xlsx,WAGE_UNIT_OF_PAY,wage_unit_of_pay,mapped
2024,lca_2024q3.xlsx,WILLFUL_VIOLATOR,willful_violator,mapped
2024,lca_2024q3.xlsx,,withdrawn,absent this year
2024,lca_2024q3.xlsx,WORKSITE_ADDRESS1,worksite_address,mapped
2024,lca_2024q3.xlsx,WORKSITE_CITY,worksite_city,mapped
2024,lca_2024q3.xlsx,WORKSITE_COUNTY,worksite_county,mapped
2024,lca_2024q3.xlsx,WORKSITE_POSTAL_CODE,worksite_postal_code,mapped
2024,lca_2024q3.xlsx,WORKSITE_STATE,worksite_state,mapped
2024,lca_2024q3.xlsx,WORKSITE_WORKERS,worksite_workers,mapped
2024,lca_2024q3.xlsx,AGENT_ATTORNEY_ADDRESS1,,dropped: attorney/agent personal details
2024,lca_2024q3.xlsx,AGENT_ATTORNEY_ADDRESS2,,dropped: attorney/agent personal details
2024,lca_2024q3.xlsx,AGENT_ATTORNEY_CITY,,dropped: attorney/agent personal details
2024,lca_2024q3.xlsx,AGENT_ATTORNEY_COUNTRY,,dropped: attorney/agent personal details
2024,lca_2024q3.xlsx,AGENT_ATTORNEY_EMAIL_ADDRESS,,dropped: attorney/agent personal details
2024,lca_2024q3.xlsx,AGENT_ATTORNEY_FIRST_NAME,,dropped: attorney/agent personal details
2024,lca_2024q3.xlsx,AGENT_ATTORNEY_LAST_NAME,,dropped: attorney/agent personal details
2024,lca_2024q3.xlsx,AGENT_ATTORNEY_MIDDLE_NAME,,dropped: attorney/agent personal details
2024,lca_2024q3.xlsx,AGENT_ATTORNEY_PHONE,,dropped: attorney/agent personal details
2024,lca_2024q3.xlsx,AGENT_ATTORNEY_PHONE_EXT,,dropped: attorney/agent personal details
2024,lca_2024q3.xlsx,AGENT_ATTORNEY_POSTAL_CODE,,dropped: attorney/agent personal details
2024,lca_2024q3.xlsx,AGENT_ATTORNEY_PROVINCE,,dropped: attorney/agent personal details
2024,lca_2024q3.xlsx,AGENT_ATTORNEY_STATE,,dropped: attorney/agent personal details
2024,lca_2024q3.xlsx,AGREE_TO_LC_STATEMENT,,dropped: LCA attestation plumbing
2024,lca_2024q3.xlsx,APPENDIX_A_ATTACHED,,dropped: form attachment flag
2024,lca_2024q3.xlsx,EMPLOYER_ADDRESS2,,dropped: secondary worksite/wage block (primary worksite only)
2024,lca_2024q3.xlsx,EMPLOYER_FEIN,,dropped: phone / employer identifier
2024,lca_2024q3.xlsx,EMPLOYER_PHONE,,dropped: phone / employer identifier
2024,lca_2024q3.xlsx,EMPLOYER_PHONE_EXT,,dropped: phone / employer identifier
2024,lca_2024q3.xlsx,EMPLOYER_POC_ADDRESS1,,dropped: employer point-of-contact personal details
2024,lca_2024q3.xlsx,EMPLOYER_POC_ADDRESS2,,dropped: employer point-of-contact personal details
2024,lca_2024q3.xlsx,EMPLOYER_POC_CITY,,dropped: employer point-of-contact personal details
2024,lca_2024q3.xlsx,EMPLOYER_POC_COUNTRY,,dropped: employer point-of-contact personal details
2024,lca_2024q3.xlsx,EMPLOYER_POC_EMAIL,,dropped: employer point-of-contact personal details
2024,lca_2024q3.xlsx,EMPLOYER_POC_FIRST_NAME,,dropped: employer point-of-contact personal details
2024,lca_2024q3.xlsx,EMPLOYER_POC_JOB_TITLE,,dropped: employer point-of-contact personal details
2024,lca_2024q3.xlsx,EMPLOYER_POC_LAST_NAME,,dropped: employer point-of-contact personal details
2024,lca_2024q3.xlsx,EMPLOYER_POC_MIDDLE_NAME,,dropped: employer point-of-contact personal details
2024,lca_2024q3.xlsx,EMPLOYER_POC_PHONE,,dropped: employer point-of-contact personal details
2024,lca_2024q3.xlsx,EMPLOYER_POC_PHONE_EXT,,dropped: employer point-of-contact personal details
2024,lca_2024q3.xlsx,EMPLOYER_POC_POSTAL_CODE,,dropped: employer point-of-contact personal details
2024,lca_2024q3.xlsx,EMPLOYER_POC_PROVINCE,,dropped: employer point-of-contact personal details
2024,lca_2024q3.xlsx,EMPLOYER_POC_STATE,,dropped: employer point-of-contact personal details
2024,lca_2024q3.xlsx,EMPLOYER_PROVINCE,,dropped: non-US employer province
2024,lca_2024q3.xlsx,NAME_OF_HIGHEST_STATE_COURT,,dropped: attorney bar detail
2024,lca_2024q3.xlsx,PREPARER_BUSINESS_NAME,,dropped: form preparer personal details
2024,lca_2024q3.xlsx,PREPARER_EMAIL,,dropped: form preparer personal details
2024,lca_2024q3.xlsx,PREPARER_FIRST_NAME,,dropped: form preparer personal details
2024,lca_2024q3.xlsx,PREPARER_LAST_NAME,,dropped: form preparer personal details
2024,lca_2024q3.xlsx,PREPARER_MIDDLE_INITIAL,,dropped: form preparer personal details
2024,lca_2024q3.xlsx,PUBLIC_DISCLOSURE,,dropped: LCA attestation plumbing
2024,lca_2024q3.xlsx,PW_OTHER_YEAR,,dropped: prevailing wage survey detail
2024,lca_2024q3.xlsx,PW_SURVEY_NAME,,dropped: prevailing wage survey detail
2024,lca_2024q3.xlsx,PW_SURVEY_PUBLISHER,,dropped: prevailing wage survey detail
2024,lca_2024q3.xlsx,STATE_OF_HIGHEST_COURT,,dropped: attorney bar detail
2024,lca_2024q3.xlsx,WORKSITE_ADDRESS2,,dropped: secondary worksite/wage block (primary worksite only)
2025,lca_2025.xlsx,AGENT_REPRESENTING_EMPLOYER,agent_representing_employer,mapped
2025,lca_2025.xlsx,AMENDED_PETITION,amended_petition,mapped
2025,lca_2025.xlsx,LAWFIRM_NAME_BUSINESS_NAME,attorney_law_firm_name,mapped
2025,lca_2025.xlsx,CASE_NUMBER,case_number,mapped
2025,lca_2025.xlsx,CASE_STATUS,case_status,mapped
2025,lca_2025.xlsx,CHANGE_EMPLOYER,change_employer,mapped
2025,lca_2025.xlsx,CHANGE_PREVIOUS_EMPLOYMENT,change_previous_employment,mapped
2025,lca_2025.xlsx,CONTINUED_EMPLOYMENT,continued_employment,mapped
2025,lca_2025.xlsx,DECISION_DATE,decision_date,mapped
2025,lca_2025.xlsx,EMPLOYER_ADDRESS1,employer_address,mapped
2025,lca_2025.xlsx,EMPLOYER_CITY,employer_city,mapped
2025,lca_2025.xlsx,EMPLOYER_COUNTRY,employer_country,mapped
2025,lca_2025.xlsx,EMPLOYER_NAME,employer_name,mapped
2025,lca_2025.xlsx,EMPLOYER_POSTAL_CODE,employer_postal_code,mapped
2025,lca_2025.xlsx,EMPLOYER_STATE,employer_state,mapped
2025,lca_2025.xlsx,TRADE_NAME_DBA,employer_trade_name,mapped
2025,lca_2025.xlsx,BEGIN_DATE,employment_begin_date,mapped
2025,lca_2025.xlsx,END_DATE,employment_end_date,mapped
2025,lca_2025.xlsx,FULL_TIME_POSITION,full_time_position,mapped
2025,lca_2025.xlsx,H_1B_DEPENDENT,h1b_dependent,mapped
2025,lca_2025.xlsx,JOB_TITLE,job_title,mapped
2025,lca_2025.xlsx,NAICS_CODE,naics_id,mapped
2025,lca_2025.xlsx,NEW_CONCURRENT_EMPLOYMENT,new_concurrent_employment,mapped
2025,lca_2025.xlsx,NEW_EMPLOYMENT,new_employment,mapped
2025,lca_2025.xlsx,ORIGINAL_CERT_DATE,original_certification_date,mapped
2025,lca_2025.xlsx,PREVAILING_WAGE,prevailing_wage,mapped
2025,lca_2025.xlsx,PW_WAGE_LEVEL,prevailing_wage_level,mapped
2025,lca_2025.xlsx,PW_OTHER_SOURCE,prevailing_wage_source,mapped
2025,lca_2025.xlsx,PW_OES_YEAR,prevailing_wage_source_year,mapped
2025,lca_2025.xlsx,PW_TRACKING_NUMBER,prevailing_wage_tracking_number,mapped
2025,lca_2025.xlsx,PW_UNIT_OF_PAY,prevailing_wage_unit_of_pay,mapped
2025,lca_2025.xlsx,RECEIVED_DATE,received_date,mapped
2025,lca_2025.xlsx,SECONDARY_ENTITY,secondary_entity,mapped
2025,lca_2025.xlsx,SECONDARY_ENTITY_BUSINESS_NAME,secondary_entity_business_name,mapped
2025,lca_2025.xlsx,SOC_CODE,soc_id,mapped
2025,lca_2025.xlsx,SOC_TITLE,soc_title,mapped
2025,lca_2025.xlsx,STATUTORY_BASIS,statutory_basis,mapped
2025,lca_2025.xlsx,SUPPORT_H1B,support_h1b,mapped
2025,lca_2025.xlsx,TOTAL_WORKER_POSITIONS,total_workers,mapped
2025,lca_2025.xlsx,TOTAL_WORKSITE_LOCATIONS,total_worksite_locations,mapped
2025,lca_2025.xlsx,VISA_CLASS,visa_class,mapped
2025,lca_2025.xlsx,WAGE_RATE_OF_PAY_FROM,wage_offered_from,mapped
2025,lca_2025.xlsx,WAGE_RATE_OF_PAY_TO,wage_offered_to,mapped
2025,lca_2025.xlsx,WAGE_UNIT_OF_PAY,wage_unit_of_pay,mapped
2025,lca_2025.xlsx,WILLFUL_VIOLATOR,willful_violator,mapped
2025,lca_2025.xlsx,,withdrawn,absent this year
2025,lca_2025.xlsx,WORKSITE_ADDRESS1,worksite_address,mapped
2025,lca_2025.xlsx,WORKSITE_CITY,worksite_city,mapped
2025,lca_2025.xlsx,WORKSITE_COUNTY,worksite_county,mapped
2025,lca_2025.xlsx,WORKSITE_POSTAL_CODE,worksite_postal_code,mapped
2025,lca_2025.xlsx,WORKSITE_STATE,worksite_state,mapped
2025,lca_2025.xlsx,WORKSITE_WORKERS,worksite_workers,mapped
2025,lca_2025.xlsx,AGENT_ATTORNEY_ADDRESS1,,dropped: attorney/agent personal details
2025,lca_2025.xlsx,AGENT_ATTORNEY_ADDRESS2,,dropped: attorney/agent personal details
2025,lca_2025.xlsx,AGENT_ATTORNEY_CITY,,dropped: attorney/agent personal details
2025,lca_2025.xlsx,AGENT_ATTORNEY_COUNTRY,,dropped: attorney/agent personal details
2025,lca_2025.xlsx,AGENT_ATTORNEY_EMAIL_ADDRESS,,dropped: attorney/agent personal details
2025,lca_2025.xlsx,AGENT_ATTORNEY_FIRST_NAME,,dropped: attorney/agent personal details
2025,lca_2025.xlsx,AGENT_ATTORNEY_LAST_NAME,,dropped: attorney/agent personal details
2025,lca_2025.xlsx,AGENT_ATTORNEY_MIDDLE_NAME,,dropped: attorney/agent personal details
2025,lca_2025.xlsx,AGENT_ATTORNEY_PHONE,,dropped: attorney/agent personal details
2025,lca_2025.xlsx,AGENT_ATTORNEY_PHONE_EXT,,dropped: attorney/agent personal details
2025,lca_2025.xlsx,AGENT_ATTORNEY_POSTAL_CODE,,dropped: attorney/agent personal details
2025,lca_2025.xlsx,AGENT_ATTORNEY_PROVINCE,,dropped: attorney/agent personal details
2025,lca_2025.xlsx,AGENT_ATTORNEY_STATE,,dropped: attorney/agent personal details
2025,lca_2025.xlsx,AGREE_TO_LC_STATEMENT,,dropped: LCA attestation plumbing
2025,lca_2025.xlsx,APPENDIX_A_ATTACHED,,dropped: form attachment flag
2025,lca_2025.xlsx,EMPLOYER_ADDRESS2,,dropped: secondary worksite/wage block (primary worksite only)
2025,lca_2025.xlsx,EMPLOYER_FEIN,,dropped: phone / employer identifier
2025,lca_2025.xlsx,EMPLOYER_PHONE,,dropped: phone / employer identifier
2025,lca_2025.xlsx,EMPLOYER_PHONE_EXT,,dropped: phone / employer identifier
2025,lca_2025.xlsx,EMPLOYER_POC_ADDRESS1,,dropped: employer point-of-contact personal details
2025,lca_2025.xlsx,EMPLOYER_POC_ADDRESS2,,dropped: employer point-of-contact personal details
2025,lca_2025.xlsx,EMPLOYER_POC_CITY,,dropped: employer point-of-contact personal details
2025,lca_2025.xlsx,EMPLOYER_POC_COUNTRY,,dropped: employer point-of-contact personal details
2025,lca_2025.xlsx,EMPLOYER_POC_EMAIL,,dropped: employer point-of-contact personal details
2025,lca_2025.xlsx,EMPLOYER_POC_FIRST_NAME,,dropped: employer point-of-contact personal details
2025,lca_2025.xlsx,EMPLOYER_POC_JOB_TITLE,,dropped: employer point-of-contact personal details
2025,lca_2025.xlsx,EMPLOYER_POC_LAST_NAME,,dropped: employer point-of-contact personal details
2025,lca_2025.xlsx,EMPLOYER_POC_MIDDLE_NAME,,dropped: employer point-of-contact personal details
2025,lca_2025.xlsx,EMPLOYER_POC_PHONE,,dropped: employer point-of-contact personal details
2025,lca_2025.xlsx,EMPLOYER_POC_PHONE_EXT,,dropped: employer point-of-contact personal details
2025,lca_2025.xlsx,EMPLOYER_POC_POSTAL_CODE,,dropped: employer point-of-contact personal details
2025,lca_2025.xlsx,EMPLOYER_POC_PROVINCE,,dropped: employer point-of-contact personal details
2025,lca_2025.xlsx,EMPLOYER_POC_STATE,,dropped: employer point-of-contact personal details
2025,lca_2025.xlsx,EMPLOYER_PROVINCE,,dropped: non-US employer province
2025,lca_2025.xlsx,LAWFIRM_BUSINESS_FEIN,,dropped: phone / employer identifier
2025,lca_2025.xlsx,NAME_OF_HIGHEST_STATE_COURT,,dropped: attorney bar detail
2025,lca_2025.xlsx,PREPARER_BUSINESS_NAME,,dropped: form preparer personal details
2025,lca_2025.xlsx,PREPARER_EMAIL,,dropped: form preparer personal details
2025,lca_2025.xlsx,PREPARER_FIRST_NAME,,dropped: form preparer personal details
2025,lca_2025.xlsx,PREPARER_LAST_NAME,,dropped: form preparer personal details
2025,lca_2025.xlsx,PREPARER_MIDDLE_INITIAL,,dropped: form preparer personal details
2025,lca_2025.xlsx,PUBLIC_DISCLOSURE,,dropped: LCA attestation plumbing
2025,lca_2025.xlsx,PW_OTHER_YEAR,,dropped: prevailing wage survey detail
2025,lca_2025.xlsx,PW_SURVEY_NAME,,dropped: prevailing wage survey detail
2025,lca_2025.xlsx,PW_SURVEY_PUBLISHER,,dropped: prevailing wage survey detail
2025,lca_2025.xlsx,STATE_OF_HIGHEST_COURT,,dropped: attorney bar detail
2025,lca_2025.xlsx,WORKSITE_ADDRESS2,,dropped: secondary worksite/wage block (primary worksite only)
2025,lca_2025q1.xlsx,AGENT_REPRESENTING_EMPLOYER,agent_representing_employer,mapped
2025,lca_2025q1.xlsx,AMENDED_PETITION,amended_petition,mapped
2025,lca_2025q1.xlsx,LAWFIRM_NAME_BUSINESS_NAME,attorney_law_firm_name,mapped
2025,lca_2025q1.xlsx,CASE_NUMBER,case_number,mapped
2025,lca_2025q1.xlsx,CASE_STATUS,case_status,mapped
2025,lca_2025q1.xlsx,CHANGE_EMPLOYER,change_employer,mapped
2025,lca_2025q1.xlsx,CHANGE_PREVIOUS_EMPLOYMENT,change_previous_employment,mapped
2025,lca_2025q1.xlsx,CONTINUED_EMPLOYMENT,continued_employment,mapped
2025,lca_2025q1.xlsx,DECISION_DATE,decision_date,mapped
2025,lca_2025q1.xlsx,EMPLOYER_ADDRESS1,employer_address,mapped
2025,lca_2025q1.xlsx,EMPLOYER_CITY,employer_city,mapped
2025,lca_2025q1.xlsx,EMPLOYER_COUNTRY,employer_country,mapped
2025,lca_2025q1.xlsx,EMPLOYER_NAME,employer_name,mapped
2025,lca_2025q1.xlsx,EMPLOYER_POSTAL_CODE,employer_postal_code,mapped
2025,lca_2025q1.xlsx,EMPLOYER_STATE,employer_state,mapped
2025,lca_2025q1.xlsx,TRADE_NAME_DBA,employer_trade_name,mapped
2025,lca_2025q1.xlsx,BEGIN_DATE,employment_begin_date,mapped
2025,lca_2025q1.xlsx,END_DATE,employment_end_date,mapped
2025,lca_2025q1.xlsx,FULL_TIME_POSITION,full_time_position,mapped
2025,lca_2025q1.xlsx,H-1B_DEPENDENT,h1b_dependent,mapped
2025,lca_2025q1.xlsx,JOB_TITLE,job_title,mapped
2025,lca_2025q1.xlsx,NAICS_CODE,naics_id,mapped
2025,lca_2025q1.xlsx,NEW_CONCURRENT_EMPLOYMENT,new_concurrent_employment,mapped
2025,lca_2025q1.xlsx,NEW_EMPLOYMENT,new_employment,mapped
2025,lca_2025q1.xlsx,ORIGINAL_CERT_DATE,original_certification_date,mapped
2025,lca_2025q1.xlsx,PREVAILING_WAGE,prevailing_wage,mapped
2025,lca_2025q1.xlsx,PW_WAGE_LEVEL,prevailing_wage_level,mapped
2025,lca_2025q1.xlsx,PW_OTHER_SOURCE,prevailing_wage_source,mapped
2025,lca_2025q1.xlsx,PW_OES_YEAR,prevailing_wage_source_year,mapped
2025,lca_2025q1.xlsx,PW_TRACKING_NUMBER,prevailing_wage_tracking_number,mapped
2025,lca_2025q1.xlsx,PW_UNIT_OF_PAY,prevailing_wage_unit_of_pay,mapped
2025,lca_2025q1.xlsx,RECEIVED_DATE,received_date,mapped
2025,lca_2025q1.xlsx,SECONDARY_ENTITY,secondary_entity,mapped
2025,lca_2025q1.xlsx,SECONDARY_ENTITY_BUSINESS_NAME,secondary_entity_business_name,mapped
2025,lca_2025q1.xlsx,SOC_CODE,soc_id,mapped
2025,lca_2025q1.xlsx,SOC_TITLE,soc_title,mapped
2025,lca_2025q1.xlsx,STATUTORY_BASIS,statutory_basis,mapped
2025,lca_2025q1.xlsx,SUPPORT_H1B,support_h1b,mapped
2025,lca_2025q1.xlsx,TOTAL_WORKER_POSITIONS,total_workers,mapped
2025,lca_2025q1.xlsx,TOTAL_WORKSITE_LOCATIONS,total_worksite_locations,mapped
2025,lca_2025q1.xlsx,VISA_CLASS,visa_class,mapped
2025,lca_2025q1.xlsx,WAGE_RATE_OF_PAY_FROM,wage_offered_from,mapped
2025,lca_2025q1.xlsx,WAGE_RATE_OF_PAY_TO,wage_offered_to,mapped
2025,lca_2025q1.xlsx,WAGE_UNIT_OF_PAY,wage_unit_of_pay,mapped
2025,lca_2025q1.xlsx,WILLFUL_VIOLATOR,willful_violator,mapped
2025,lca_2025q1.xlsx,,withdrawn,absent this year
2025,lca_2025q1.xlsx,WORKSITE_ADDRESS1,worksite_address,mapped
2025,lca_2025q1.xlsx,WORKSITE_CITY,worksite_city,mapped
2025,lca_2025q1.xlsx,WORKSITE_COUNTY,worksite_county,mapped
2025,lca_2025q1.xlsx,WORKSITE_POSTAL_CODE,worksite_postal_code,mapped
2025,lca_2025q1.xlsx,WORKSITE_STATE,worksite_state,mapped
2025,lca_2025q1.xlsx,WORKSITE_WORKERS,worksite_workers,mapped
2025,lca_2025q1.xlsx,AGENT_ATTORNEY_ADDRESS1,,dropped: attorney/agent personal details
2025,lca_2025q1.xlsx,AGENT_ATTORNEY_ADDRESS2,,dropped: attorney/agent personal details
2025,lca_2025q1.xlsx,AGENT_ATTORNEY_CITY,,dropped: attorney/agent personal details
2025,lca_2025q1.xlsx,AGENT_ATTORNEY_COUNTRY,,dropped: attorney/agent personal details
2025,lca_2025q1.xlsx,AGENT_ATTORNEY_EMAIL_ADDRESS,,dropped: attorney/agent personal details
2025,lca_2025q1.xlsx,AGENT_ATTORNEY_FIRST_NAME,,dropped: attorney/agent personal details
2025,lca_2025q1.xlsx,AGENT_ATTORNEY_LAST_NAME,,dropped: attorney/agent personal details
2025,lca_2025q1.xlsx,AGENT_ATTORNEY_MIDDLE_NAME,,dropped: attorney/agent personal details
2025,lca_2025q1.xlsx,AGENT_ATTORNEY_PHONE,,dropped: attorney/agent personal details
2025,lca_2025q1.xlsx,AGENT_ATTORNEY_PHONE_EXT,,dropped: attorney/agent personal details
2025,lca_2025q1.xlsx,AGENT_ATTORNEY_POSTAL_CODE,,dropped: attorney/agent personal details
2025,lca_2025q1.xlsx,AGENT_ATTORNEY_PROVINCE,,dropped: attorney/agent personal details
2025,lca_2025q1.xlsx,AGENT_ATTORNEY_STATE,,dropped: attorney/agent personal details
2025,lca_2025q1.xlsx,AGREE_TO_LC_STATEMENT,,dropped: LCA attestation plumbing
2025,lca_2025q1.xlsx,APPENDIX_A_ATTACHED,,dropped: form attachment flag
2025,lca_2025q1.xlsx,EMPLOYER_ADDRESS2,,dropped: secondary worksite/wage block (primary worksite only)
2025,lca_2025q1.xlsx,EMPLOYER_FEIN,,dropped: phone / employer identifier
2025,lca_2025q1.xlsx,EMPLOYER_PHONE,,dropped: phone / employer identifier
2025,lca_2025q1.xlsx,EMPLOYER_PHONE_EXT,,dropped: phone / employer identifier
2025,lca_2025q1.xlsx,EMPLOYER_POC_ADDRESS1,,dropped: employer point-of-contact personal details
2025,lca_2025q1.xlsx,EMPLOYER_POC_ADDRESS2,,dropped: employer point-of-contact personal details
2025,lca_2025q1.xlsx,EMPLOYER_POC_CITY,,dropped: employer point-of-contact personal details
2025,lca_2025q1.xlsx,EMPLOYER_POC_COUNTRY,,dropped: employer point-of-contact personal details
2025,lca_2025q1.xlsx,EMPLOYER_POC_EMAIL,,dropped: employer point-of-contact personal details
2025,lca_2025q1.xlsx,EMPLOYER_POC_FIRST_NAME,,dropped: employer point-of-contact personal details
2025,lca_2025q1.xlsx,EMPLOYER_POC_JOB_TITLE,,dropped: employer point-of-contact personal details
2025,lca_2025q1.xlsx,EMPLOYER_POC_LAST_NAME,,dropped: employer point-of-contact personal details
2025,lca_2025q1.xlsx,EMPLOYER_POC_MIDDLE_NAME,,dropped: employer point-of-contact personal details
2025,lca_2025q1.xlsx,EMPLOYER_POC_PHONE,,dropped: employer point-of-contact personal details
2025,lca_2025q1.xlsx,EMPLOYER_POC_PHONE_EXT,,dropped: employer point-of-contact personal details
2025,lca_2025q1.xlsx,EMPLOYER_POC_POSTAL_CODE,,dropped: employer point-of-contact personal details
2025,lca_2025q1.xlsx,EMPLOYER_POC_PROVINCE,,dropped: employer point-of-contact personal details
2025,lca_2025q1.xlsx,EMPLOYER_POC_STATE,,dropped: employer point-of-contact personal details
2025,lca_2025q1.xlsx,EMPLOYER_PROVINCE,,dropped: non-US employer province
2025,lca_2025q1.xlsx,NAME_OF_HIGHEST_STATE_COURT,,dropped: attorney bar detail
2025,lca_2025q1.xlsx,PREPARER_BUSINESS_NAME,,dropped: form preparer personal details
2025,lca_2025q1.xlsx,PREPARER_EMAIL,,dropped: form preparer personal details
2025,lca_2025q1.xlsx,PREPARER_FIRST_NAME,,dropped: form preparer personal details
2025,lca_2025q1.xlsx,PREPARER_LAST_NAME,,dropped: form preparer personal details
2025,lca_2025q1.xlsx,PREPARER_MIDDLE_INITIAL,,dropped: form preparer personal details
2025,lca_2025q1.xlsx,PUBLIC_DISCLOSURE,,dropped: LCA attestation plumbing
2025,lca_2025q1.xlsx,PW_OTHER_YEAR,,dropped: prevailing wage survey detail
2025,lca_2025q1.xlsx,PW_SURVEY_NAME,,dropped: prevailing wage survey detail
2025,lca_2025q1.xlsx,PW_SURVEY_PUBLISHER,,dropped: prevailing wage survey detail
2025,lca_2025q1.xlsx,STATE_OF_HIGHEST_COURT,,dropped: attorney bar detail
2025,lca_2025q1.xlsx,WORKSITE_ADDRESS2,,dropped: secondary worksite/wage block (primary worksite only)
2025,lca_2025q2.xlsx,AGENT_REPRESENTING_EMPLOYER,agent_representing_employer,mapped
2025,lca_2025q2.xlsx,AMENDED_PETITION,amended_petition,mapped
2025,lca_2025q2.xlsx,LAWFIRM_NAME_BUSINESS_NAME,attorney_law_firm_name,mapped
2025,lca_2025q2.xlsx,CASE_NUMBER,case_number,mapped
2025,lca_2025q2.xlsx,CASE_STATUS,case_status,mapped
2025,lca_2025q2.xlsx,CHANGE_EMPLOYER,change_employer,mapped
2025,lca_2025q2.xlsx,CHANGE_PREVIOUS_EMPLOYMENT,change_previous_employment,mapped
2025,lca_2025q2.xlsx,CONTINUED_EMPLOYMENT,continued_employment,mapped
2025,lca_2025q2.xlsx,DECISION_DATE,decision_date,mapped
2025,lca_2025q2.xlsx,EMPLOYER_ADDRESS1,employer_address,mapped
2025,lca_2025q2.xlsx,EMPLOYER_CITY,employer_city,mapped
2025,lca_2025q2.xlsx,EMPLOYER_COUNTRY,employer_country,mapped
2025,lca_2025q2.xlsx,EMPLOYER_NAME,employer_name,mapped
2025,lca_2025q2.xlsx,EMPLOYER_POSTAL_CODE,employer_postal_code,mapped
2025,lca_2025q2.xlsx,EMPLOYER_STATE,employer_state,mapped
2025,lca_2025q2.xlsx,TRADE_NAME_DBA,employer_trade_name,mapped
2025,lca_2025q2.xlsx,BEGIN_DATE,employment_begin_date,mapped
2025,lca_2025q2.xlsx,END_DATE,employment_end_date,mapped
2025,lca_2025q2.xlsx,FULL_TIME_POSITION,full_time_position,mapped
2025,lca_2025q2.xlsx,H_1B_DEPENDENT,h1b_dependent,mapped
2025,lca_2025q2.xlsx,JOB_TITLE,job_title,mapped
2025,lca_2025q2.xlsx,NAICS_CODE,naics_id,mapped
2025,lca_2025q2.xlsx,NEW_CONCURRENT_EMPLOYMENT,new_concurrent_employment,mapped
2025,lca_2025q2.xlsx,NEW_EMPLOYMENT,new_employment,mapped
2025,lca_2025q2.xlsx,ORIGINAL_CERT_DATE,original_certification_date,mapped
2025,lca_2025q2.xlsx,PREVAILING_WAGE,prevailing_wage,mapped
2025,lca_2025q2.xlsx,PW_WAGE_LEVEL,prevailing_wage_level,mapped
2025,lca_2025q2.xlsx,PW_OTHER_SOURCE,prevailing_wage_source,mapped
2025,lca_2025q2.xlsx,PW_OES_YEAR,prevailing_wage_source_year,mapped
2025,lca_2025q2.xlsx,PW_TRACKING_NUMBER,prevailing_wage_tracking_number,mapped
2025,lca_2025q2.xlsx,PW_UNIT_OF_PAY,prevailing_wage_unit_of_pay,mapped
2025,lca_2025q2.xlsx,RECEIVED_DATE,received_date,mapped
2025,lca_2025q2.xlsx,SECONDARY_ENTITY,secondary_entity,mapped
2025,lca_2025q2.xlsx,SECONDARY_ENTITY_BUSINESS_NAME,secondary_entity_business_name,mapped
2025,lca_2025q2.xlsx,SOC_CODE,soc_id,mapped
2025,lca_2025q2.xlsx,SOC_TITLE,soc_title,mapped
2025,lca_2025q2.xlsx,STATUTORY_BASIS,statutory_basis,mapped
2025,lca_2025q2.xlsx,SUPPORT_H1B,support_h1b,mapped
2025,lca_2025q2.xlsx,TOTAL_WORKER_POSITIONS,total_workers,mapped
2025,lca_2025q2.xlsx,TOTAL_WORKSITE_LOCATIONS,total_worksite_locations,mapped
2025,lca_2025q2.xlsx,VISA_CLASS,visa_class,mapped
2025,lca_2025q2.xlsx,WAGE_RATE_OF_PAY_FROM,wage_offered_from,mapped
2025,lca_2025q2.xlsx,WAGE_RATE_OF_PAY_TO,wage_offered_to,mapped
2025,lca_2025q2.xlsx,WAGE_UNIT_OF_PAY,wage_unit_of_pay,mapped
2025,lca_2025q2.xlsx,WILLFUL_VIOLATOR,willful_violator,mapped
2025,lca_2025q2.xlsx,,withdrawn,absent this year
2025,lca_2025q2.xlsx,WORKSITE_ADDRESS1,worksite_address,mapped
2025,lca_2025q2.xlsx,WORKSITE_CITY,worksite_city,mapped
2025,lca_2025q2.xlsx,WORKSITE_COUNTY,worksite_county,mapped
2025,lca_2025q2.xlsx,WORKSITE_POSTAL_CODE,worksite_postal_code,mapped
2025,lca_2025q2.xlsx,WORKSITE_STATE,worksite_state,mapped
2025,lca_2025q2.xlsx,WORKSITE_WORKERS,worksite_workers,mapped
2025,lca_2025q2.xlsx,AGENT_ATTORNEY_ADDRESS1,,dropped: attorney/agent personal details
2025,lca_2025q2.xlsx,AGENT_ATTORNEY_ADDRESS2,,dropped: attorney/agent personal details
2025,lca_2025q2.xlsx,AGENT_ATTORNEY_CITY,,dropped: attorney/agent personal details
2025,lca_2025q2.xlsx,AGENT_ATTORNEY_COUNTRY,,dropped: attorney/agent personal details
2025,lca_2025q2.xlsx,AGENT_ATTORNEY_EMAIL_ADDRESS,,dropped: attorney/agent personal details
2025,lca_2025q2.xlsx,AGENT_ATTORNEY_FIRST_NAME,,dropped: attorney/agent personal details
2025,lca_2025q2.xlsx,AGENT_ATTORNEY_LAST_NAME,,dropped: attorney/agent personal details
2025,lca_2025q2.xlsx,AGENT_ATTORNEY_MIDDLE_NAME,,dropped: attorney/agent personal details
2025,lca_2025q2.xlsx,AGENT_ATTORNEY_PHONE,,dropped: attorney/agent personal details
2025,lca_2025q2.xlsx,AGENT_ATTORNEY_PHONE_EXT,,dropped: attorney/agent personal details
2025,lca_2025q2.xlsx,AGENT_ATTORNEY_POSTAL_CODE,,dropped: attorney/agent personal details
2025,lca_2025q2.xlsx,AGENT_ATTORNEY_PROVINCE,,dropped: attorney/agent personal details
2025,lca_2025q2.xlsx,AGENT_ATTORNEY_STATE,,dropped: attorney/agent personal details
2025,lca_2025q2.xlsx,AGREE_TO_LC_STATEMENT,,dropped: LCA attestation plumbing
2025,lca_2025q2.xlsx,APPENDIX_A_ATTACHED,,dropped: form attachment flag
2025,lca_2025q2.xlsx,EMPLOYER_ADDRESS2,,dropped: secondary worksite/wage block (primary worksite only)
2025,lca_2025q2.xlsx,EMPLOYER_FEIN,,dropped: phone / employer identifier
2025,lca_2025q2.xlsx,EMPLOYER_PHONE,,dropped: phone / employer identifier
2025,lca_2025q2.xlsx,EMPLOYER_PHONE_EXT,,dropped: phone / employer identifier
2025,lca_2025q2.xlsx,EMPLOYER_POC_ADDRESS1,,dropped: employer point-of-contact personal details
2025,lca_2025q2.xlsx,EMPLOYER_POC_ADDRESS2,,dropped: employer point-of-contact personal details
2025,lca_2025q2.xlsx,EMPLOYER_POC_CITY,,dropped: employer point-of-contact personal details
2025,lca_2025q2.xlsx,EMPLOYER_POC_COUNTRY,,dropped: employer point-of-contact personal details
2025,lca_2025q2.xlsx,EMPLOYER_POC_EMAIL,,dropped: employer point-of-contact personal details
2025,lca_2025q2.xlsx,EMPLOYER_POC_FIRST_NAME,,dropped: employer point-of-contact personal details
2025,lca_2025q2.xlsx,EMPLOYER_POC_JOB_TITLE,,dropped: employer point-of-contact personal details
2025,lca_2025q2.xlsx,EMPLOYER_POC_LAST_NAME,,dropped: employer point-of-contact personal details
2025,lca_2025q2.xlsx,EMPLOYER_POC_MIDDLE_NAME,,dropped: employer point-of-contact personal details
2025,lca_2025q2.xlsx,EMPLOYER_POC_PHONE,,dropped: employer point-of-contact personal details
2025,lca_2025q2.xlsx,EMPLOYER_POC_PHONE_EXT,,dropped: employer point-of-contact personal details
2025,lca_2025q2.xlsx,EMPLOYER_POC_POSTAL_CODE,,dropped: employer point-of-contact personal details
2025,lca_2025q2.xlsx,EMPLOYER_POC_PROVINCE,,dropped: employer point-of-contact personal details
2025,lca_2025q2.xlsx,EMPLOYER_POC_STATE,,dropped: employer point-of-contact personal details
2025,lca_2025q2.xlsx,EMPLOYER_PROVINCE,,dropped: non-US employer province
2025,lca_2025q2.xlsx,LAWFIRM_BUSINESS_FEIN,,dropped: phone / employer identifier
2025,lca_2025q2.xlsx,NAME_OF_HIGHEST_STATE_COURT,,dropped: attorney bar detail
2025,lca_2025q2.xlsx,PREPARER_BUSINESS_NAME,,dropped: form preparer personal details
2025,lca_2025q2.xlsx,PREPARER_EMAIL,,dropped: form preparer personal details
2025,lca_2025q2.xlsx,PREPARER_FIRST_NAME,,dropped: form preparer personal details
2025,lca_2025q2.xlsx,PREPARER_LAST_NAME,,dropped: form preparer personal details
2025,lca_2025q2.xlsx,PREPARER_MIDDLE_INITIAL,,dropped: form preparer personal details
2025,lca_2025q2.xlsx,PUBLIC_DISCLOSURE,,dropped: LCA attestation plumbing
2025,lca_2025q2.xlsx,PW_OTHER_YEAR,,dropped: prevailing wage survey detail
2025,lca_2025q2.xlsx,PW_SURVEY_NAME,,dropped: prevailing wage survey detail
2025,lca_2025q2.xlsx,PW_SURVEY_PUBLISHER,,dropped: prevailing wage survey detail
2025,lca_2025q2.xlsx,STATE_OF_HIGHEST_COURT,,dropped: attorney bar detail
2025,lca_2025q2.xlsx,WORKSITE_ADDRESS2,,dropped: secondary worksite/wage block (primary worksite only)
2025,lca_2025q3.xlsx,AGENT_REPRESENTING_EMPLOYER,agent_representing_employer,mapped
2025,lca_2025q3.xlsx,AMENDED_PETITION,amended_petition,mapped
2025,lca_2025q3.xlsx,LAWFIRM_NAME_BUSINESS_NAME,attorney_law_firm_name,mapped
2025,lca_2025q3.xlsx,CASE_NUMBER,case_number,mapped
2025,lca_2025q3.xlsx,CASE_STATUS,case_status,mapped
2025,lca_2025q3.xlsx,CHANGE_EMPLOYER,change_employer,mapped
2025,lca_2025q3.xlsx,CHANGE_PREVIOUS_EMPLOYMENT,change_previous_employment,mapped
2025,lca_2025q3.xlsx,CONTINUED_EMPLOYMENT,continued_employment,mapped
2025,lca_2025q3.xlsx,DECISION_DATE,decision_date,mapped
2025,lca_2025q3.xlsx,EMPLOYER_ADDRESS1,employer_address,mapped
2025,lca_2025q3.xlsx,EMPLOYER_CITY,employer_city,mapped
2025,lca_2025q3.xlsx,EMPLOYER_COUNTRY,employer_country,mapped
2025,lca_2025q3.xlsx,EMPLOYER_NAME,employer_name,mapped
2025,lca_2025q3.xlsx,EMPLOYER_POSTAL_CODE,employer_postal_code,mapped
2025,lca_2025q3.xlsx,EMPLOYER_STATE,employer_state,mapped
2025,lca_2025q3.xlsx,TRADE_NAME_DBA,employer_trade_name,mapped
2025,lca_2025q3.xlsx,BEGIN_DATE,employment_begin_date,mapped
2025,lca_2025q3.xlsx,END_DATE,employment_end_date,mapped
2025,lca_2025q3.xlsx,FULL_TIME_POSITION,full_time_position,mapped
2025,lca_2025q3.xlsx,H_1B_DEPENDENT,h1b_dependent,mapped
2025,lca_2025q3.xlsx,JOB_TITLE,job_title,mapped
2025,lca_2025q3.xlsx,NAICS_CODE,naics_id,mapped
2025,lca_2025q3.xlsx,NEW_CONCURRENT_EMPLOYMENT,new_concurrent_employment,mapped
2025,lca_2025q3.xlsx,NEW_EMPLOYMENT,new_employment,mapped
2025,lca_2025q3.xlsx,ORIGINAL_CERT_DATE,original_certification_date,mapped
2025,lca_2025q3.xlsx,PREVAILING_WAGE,prevailing_wage,mapped
2025,lca_2025q3.xlsx,PW_WAGE_LEVEL,prevailing_wage_level,mapped
2025,lca_2025q3.xlsx,PW_OTHER_SOURCE,prevailing_wage_source,mapped
2025,lca_2025q3.xlsx,PW_OES_YEAR,prevailing_wage_source_year,mapped
2025,lca_2025q3.xlsx,PW_TRACKING_NUMBER,prevailing_wage_tracking_number,mapped
2025,lca_2025q3.xlsx,PW_UNIT_OF_PAY,prevailing_wage_unit_of_pay,mapped
2025,lca_2025q3.xlsx,RECEIVED_DATE,received_date,mapped
2025,lca_2025q3.xlsx,SECONDARY_ENTITY,secondary_entity,mapped
2025,lca_2025q3.xlsx,SECONDARY_ENTITY_BUSINESS_NAME,secondary_entity_business_name,mapped
2025,lca_2025q3.xlsx,SOC_CODE,soc_id,mapped
2025,lca_2025q3.xlsx,SOC_TITLE,soc_title,mapped
2025,lca_2025q3.xlsx,STATUTORY_BASIS,statutory_basis,mapped
2025,lca_2025q3.xlsx,SUPPORT_H1B,support_h1b,mapped
2025,lca_2025q3.xlsx,TOTAL_WORKER_POSITIONS,total_workers,mapped
2025,lca_2025q3.xlsx,TOTAL_WORKSITE_LOCATIONS,total_worksite_locations,mapped
2025,lca_2025q3.xlsx,VISA_CLASS,visa_class,mapped
2025,lca_2025q3.xlsx,WAGE_RATE_OF_PAY_FROM,wage_offered_from,mapped
2025,lca_2025q3.xlsx,WAGE_RATE_OF_PAY_TO,wage_offered_to,mapped
2025,lca_2025q3.xlsx,WAGE_UNIT_OF_PAY,wage_unit_of_pay,mapped
2025,lca_2025q3.xlsx,WILLFUL_VIOLATOR,willful_violator,mapped
2025,lca_2025q3.xlsx,,withdrawn,absent this year
2025,lca_2025q3.xlsx,WORKSITE_ADDRESS1,worksite_address,mapped
2025,lca_2025q3.xlsx,WORKSITE_CITY,worksite_city,mapped
2025,lca_2025q3.xlsx,WORKSITE_COUNTY,worksite_county,mapped
2025,lca_2025q3.xlsx,WORKSITE_POSTAL_CODE,worksite_postal_code,mapped
2025,lca_2025q3.xlsx,WORKSITE_STATE,worksite_state,mapped
2025,lca_2025q3.xlsx,WORKSITE_WORKERS,worksite_workers,mapped
2025,lca_2025q3.xlsx,AGENT_ATTORNEY_ADDRESS1,,dropped: attorney/agent personal details
2025,lca_2025q3.xlsx,AGENT_ATTORNEY_ADDRESS2,,dropped: attorney/agent personal details
2025,lca_2025q3.xlsx,AGENT_ATTORNEY_CITY,,dropped: attorney/agent personal details
2025,lca_2025q3.xlsx,AGENT_ATTORNEY_COUNTRY,,dropped: attorney/agent personal details
2025,lca_2025q3.xlsx,AGENT_ATTORNEY_EMAIL_ADDRESS,,dropped: attorney/agent personal details
2025,lca_2025q3.xlsx,AGENT_ATTORNEY_FIRST_NAME,,dropped: attorney/agent personal details
2025,lca_2025q3.xlsx,AGENT_ATTORNEY_LAST_NAME,,dropped: attorney/agent personal details
2025,lca_2025q3.xlsx,AGENT_ATTORNEY_MIDDLE_NAME,,dropped: attorney/agent personal details
2025,lca_2025q3.xlsx,AGENT_ATTORNEY_PHONE,,dropped: attorney/agent personal details
2025,lca_2025q3.xlsx,AGENT_ATTORNEY_PHONE_EXT,,dropped: attorney/agent personal details
2025,lca_2025q3.xlsx,AGENT_ATTORNEY_POSTAL_CODE,,dropped: attorney/agent personal details
2025,lca_2025q3.xlsx,AGENT_ATTORNEY_PROVINCE,,dropped: attorney/agent personal details
2025,lca_2025q3.xlsx,AGENT_ATTORNEY_STATE,,dropped: attorney/agent personal details
2025,lca_2025q3.xlsx,AGREE_TO_LC_STATEMENT,,dropped: LCA attestation plumbing
2025,lca_2025q3.xlsx,APPENDIX_A_ATTACHED,,dropped: form attachment flag
2025,lca_2025q3.xlsx,EMPLOYER_ADDRESS2,,dropped: secondary worksite/wage block (primary worksite only)
2025,lca_2025q3.xlsx,EMPLOYER_FEIN,,dropped: phone / employer identifier
2025,lca_2025q3.xlsx,EMPLOYER_PHONE,,dropped: phone / employer identifier
2025,lca_2025q3.xlsx,EMPLOYER_PHONE_EXT,,dropped: phone / employer identifier
2025,lca_2025q3.xlsx,EMPLOYER_POC_ADDRESS1,,dropped: employer point-of-contact personal details
2025,lca_2025q3.xlsx,EMPLOYER_POC_ADDRESS2,,dropped: employer point-of-contact personal details
2025,lca_2025q3.xlsx,EMPLOYER_POC_CITY,,dropped: employer point-of-contact personal details
2025,lca_2025q3.xlsx,EMPLOYER_POC_COUNTRY,,dropped: employer point-of-contact personal details
2025,lca_2025q3.xlsx,EMPLOYER_POC_EMAIL,,dropped: employer point-of-contact personal details
2025,lca_2025q3.xlsx,EMPLOYER_POC_FIRST_NAME,,dropped: employer point-of-contact personal details
2025,lca_2025q3.xlsx,EMPLOYER_POC_JOB_TITLE,,dropped: employer point-of-contact personal details
2025,lca_2025q3.xlsx,EMPLOYER_POC_LAST_NAME,,dropped: employer point-of-contact personal details
2025,lca_2025q3.xlsx,EMPLOYER_POC_MIDDLE_NAME,,dropped: employer point-of-contact personal details
2025,lca_2025q3.xlsx,EMPLOYER_POC_PHONE,,dropped: employer point-of-contact personal details
2025,lca_2025q3.xlsx,EMPLOYER_POC_PHONE_EXT,,dropped: employer point-of-contact personal details
2025,lca_2025q3.xlsx,EMPLOYER_POC_POSTAL_CODE,,dropped: employer point-of-contact personal details
2025,lca_2025q3.xlsx,EMPLOYER_POC_PROVINCE,,dropped: employer point-of-contact personal details
2025,lca_2025q3.xlsx,EMPLOYER_POC_STATE,,dropped: employer point-of-contact personal details
2025,lca_2025q3.xlsx,EMPLOYER_PROVINCE,,dropped: non-US employer province
2025,lca_2025q3.xlsx,LAWFIRM_BUSINESS_FEIN,,dropped: phone / employer identifier
2025,lca_2025q3.xlsx,NAME_OF_HIGHEST_STATE_COURT,,dropped: attorney bar detail
2025,lca_2025q3.xlsx,PREPARER_BUSINESS_NAME,,dropped: form preparer personal details
2025,lca_2025q3.xlsx,PREPARER_EMAIL,,dropped: form preparer personal details
2025,lca_2025q3.xlsx,PREPARER_FIRST_NAME,,dropped: form preparer personal details
2025,lca_2025q3.xlsx,PREPARER_LAST_NAME,,dropped: form preparer personal details
2025,lca_2025q3.xlsx,PREPARER_MIDDLE_INITIAL,,dropped: form preparer personal details
2025,lca_2025q3.xlsx,PUBLIC_DISCLOSURE,,dropped: LCA attestation plumbing
2025,lca_2025q3.xlsx,PW_OTHER_YEAR,,dropped: prevailing wage survey detail
2025,lca_2025q3.xlsx,PW_SURVEY_NAME,,dropped: prevailing wage survey detail
2025,lca_2025q3.xlsx,PW_SURVEY_PUBLISHER,,dropped: prevailing wage survey detail
2025,lca_2025q3.xlsx,STATE_OF_HIGHEST_COURT,,dropped: attorney bar detail
2025,lca_2025q3.xlsx,WORKSITE_ADDRESS2,,dropped: secondary worksite/wage block (primary worksite only)
2026,lca_2026.xlsx,AGENT_REPRESENTING_EMPLOYER,agent_representing_employer,mapped
2026,lca_2026.xlsx,AMENDED_PETITION,amended_petition,mapped
2026,lca_2026.xlsx,LAWFIRM_NAME_BUSINESS_NAME,attorney_law_firm_name,mapped
2026,lca_2026.xlsx,CASE_NUMBER,case_number,mapped
2026,lca_2026.xlsx,CASE_STATUS,case_status,mapped
2026,lca_2026.xlsx,CHANGE_EMPLOYER,change_employer,mapped
2026,lca_2026.xlsx,CHANGE_PREVIOUS_EMPLOYMENT,change_previous_employment,mapped
2026,lca_2026.xlsx,CONTINUED_EMPLOYMENT,continued_employment,mapped
2026,lca_2026.xlsx,DECISION_DATE,decision_date,mapped
2026,lca_2026.xlsx,EMPLOYER_ADDRESS1,employer_address,mapped
2026,lca_2026.xlsx,EMPLOYER_CITY,employer_city,mapped
2026,lca_2026.xlsx,EMPLOYER_COUNTRY,employer_country,mapped
2026,lca_2026.xlsx,EMPLOYER_NAME,employer_name,mapped
2026,lca_2026.xlsx,EMPLOYER_POSTAL_CODE,employer_postal_code,mapped
2026,lca_2026.xlsx,EMPLOYER_STATE,employer_state,mapped
2026,lca_2026.xlsx,TRADE_NAME_DBA,employer_trade_name,mapped
2026,lca_2026.xlsx,BEGIN_DATE,employment_begin_date,mapped
2026,lca_2026.xlsx,END_DATE,employment_end_date,mapped
2026,lca_2026.xlsx,FULL_TIME_POSITION,full_time_position,mapped
2026,lca_2026.xlsx,H_1B_DEPENDENT,h1b_dependent,mapped
2026,lca_2026.xlsx,JOB_TITLE,job_title,mapped
2026,lca_2026.xlsx,NAICS_CODE,naics_id,mapped
2026,lca_2026.xlsx,NEW_CONCURRENT_EMPLOYMENT,new_concurrent_employment,mapped
2026,lca_2026.xlsx,NEW_EMPLOYMENT,new_employment,mapped
2026,lca_2026.xlsx,ORIGINAL_CERT_DATE,original_certification_date,mapped
2026,lca_2026.xlsx,PREVAILING_WAGE,prevailing_wage,mapped
2026,lca_2026.xlsx,PW_WAGE_LEVEL,prevailing_wage_level,mapped
2026,lca_2026.xlsx,PW_OTHER_SOURCE,prevailing_wage_source,mapped
2026,lca_2026.xlsx,PW_OES_YEAR,prevailing_wage_source_year,mapped
2026,lca_2026.xlsx,PW_TRACKING_NUMBER,prevailing_wage_tracking_number,mapped
2026,lca_2026.xlsx,PW_UNIT_OF_PAY,prevailing_wage_unit_of_pay,mapped
2026,lca_2026.xlsx,RECEIVED_DATE,received_date,mapped
2026,lca_2026.xlsx,SECONDARY_ENTITY,secondary_entity,mapped
2026,lca_2026.xlsx,SECONDARY_ENTITY_BUSINESS_NAME,secondary_entity_business_name,mapped
2026,lca_2026.xlsx,SOC_CODE,soc_id,mapped
2026,lca_2026.xlsx,SOC_TITLE,soc_title,mapped
2026,lca_2026.xlsx,STATUTORY_BASIS,statutory_basis,mapped
2026,lca_2026.xlsx,SUPPORT_H1B,support_h1b,mapped
2026,lca_2026.xlsx,TOTAL_WORKER_POSITIONS,total_workers,mapped
2026,lca_2026.xlsx,TOTAL_WORKSITE_LOCATIONS,total_worksite_locations,mapped
2026,lca_2026.xlsx,VISA_CLASS,visa_class,mapped
2026,lca_2026.xlsx,WAGE_RATE_OF_PAY_FROM,wage_offered_from,mapped
2026,lca_2026.xlsx,WAGE_RATE_OF_PAY_TO,wage_offered_to,mapped
2026,lca_2026.xlsx,WAGE_UNIT_OF_PAY,wage_unit_of_pay,mapped
2026,lca_2026.xlsx,WILLFUL_VIOLATOR,willful_violator,mapped
2026,lca_2026.xlsx,,withdrawn,absent this year
2026,lca_2026.xlsx,WORKSITE_ADDRESS1,worksite_address,mapped
2026,lca_2026.xlsx,WORKSITE_CITY,worksite_city,mapped
2026,lca_2026.xlsx,WORKSITE_COUNTY,worksite_county,mapped
2026,lca_2026.xlsx,WORKSITE_POSTAL_CODE,worksite_postal_code,mapped
2026,lca_2026.xlsx,WORKSITE_STATE,worksite_state,mapped
2026,lca_2026.xlsx,WORKSITE_WORKERS,worksite_workers,mapped
2026,lca_2026.xlsx,AGENT_ATTORNEY_ADDRESS1,,dropped: attorney/agent personal details
2026,lca_2026.xlsx,AGENT_ATTORNEY_ADDRESS2,,dropped: attorney/agent personal details
2026,lca_2026.xlsx,AGENT_ATTORNEY_CITY,,dropped: attorney/agent personal details
2026,lca_2026.xlsx,AGENT_ATTORNEY_COUNTRY,,dropped: attorney/agent personal details
2026,lca_2026.xlsx,AGENT_ATTORNEY_EMAIL_ADDRESS,,dropped: attorney/agent personal details
2026,lca_2026.xlsx,AGENT_ATTORNEY_FIRST_NAME,,dropped: attorney/agent personal details
2026,lca_2026.xlsx,AGENT_ATTORNEY_LAST_NAME,,dropped: attorney/agent personal details
2026,lca_2026.xlsx,AGENT_ATTORNEY_MIDDLE_NAME,,dropped: attorney/agent personal details
2026,lca_2026.xlsx,AGENT_ATTORNEY_PHONE,,dropped: attorney/agent personal details
2026,lca_2026.xlsx,AGENT_ATTORNEY_PHONE_EXT,,dropped: attorney/agent personal details
2026,lca_2026.xlsx,AGENT_ATTORNEY_POSTAL_CODE,,dropped: attorney/agent personal details
2026,lca_2026.xlsx,AGENT_ATTORNEY_PROVINCE,,dropped: attorney/agent personal details
2026,lca_2026.xlsx,AGENT_ATTORNEY_STATE,,dropped: attorney/agent personal details
2026,lca_2026.xlsx,AGREE_TO_LC_STATEMENT,,dropped: LCA attestation plumbing
2026,lca_2026.xlsx,APPENDIX_A_ATTACHED,,dropped: form attachment flag
2026,lca_2026.xlsx,EMPLOYER_ADDRESS2,,dropped: secondary worksite/wage block (primary worksite only)
2026,lca_2026.xlsx,EMPLOYER_FEIN,,dropped: phone / employer identifier
2026,lca_2026.xlsx,EMPLOYER_PHONE,,dropped: phone / employer identifier
2026,lca_2026.xlsx,EMPLOYER_PHONE_EXT,,dropped: phone / employer identifier
2026,lca_2026.xlsx,EMPLOYER_POC_ADDRESS1,,dropped: employer point-of-contact personal details
2026,lca_2026.xlsx,EMPLOYER_POC_ADDRESS2,,dropped: employer point-of-contact personal details
2026,lca_2026.xlsx,EMPLOYER_POC_CITY,,dropped: employer point-of-contact personal details
2026,lca_2026.xlsx,EMPLOYER_POC_COUNTRY,,dropped: employer point-of-contact personal details
2026,lca_2026.xlsx,EMPLOYER_POC_EMAIL,,dropped: employer point-of-contact personal details
2026,lca_2026.xlsx,EMPLOYER_POC_FIRST_NAME,,dropped: employer point-of-contact personal details
2026,lca_2026.xlsx,EMPLOYER_POC_JOB_TITLE,,dropped: employer point-of-contact personal details
2026,lca_2026.xlsx,EMPLOYER_POC_LAST_NAME,,dropped: employer point-of-contact personal details
2026,lca_2026.xlsx,EMPLOYER_POC_MIDDLE_NAME,,dropped: employer point-of-contact personal details
2026,lca_2026.xlsx,EMPLOYER_POC_PHONE,,dropped: employer point-of-contact personal details
2026,lca_2026.xlsx,EMPLOYER_POC_PHONE_EXT,,dropped: employer point-of-contact personal details
2026,lca_2026.xlsx,EMPLOYER_POC_POSTAL_CODE,,dropped: employer point-of-contact personal details
2026,lca_2026.xlsx,EMPLOYER_POC_PROVINCE,,dropped: employer point-of-contact personal details
2026,lca_2026.xlsx,EMPLOYER_POC_STATE,,dropped: employer point-of-contact personal details
2026,lca_2026.xlsx,EMPLOYER_PROVINCE,,dropped: non-US employer province
2026,lca_2026.xlsx,LAWFIRM_BUSINESS_FEIN,,dropped: phone / employer identifier
2026,lca_2026.xlsx,NAME_OF_HIGHEST_STATE_COURT,,dropped: attorney bar detail
2026,lca_2026.xlsx,PREPARER_BUSINESS_NAME,,dropped: form preparer personal details
2026,lca_2026.xlsx,PREPARER_EMAIL,,dropped: form preparer personal details
2026,lca_2026.xlsx,PREPARER_FIRST_NAME,,dropped: form preparer personal details
2026,lca_2026.xlsx,PREPARER_LAST_NAME,,dropped: form preparer personal details
2026,lca_2026.xlsx,PREPARER_MIDDLE_INITIAL,,dropped: form preparer personal details
2026,lca_2026.xlsx,PUBLIC_DISCLOSURE,,dropped: LCA attestation plumbing
2026,lca_2026.xlsx,PW_OTHER_YEAR,,dropped: prevailing wage survey detail
2026,lca_2026.xlsx,PW_SURVEY_NAME,,dropped: prevailing wage survey detail
2026,lca_2026.xlsx,PW_SURVEY_PUBLISHER,,dropped: prevailing wage survey detail
2026,lca_2026.xlsx,STATE_OF_HIGHEST_COURT,,dropped: attorney bar detail
2026,lca_2026.xlsx,WORKSITE_ADDRESS2,,dropped: secondary worksite/wage block (primary worksite only)
