product,year,column,bigquery_type,measurement_unit,source_variable,sentinels,note
birth,1968,year,INT64,year,datayear,,"partition; pre-2003 datayear is a 1-2 digit year suffix, rebuilt from the file year"
birth,1970,year,INT64,year,datayear,,"partition; pre-2003 datayear is a 1-2 digit year suffix, rebuilt from the file year"
birth,1971,year,INT64,year,datayear,,"partition; pre-2003 datayear is a 1-2 digit year suffix, rebuilt from the file year"
birth,1972,year,INT64,year,datayear,,"partition; pre-2003 datayear is a 1-2 digit year suffix, rebuilt from the file year"
birth,1973,year,INT64,year,datayear,,"partition; pre-2003 datayear is a 1-2 digit year suffix, rebuilt from the file year"
birth,1974,year,INT64,year,datayear,,"partition; pre-2003 datayear is a 1-2 digit year suffix, rebuilt from the file year"
birth,1975,year,INT64,year,datayear,,"partition; pre-2003 datayear is a 1-2 digit year suffix, rebuilt from the file year"
birth,1976,year,INT64,year,datayear,,"partition; pre-2003 datayear is a 1-2 digit year suffix, rebuilt from the file year"
birth,1977,year,INT64,year,datayear,,"partition; pre-2003 datayear is a 1-2 digit year suffix, rebuilt from the file year"
birth,1978,year,INT64,year,datayear,,"partition; pre-2003 datayear is a 1-2 digit year suffix, rebuilt from the file year"
birth,1979,year,INT64,year,datayear,,"partition; pre-2003 datayear is a 1-2 digit year suffix, rebuilt from the file year"
birth,1980,year,INT64,year,datayear,,"partition; pre-2003 datayear is a 1-2 digit year suffix, rebuilt from the file year"
birth,1981,year,INT64,year,datayear,,"partition; pre-2003 datayear is a 1-2 digit year suffix, rebuilt from the file year"
birth,1982,year,INT64,year,datayear,,"partition; pre-2003 datayear is a 1-2 digit year suffix, rebuilt from the file year"
birth,1983,year,INT64,year,datayear,,"partition; pre-2003 datayear is a 1-2 digit year suffix, rebuilt from the file year"
birth,1984,year,INT64,year,datayear,,"partition; pre-2003 datayear is a 1-2 digit year suffix, rebuilt from the file year"
birth,1985,year,INT64,year,datayear,,"partition; pre-2003 datayear is a 1-2 digit year suffix, rebuilt from the file year"
birth,1986,year,INT64,year,datayear,,"partition; pre-2003 datayear is a 1-2 digit year suffix, rebuilt from the file year"
birth,1987,year,INT64,year,datayear,,"partition; pre-2003 datayear is a 1-2 digit year suffix, rebuilt from the file year"
birth,1988,year,INT64,year,datayear,,"partition; pre-2003 datayear is a 1-2 digit year suffix, rebuilt from the file year"
birth,1989,year,INT64,year,datayear,,"partition; pre-2003 datayear is a 1-2 digit year suffix, rebuilt from the file year"
birth,1990,year,INT64,year,datayear,,"partition; pre-2003 datayear is a 1-2 digit year suffix, rebuilt from the file year"
birth,1991,year,INT64,year,datayear,,"partition; pre-2003 datayear is a 1-2 digit year suffix, rebuilt from the file year"
birth,1992,year,INT64,year,datayear,,"partition; pre-2003 datayear is a 1-2 digit year suffix, rebuilt from the file year"
birth,1993,year,INT64,year,datayear,,"partition; pre-2003 datayear is a 1-2 digit year suffix, rebuilt from the file year"
birth,1994,year,INT64,year,datayear,,"partition; pre-2003 datayear is a 1-2 digit year suffix, rebuilt from the file year"
birth,1995,year,INT64,year,datayear,,"partition; pre-2003 datayear is a 1-2 digit year suffix, rebuilt from the file year"
birth,1996,year,INT64,year,datayear,,"partition; pre-2003 datayear is a 1-2 digit year suffix, rebuilt from the file year"
birth,1997,year,INT64,year,datayear,,"partition; pre-2003 datayear is a 1-2 digit year suffix, rebuilt from the file year"
birth,1998,year,INT64,year,datayear,,"partition; pre-2003 datayear is a 1-2 digit year suffix, rebuilt from the file year"
birth,1999,year,INT64,year,datayear,,"partition; pre-2003 datayear is a 1-2 digit year suffix, rebuilt from the file year"
birth,2000,year,INT64,year,datayear,,"partition; pre-2003 datayear is a 1-2 digit year suffix, rebuilt from the file year"
birth,2001,year,INT64,year,datayear,,"partition; pre-2003 datayear is a 1-2 digit year suffix, rebuilt from the file year"
birth,2002,year,INT64,year,datayear,,"partition; pre-2003 datayear is a 1-2 digit year suffix, rebuilt from the file year"
birth,2003,year,INT64,year,dob_yy,,"partition; pre-2003 datayear is a 1-2 digit year suffix, rebuilt from the file year"
birth,2004,year,INT64,year,dob_yy,,"partition; pre-2003 datayear is a 1-2 digit year suffix, rebuilt from the file year"
birth,2005,year,INT64,year,dob_yy,,"partition; pre-2003 datayear is a 1-2 digit year suffix, rebuilt from the file year"
birth,2006,year,INT64,year,dob_yy,,"partition; pre-2003 datayear is a 1-2 digit year suffix, rebuilt from the file year"
birth,2007,year,INT64,year,dob_yy,,"partition; pre-2003 datayear is a 1-2 digit year suffix, rebuilt from the file year"
birth,2008,year,INT64,year,dob_yy,,"partition; pre-2003 datayear is a 1-2 digit year suffix, rebuilt from the file year"
birth,2009,year,INT64,year,dob_yy,,"partition; pre-2003 datayear is a 1-2 digit year suffix, rebuilt from the file year"
birth,2010,year,INT64,year,dob_yy,,"partition; pre-2003 datayear is a 1-2 digit year suffix, rebuilt from the file year"
birth,2011,year,INT64,year,dob_yy,,"partition; pre-2003 datayear is a 1-2 digit year suffix, rebuilt from the file year"
birth,2012,year,INT64,year,dob_yy,,"partition; pre-2003 datayear is a 1-2 digit year suffix, rebuilt from the file year"
birth,2013,year,INT64,year,dob_yy,,"partition; pre-2003 datayear is a 1-2 digit year suffix, rebuilt from the file year"
birth,2014,year,INT64,year,dob_yy,,"partition; pre-2003 datayear is a 1-2 digit year suffix, rebuilt from the file year"
birth,2015,year,INT64,year,dob_yy,,"partition; pre-2003 datayear is a 1-2 digit year suffix, rebuilt from the file year"
birth,2016,year,INT64,year,dob_yy,,"partition; pre-2003 datayear is a 1-2 digit year suffix, rebuilt from the file year"
birth,2017,year,INT64,year,dob_yy,,"partition; pre-2003 datayear is a 1-2 digit year suffix, rebuilt from the file year"
birth,2018,year,INT64,year,dob_yy,,"partition; pre-2003 datayear is a 1-2 digit year suffix, rebuilt from the file year"
birth,2019,year,INT64,year,dob_yy,,"partition; pre-2003 datayear is a 1-2 digit year suffix, rebuilt from the file year"
birth,2020,year,INT64,year,dob_yy,,"partition; pre-2003 datayear is a 1-2 digit year suffix, rebuilt from the file year"
birth,2021,year,INT64,year,dob_yy,,"partition; pre-2003 datayear is a 1-2 digit year suffix, rebuilt from the file year"
birth,2022,year,INT64,year,dob_yy,,"partition; pre-2003 datayear is a 1-2 digit year suffix, rebuilt from the file year"
birth,2023,year,INT64,year,dob_yy,,"partition; pre-2003 datayear is a 1-2 digit year suffix, rebuilt from the file year"
birth,2024,year,INT64,year,dob_yy,,"partition; pre-2003 datayear is a 1-2 digit year suffix, rebuilt from the file year"
birth,1968,birth_month,INT64,month,birmon,99,
birth,1970,birth_month,INT64,month,birmon,99,
birth,1971,birth_month,INT64,month,birmon,99,
birth,1972,birth_month,INT64,month,birmon,99,
birth,1973,birth_month,INT64,month,birmon,99,
birth,1974,birth_month,INT64,month,birmon,99,
birth,1975,birth_month,INT64,month,birmon,99,
birth,1976,birth_month,INT64,month,birmon,99,
birth,1977,birth_month,INT64,month,birmon,99,
birth,1978,birth_month,INT64,month,birmon,99,
birth,1979,birth_month,INT64,month,birmon,99,
birth,1980,birth_month,INT64,month,birmon,99,
birth,1981,birth_month,INT64,month,birmon,99,
birth,1982,birth_month,INT64,month,birmon,99,
birth,1983,birth_month,INT64,month,birmon,99,
birth,1984,birth_month,INT64,month,birmon,99,
birth,1985,birth_month,INT64,month,birmon,99,
birth,1986,birth_month,INT64,month,birmon,99,
birth,1987,birth_month,INT64,month,birmon,99,
birth,1988,birth_month,INT64,month,birmon,99,
birth,1989,birth_month,INT64,month,birmon,99,
birth,1990,birth_month,INT64,month,birmon,99,
birth,1991,birth_month,INT64,month,birmon,99,
birth,1992,birth_month,INT64,month,birmon,99,
birth,1993,birth_month,INT64,month,birmon,99,
birth,1994,birth_month,INT64,month,birmon,99,
birth,1995,birth_month,INT64,month,birmon,99,
birth,1996,birth_month,INT64,month,birmon,99,
birth,1997,birth_month,INT64,month,birmon,99,
birth,1998,birth_month,INT64,month,birmon,99,
birth,1999,birth_month,INT64,month,birmon,99,
birth,2000,birth_month,INT64,month,birmon,99,
birth,2001,birth_month,INT64,month,birmon,99,
birth,2002,birth_month,INT64,month,birmon,99,
birth,2003,birth_month,INT64,month,dob_mm,99,
birth,2004,birth_month,INT64,month,dob_mm,99,
birth,2005,birth_month,INT64,month,dob_mm,99,
birth,2006,birth_month,INT64,month,dob_mm,99,
birth,2007,birth_month,INT64,month,dob_mm,99,
birth,2008,birth_month,INT64,month,dob_mm,99,
birth,2009,birth_month,INT64,month,dob_mm,99,
birth,2010,birth_month,INT64,month,dob_mm,99,
birth,2011,birth_month,INT64,month,dob_mm,99,
birth,2012,birth_month,INT64,month,dob_mm,99,
birth,2013,birth_month,INT64,month,dob_mm,99,
birth,2014,birth_month,INT64,month,dob_mm,99,
birth,2015,birth_month,INT64,month,dob_mm,99,
birth,2016,birth_month,INT64,month,dob_mm,99,
birth,2017,birth_month,INT64,month,dob_mm,99,
birth,2018,birth_month,INT64,month,dob_mm,99,
birth,2019,birth_month,INT64,month,dob_mm,99,
birth,2020,birth_month,INT64,month,dob_mm,99,
birth,2021,birth_month,INT64,month,dob_mm,99,
birth,2022,birth_month,INT64,month,dob_mm,99,
birth,2023,birth_month,INT64,month,dob_mm,99,
birth,2024,birth_month,INT64,month,dob_mm,99,
birth,1968,birth_day_of_week,STRING,,,,2003+ only
birth,1970,birth_day_of_week,STRING,,,,2003+ only
birth,1971,birth_day_of_week,STRING,,,,2003+ only
birth,1972,birth_day_of_week,STRING,,,,2003+ only
birth,1973,birth_day_of_week,STRING,,,,2003+ only
birth,1974,birth_day_of_week,STRING,,,,2003+ only
birth,1975,birth_day_of_week,STRING,,,,2003+ only
birth,1976,birth_day_of_week,STRING,,,,2003+ only
birth,1977,birth_day_of_week,STRING,,,,2003+ only
birth,1978,birth_day_of_week,STRING,,,,2003+ only
birth,1979,birth_day_of_week,STRING,,,,2003+ only
birth,1980,birth_day_of_week,STRING,,,,2003+ only
birth,1981,birth_day_of_week,STRING,,,,2003+ only
birth,1982,birth_day_of_week,STRING,,,,2003+ only
birth,1983,birth_day_of_week,STRING,,,,2003+ only
birth,1984,birth_day_of_week,STRING,,,,2003+ only
birth,1985,birth_day_of_week,STRING,,,,2003+ only
birth,1986,birth_day_of_week,STRING,,,,2003+ only
birth,1987,birth_day_of_week,STRING,,,,2003+ only
birth,1988,birth_day_of_week,STRING,,,,2003+ only
birth,1989,birth_day_of_week,STRING,,,,2003+ only
birth,1990,birth_day_of_week,STRING,,,,2003+ only
birth,1991,birth_day_of_week,STRING,,,,2003+ only
birth,1992,birth_day_of_week,STRING,,,,2003+ only
birth,1993,birth_day_of_week,STRING,,,,2003+ only
birth,1994,birth_day_of_week,STRING,,,,2003+ only
birth,1995,birth_day_of_week,STRING,,,,2003+ only
birth,1996,birth_day_of_week,STRING,,,,2003+ only
birth,1997,birth_day_of_week,STRING,,,,2003+ only
birth,1998,birth_day_of_week,STRING,,,,2003+ only
birth,1999,birth_day_of_week,STRING,,,,2003+ only
birth,2000,birth_day_of_week,STRING,,,,2003+ only
birth,2001,birth_day_of_week,STRING,,,,2003+ only
birth,2002,birth_day_of_week,STRING,,,,2003+ only
birth,2003,birth_day_of_week,STRING,,dob_wk,,2003+ only
birth,2004,birth_day_of_week,STRING,,dob_wk,,2003+ only
birth,2005,birth_day_of_week,STRING,,dob_wk,,2003+ only
birth,2006,birth_day_of_week,STRING,,dob_wk,,2003+ only
birth,2007,birth_day_of_week,STRING,,dob_wk,,2003+ only
birth,2008,birth_day_of_week,STRING,,dob_wk,,2003+ only
birth,2009,birth_day_of_week,STRING,,dob_wk,,2003+ only
birth,2010,birth_day_of_week,STRING,,dob_wk,,2003+ only
birth,2011,birth_day_of_week,STRING,,dob_wk,,2003+ only
birth,2012,birth_day_of_week,STRING,,dob_wk,,2003+ only
birth,2013,birth_day_of_week,STRING,,dob_wk,,2003+ only
birth,2014,birth_day_of_week,STRING,,dob_wk,,2003+ only
birth,2015,birth_day_of_week,STRING,,dob_wk,,2003+ only
birth,2016,birth_day_of_week,STRING,,dob_wk,,2003+ only
birth,2017,birth_day_of_week,STRING,,dob_wk,,2003+ only
birth,2018,birth_day_of_week,STRING,,dob_wk,,2003+ only
birth,2019,birth_day_of_week,STRING,,dob_wk,,2003+ only
birth,2020,birth_day_of_week,STRING,,dob_wk,,2003+ only
birth,2021,birth_day_of_week,STRING,,dob_wk,,2003+ only
birth,2022,birth_day_of_week,STRING,,dob_wk,,2003+ only
birth,2023,birth_day_of_week,STRING,,dob_wk,,2003+ only
birth,2024,birth_day_of_week,STRING,,dob_wk,,2003+ only
birth,1968,state_residence_id,STRING,,stateres,,FIPS. 1982-2002 native FIPS; 1968-1981 mapped from NCHS alphabetical code; absent 2005+
birth,1970,state_residence_id,STRING,,stateres,,FIPS. 1982-2002 native FIPS; 1968-1981 mapped from NCHS alphabetical code; absent 2005+
birth,1971,state_residence_id,STRING,,stateres,,FIPS. 1982-2002 native FIPS; 1968-1981 mapped from NCHS alphabetical code; absent 2005+
birth,1972,state_residence_id,STRING,,stateres,,FIPS. 1982-2002 native FIPS; 1968-1981 mapped from NCHS alphabetical code; absent 2005+
birth,1973,state_residence_id,STRING,,stateres,,FIPS. 1982-2002 native FIPS; 1968-1981 mapped from NCHS alphabetical code; absent 2005+
birth,1974,state_residence_id,STRING,,stateres,,FIPS. 1982-2002 native FIPS; 1968-1981 mapped from NCHS alphabetical code; absent 2005+
birth,1975,state_residence_id,STRING,,stateres,,FIPS. 1982-2002 native FIPS; 1968-1981 mapped from NCHS alphabetical code; absent 2005+
birth,1976,state_residence_id,STRING,,stateres,,FIPS. 1982-2002 native FIPS; 1968-1981 mapped from NCHS alphabetical code; absent 2005+
birth,1977,state_residence_id,STRING,,stateres,,FIPS. 1982-2002 native FIPS; 1968-1981 mapped from NCHS alphabetical code; absent 2005+
birth,1978,state_residence_id,STRING,,stateres,,FIPS. 1982-2002 native FIPS; 1968-1981 mapped from NCHS alphabetical code; absent 2005+
birth,1979,state_residence_id,STRING,,stateres,,FIPS. 1982-2002 native FIPS; 1968-1981 mapped from NCHS alphabetical code; absent 2005+
birth,1980,state_residence_id,STRING,,stateres,,FIPS. 1982-2002 native FIPS; 1968-1981 mapped from NCHS alphabetical code; absent 2005+
birth,1981,state_residence_id,STRING,,stateres,,FIPS. 1982-2002 native FIPS; 1968-1981 mapped from NCHS alphabetical code; absent 2005+
birth,1982,state_residence_id,STRING,,stresfip,,FIPS. 1982-2002 native FIPS; 1968-1981 mapped from NCHS alphabetical code; absent 2005+
birth,1983,state_residence_id,STRING,,stresfip,,FIPS. 1982-2002 native FIPS; 1968-1981 mapped from NCHS alphabetical code; absent 2005+
birth,1984,state_residence_id,STRING,,stresfip,,FIPS. 1982-2002 native FIPS; 1968-1981 mapped from NCHS alphabetical code; absent 2005+
birth,1985,state_residence_id,STRING,,stresfip,,FIPS. 1982-2002 native FIPS; 1968-1981 mapped from NCHS alphabetical code; absent 2005+
birth,1986,state_residence_id,STRING,,stresfip,,FIPS. 1982-2002 native FIPS; 1968-1981 mapped from NCHS alphabetical code; absent 2005+
birth,1987,state_residence_id,STRING,,stresfip,,FIPS. 1982-2002 native FIPS; 1968-1981 mapped from NCHS alphabetical code; absent 2005+
birth,1988,state_residence_id,STRING,,stresfip,,FIPS. 1982-2002 native FIPS; 1968-1981 mapped from NCHS alphabetical code; absent 2005+
birth,1989,state_residence_id,STRING,,stresfip,,FIPS. 1982-2002 native FIPS; 1968-1981 mapped from NCHS alphabetical code; absent 2005+
birth,1990,state_residence_id,STRING,,stresfip,,FIPS. 1982-2002 native FIPS; 1968-1981 mapped from NCHS alphabetical code; absent 2005+
birth,1991,state_residence_id,STRING,,stresfip,,FIPS. 1982-2002 native FIPS; 1968-1981 mapped from NCHS alphabetical code; absent 2005+
birth,1992,state_residence_id,STRING,,stresfip,,FIPS. 1982-2002 native FIPS; 1968-1981 mapped from NCHS alphabetical code; absent 2005+
birth,1993,state_residence_id,STRING,,stresfip,,FIPS. 1982-2002 native FIPS; 1968-1981 mapped from NCHS alphabetical code; absent 2005+
birth,1994,state_residence_id,STRING,,stresfip,,FIPS. 1982-2002 native FIPS; 1968-1981 mapped from NCHS alphabetical code; absent 2005+
birth,1995,state_residence_id,STRING,,stresfip,,FIPS. 1982-2002 native FIPS; 1968-1981 mapped from NCHS alphabetical code; absent 2005+
birth,1996,state_residence_id,STRING,,stresfip,,FIPS. 1982-2002 native FIPS; 1968-1981 mapped from NCHS alphabetical code; absent 2005+
birth,1997,state_residence_id,STRING,,stresfip,,FIPS. 1982-2002 native FIPS; 1968-1981 mapped from NCHS alphabetical code; absent 2005+
birth,1998,state_residence_id,STRING,,stresfip,,FIPS. 1982-2002 native FIPS; 1968-1981 mapped from NCHS alphabetical code; absent 2005+
birth,1999,state_residence_id,STRING,,stresfip,,FIPS. 1982-2002 native FIPS; 1968-1981 mapped from NCHS alphabetical code; absent 2005+
birth,2000,state_residence_id,STRING,,stresfip,,FIPS. 1982-2002 native FIPS; 1968-1981 mapped from NCHS alphabetical code; absent 2005+
birth,2001,state_residence_id,STRING,,stresfip,,FIPS. 1982-2002 native FIPS; 1968-1981 mapped from NCHS alphabetical code; absent 2005+
birth,2002,state_residence_id,STRING,,stresfip,,FIPS. 1982-2002 native FIPS; 1968-1981 mapped from NCHS alphabetical code; absent 2005+
birth,2003,state_residence_id,STRING,,,,FIPS. 1982-2002 native FIPS; 1968-1981 mapped from NCHS alphabetical code; absent 2005+
birth,2004,state_residence_id,STRING,,,,FIPS. 1982-2002 native FIPS; 1968-1981 mapped from NCHS alphabetical code; absent 2005+
birth,2005,state_residence_id,STRING,,,,FIPS. 1982-2002 native FIPS; 1968-1981 mapped from NCHS alphabetical code; absent 2005+
birth,2006,state_residence_id,STRING,,,,FIPS. 1982-2002 native FIPS; 1968-1981 mapped from NCHS alphabetical code; absent 2005+
birth,2007,state_residence_id,STRING,,,,FIPS. 1982-2002 native FIPS; 1968-1981 mapped from NCHS alphabetical code; absent 2005+
birth,2008,state_residence_id,STRING,,,,FIPS. 1982-2002 native FIPS; 1968-1981 mapped from NCHS alphabetical code; absent 2005+
birth,2009,state_residence_id,STRING,,,,FIPS. 1982-2002 native FIPS; 1968-1981 mapped from NCHS alphabetical code; absent 2005+
birth,2010,state_residence_id,STRING,,,,FIPS. 1982-2002 native FIPS; 1968-1981 mapped from NCHS alphabetical code; absent 2005+
birth,2011,state_residence_id,STRING,,,,FIPS. 1982-2002 native FIPS; 1968-1981 mapped from NCHS alphabetical code; absent 2005+
birth,2012,state_residence_id,STRING,,,,FIPS. 1982-2002 native FIPS; 1968-1981 mapped from NCHS alphabetical code; absent 2005+
birth,2013,state_residence_id,STRING,,,,FIPS. 1982-2002 native FIPS; 1968-1981 mapped from NCHS alphabetical code; absent 2005+
birth,2014,state_residence_id,STRING,,,,FIPS. 1982-2002 native FIPS; 1968-1981 mapped from NCHS alphabetical code; absent 2005+
birth,2015,state_residence_id,STRING,,,,FIPS. 1982-2002 native FIPS; 1968-1981 mapped from NCHS alphabetical code; absent 2005+
birth,2016,state_residence_id,STRING,,,,FIPS. 1982-2002 native FIPS; 1968-1981 mapped from NCHS alphabetical code; absent 2005+
birth,2017,state_residence_id,STRING,,,,FIPS. 1982-2002 native FIPS; 1968-1981 mapped from NCHS alphabetical code; absent 2005+
birth,2018,state_residence_id,STRING,,,,FIPS. 1982-2002 native FIPS; 1968-1981 mapped from NCHS alphabetical code; absent 2005+
birth,2019,state_residence_id,STRING,,,,FIPS. 1982-2002 native FIPS; 1968-1981 mapped from NCHS alphabetical code; absent 2005+
birth,2020,state_residence_id,STRING,,,,FIPS. 1982-2002 native FIPS; 1968-1981 mapped from NCHS alphabetical code; absent 2005+
birth,2021,state_residence_id,STRING,,,,FIPS. 1982-2002 native FIPS; 1968-1981 mapped from NCHS alphabetical code; absent 2005+
birth,2022,state_residence_id,STRING,,,,FIPS. 1982-2002 native FIPS; 1968-1981 mapped from NCHS alphabetical code; absent 2005+
birth,2023,state_residence_id,STRING,,,,FIPS. 1982-2002 native FIPS; 1968-1981 mapped from NCHS alphabetical code; absent 2005+
birth,2024,state_residence_id,STRING,,,,FIPS. 1982-2002 native FIPS; 1968-1981 mapped from NCHS alphabetical code; absent 2005+
birth,1968,county_residence_id,STRING,,cntyres,,5-char state+county FIPS; absent 2005+
birth,1970,county_residence_id,STRING,,cntyres,,5-char state+county FIPS; absent 2005+
birth,1971,county_residence_id,STRING,,cntyres,,5-char state+county FIPS; absent 2005+
birth,1972,county_residence_id,STRING,,cntyres,,5-char state+county FIPS; absent 2005+
birth,1973,county_residence_id,STRING,,cntyres,,5-char state+county FIPS; absent 2005+
birth,1974,county_residence_id,STRING,,cntyres,,5-char state+county FIPS; absent 2005+
birth,1975,county_residence_id,STRING,,cntyres,,5-char state+county FIPS; absent 2005+
birth,1976,county_residence_id,STRING,,cntyres,,5-char state+county FIPS; absent 2005+
birth,1977,county_residence_id,STRING,,cntyres,,5-char state+county FIPS; absent 2005+
birth,1978,county_residence_id,STRING,,cntyres,,5-char state+county FIPS; absent 2005+
birth,1979,county_residence_id,STRING,,cntyres,,5-char state+county FIPS; absent 2005+
birth,1980,county_residence_id,STRING,,cntyres,,5-char state+county FIPS; absent 2005+
birth,1981,county_residence_id,STRING,,cntyres,,5-char state+county FIPS; absent 2005+
birth,1982,county_residence_id,STRING,,cntyrfip,,5-char state+county FIPS; absent 2005+
birth,1983,county_residence_id,STRING,,cntyrfip,,5-char state+county FIPS; absent 2005+
birth,1984,county_residence_id,STRING,,cntyrfip,,5-char state+county FIPS; absent 2005+
birth,1985,county_residence_id,STRING,,cntyrfip,,5-char state+county FIPS; absent 2005+
birth,1986,county_residence_id,STRING,,cntyrfip,,5-char state+county FIPS; absent 2005+
birth,1987,county_residence_id,STRING,,cntyrfip,,5-char state+county FIPS; absent 2005+
birth,1988,county_residence_id,STRING,,cntyrfip,,5-char state+county FIPS; absent 2005+
birth,1989,county_residence_id,STRING,,cntyrfip,,5-char state+county FIPS; absent 2005+
birth,1990,county_residence_id,STRING,,cntyrfip,,5-char state+county FIPS; absent 2005+
birth,1991,county_residence_id,STRING,,cntyrfip,,5-char state+county FIPS; absent 2005+
birth,1992,county_residence_id,STRING,,cntyrfip,,5-char state+county FIPS; absent 2005+
birth,1993,county_residence_id,STRING,,cntyrfip,,5-char state+county FIPS; absent 2005+
birth,1994,county_residence_id,STRING,,cntyrfip,,5-char state+county FIPS; absent 2005+
birth,1995,county_residence_id,STRING,,cntyrfip,,5-char state+county FIPS; absent 2005+
birth,1996,county_residence_id,STRING,,cntyrfip,,5-char state+county FIPS; absent 2005+
birth,1997,county_residence_id,STRING,,cntyrfip,,5-char state+county FIPS; absent 2005+
birth,1998,county_residence_id,STRING,,cntyrfip,,5-char state+county FIPS; absent 2005+
birth,1999,county_residence_id,STRING,,cntyrfip,,5-char state+county FIPS; absent 2005+
birth,2000,county_residence_id,STRING,,cntyrfip,,5-char state+county FIPS; absent 2005+
birth,2001,county_residence_id,STRING,,cntyrfip,,5-char state+county FIPS; absent 2005+
birth,2002,county_residence_id,STRING,,cntyrfip,,5-char state+county FIPS; absent 2005+
birth,2003,county_residence_id,STRING,,,,5-char state+county FIPS; absent 2005+
birth,2004,county_residence_id,STRING,,,,5-char state+county FIPS; absent 2005+
birth,2005,county_residence_id,STRING,,,,5-char state+county FIPS; absent 2005+
birth,2006,county_residence_id,STRING,,,,5-char state+county FIPS; absent 2005+
birth,2007,county_residence_id,STRING,,,,5-char state+county FIPS; absent 2005+
birth,2008,county_residence_id,STRING,,,,5-char state+county FIPS; absent 2005+
birth,2009,county_residence_id,STRING,,,,5-char state+county FIPS; absent 2005+
birth,2010,county_residence_id,STRING,,,,5-char state+county FIPS; absent 2005+
birth,2011,county_residence_id,STRING,,,,5-char state+county FIPS; absent 2005+
birth,2012,county_residence_id,STRING,,,,5-char state+county FIPS; absent 2005+
birth,2013,county_residence_id,STRING,,,,5-char state+county FIPS; absent 2005+
birth,2014,county_residence_id,STRING,,,,5-char state+county FIPS; absent 2005+
birth,2015,county_residence_id,STRING,,,,5-char state+county FIPS; absent 2005+
birth,2016,county_residence_id,STRING,,,,5-char state+county FIPS; absent 2005+
birth,2017,county_residence_id,STRING,,,,5-char state+county FIPS; absent 2005+
birth,2018,county_residence_id,STRING,,,,5-char state+county FIPS; absent 2005+
birth,2019,county_residence_id,STRING,,,,5-char state+county FIPS; absent 2005+
birth,2020,county_residence_id,STRING,,,,5-char state+county FIPS; absent 2005+
birth,2021,county_residence_id,STRING,,,,5-char state+county FIPS; absent 2005+
birth,2022,county_residence_id,STRING,,,,5-char state+county FIPS; absent 2005+
birth,2023,county_residence_id,STRING,,,,5-char state+county FIPS; absent 2005+
birth,2024,county_residence_id,STRING,,,,5-char state+county FIPS; absent 2005+
birth,1968,residence_status,STRING,,restatus,,all years
birth,1970,residence_status,STRING,,restatus,,all years
birth,1971,residence_status,STRING,,restatus,,all years
birth,1972,residence_status,STRING,,restatus,,all years
birth,1973,residence_status,STRING,,restatus,,all years
birth,1974,residence_status,STRING,,restatus,,all years
birth,1975,residence_status,STRING,,restatus,,all years
birth,1976,residence_status,STRING,,restatus,,all years
birth,1977,residence_status,STRING,,restatus,,all years
birth,1978,residence_status,STRING,,restatus,,all years
birth,1979,residence_status,STRING,,restatus,,all years
birth,1980,residence_status,STRING,,restatus,,all years
birth,1981,residence_status,STRING,,restatus,,all years
birth,1982,residence_status,STRING,,restatus,,all years
birth,1983,residence_status,STRING,,restatus,,all years
birth,1984,residence_status,STRING,,restatus,,all years
birth,1985,residence_status,STRING,,restatus,,all years
birth,1986,residence_status,STRING,,restatus,,all years
birth,1987,residence_status,STRING,,restatus,,all years
birth,1988,residence_status,STRING,,restatus,,all years
birth,1989,residence_status,STRING,,restatus,,all years
birth,1990,residence_status,STRING,,restatus,,all years
birth,1991,residence_status,STRING,,restatus,,all years
birth,1992,residence_status,STRING,,restatus,,all years
birth,1993,residence_status,STRING,,restatus,,all years
birth,1994,residence_status,STRING,,restatus,,all years
birth,1995,residence_status,STRING,,restatus,,all years
birth,1996,residence_status,STRING,,restatus,,all years
birth,1997,residence_status,STRING,,restatus,,all years
birth,1998,residence_status,STRING,,restatus,,all years
birth,1999,residence_status,STRING,,restatus,,all years
birth,2000,residence_status,STRING,,restatus,,all years
birth,2001,residence_status,STRING,,restatus,,all years
birth,2002,residence_status,STRING,,restatus,,all years
birth,2003,residence_status,STRING,,restatus,,all years
birth,2004,residence_status,STRING,,restatus,,all years
birth,2005,residence_status,STRING,,restatus,,all years
birth,2006,residence_status,STRING,,restatus,,all years
birth,2007,residence_status,STRING,,restatus,,all years
birth,2008,residence_status,STRING,,restatus,,all years
birth,2009,residence_status,STRING,,restatus,,all years
birth,2010,residence_status,STRING,,restatus,,all years
birth,2011,residence_status,STRING,,restatus,,all years
birth,2012,residence_status,STRING,,restatus,,all years
birth,2013,residence_status,STRING,,restatus,,all years
birth,2014,residence_status,STRING,,restatus,,all years
birth,2015,residence_status,STRING,,restatus,,all years
birth,2016,residence_status,STRING,,restatus,,all years
birth,2017,residence_status,STRING,,restatus,,all years
birth,2018,residence_status,STRING,,restatus,,all years
birth,2019,residence_status,STRING,,restatus,,all years
birth,2020,residence_status,STRING,,restatus,,all years
birth,2021,residence_status,STRING,,restatus,,all years
birth,2022,residence_status,STRING,,restatus,,all years
birth,2023,residence_status,STRING,,restatus,,all years
birth,2024,residence_status,STRING,,restatus,,all years
birth,1968,county_residence_population_code,STRING,,,,"category, not a count"
birth,1970,county_residence_population_code,STRING,,,,"category, not a count"
birth,1971,county_residence_population_code,STRING,,,,"category, not a count"
birth,1972,county_residence_population_code,STRING,,,,"category, not a count"
birth,1973,county_residence_population_code,STRING,,,,"category, not a count"
birth,1974,county_residence_population_code,STRING,,,,"category, not a count"
birth,1975,county_residence_population_code,STRING,,,,"category, not a count"
birth,1976,county_residence_population_code,STRING,,,,"category, not a count"
birth,1977,county_residence_population_code,STRING,,,,"category, not a count"
birth,1978,county_residence_population_code,STRING,,,,"category, not a count"
birth,1979,county_residence_population_code,STRING,,,,"category, not a count"
birth,1980,county_residence_population_code,STRING,,,,"category, not a count"
birth,1981,county_residence_population_code,STRING,,,,"category, not a count"
birth,1982,county_residence_population_code,STRING,,,,"category, not a count"
birth,1983,county_residence_population_code,STRING,,,,"category, not a count"
birth,1984,county_residence_population_code,STRING,,,,"category, not a count"
birth,1985,county_residence_population_code,STRING,,,,"category, not a count"
birth,1986,county_residence_population_code,STRING,,,,"category, not a count"
birth,1987,county_residence_population_code,STRING,,,,"category, not a count"
birth,1988,county_residence_population_code,STRING,,,,"category, not a count"
birth,1989,county_residence_population_code,STRING,,cntrspop,,"category, not a count"
birth,1990,county_residence_population_code,STRING,,cntrspop,,"category, not a count"
birth,1991,county_residence_population_code,STRING,,cntrspop,,"category, not a count"
birth,1992,county_residence_population_code,STRING,,cntrspop,,"category, not a count"
birth,1993,county_residence_population_code,STRING,,cntrspop,,"category, not a count"
birth,1994,county_residence_population_code,STRING,,cntrspop,,"category, not a count"
birth,1995,county_residence_population_code,STRING,,cntrspop,,"category, not a count"
birth,1996,county_residence_population_code,STRING,,cntrspop,,"category, not a count"
birth,1997,county_residence_population_code,STRING,,cntrspop,,"category, not a count"
birth,1998,county_residence_population_code,STRING,,cntrspop,,"category, not a count"
birth,1999,county_residence_population_code,STRING,,cntrspop,,"category, not a count"
birth,2000,county_residence_population_code,STRING,,cntrspop,,"category, not a count"
birth,2001,county_residence_population_code,STRING,,cntrspop,,"category, not a count"
birth,2002,county_residence_population_code,STRING,,cntrspop,,"category, not a count"
birth,2003,county_residence_population_code,STRING,,rcnty_pop,,"category, not a count"
birth,2004,county_residence_population_code,STRING,,rcnty_pop,,"category, not a count"
birth,2005,county_residence_population_code,STRING,,rcnty_pop,,"category, not a count"
birth,2006,county_residence_population_code,STRING,,rcnty_pop,,"category, not a count"
birth,2007,county_residence_population_code,STRING,,rcnty_pop,,"category, not a count"
birth,2008,county_residence_population_code,STRING,,rcnty_pop,,"category, not a count"
birth,2009,county_residence_population_code,STRING,,rcnty_pop,,"category, not a count"
birth,2010,county_residence_population_code,STRING,,rcnty_pop,,"category, not a count"
birth,2011,county_residence_population_code,STRING,,rcnty_pop,,"category, not a count"
birth,2012,county_residence_population_code,STRING,,rcnty_pop,,"category, not a count"
birth,2013,county_residence_population_code,STRING,,rcnty_pop,,"category, not a count"
birth,2014,county_residence_population_code,STRING,,,,"category, not a count"
birth,2015,county_residence_population_code,STRING,,,,"category, not a count"
birth,2016,county_residence_population_code,STRING,,,,"category, not a count"
birth,2017,county_residence_population_code,STRING,,,,"category, not a count"
birth,2018,county_residence_population_code,STRING,,rcnty_pop,,"category, not a count"
birth,2019,county_residence_population_code,STRING,,rcnty_pop,,"category, not a count"
birth,2020,county_residence_population_code,STRING,,rcnty_pop,,"category, not a count"
birth,2021,county_residence_population_code,STRING,,rcnty_pop,,"category, not a count"
birth,2022,county_residence_population_code,STRING,,rcnty_pop,,"category, not a count"
birth,2023,county_residence_population_code,STRING,,rcnty_pop,,"category, not a count"
birth,2024,county_residence_population_code,STRING,,rcnty_pop,,"category, not a count"
birth,1968,mother_age_years,INT64,year,dmage,99,
birth,1970,mother_age_years,INT64,year,dmage,99,
birth,1971,mother_age_years,INT64,year,dmage,99,
birth,1972,mother_age_years,INT64,year,dmage,99,
birth,1973,mother_age_years,INT64,year,dmage,99,
birth,1974,mother_age_years,INT64,year,dmage,99,
birth,1975,mother_age_years,INT64,year,dmage,99,
birth,1976,mother_age_years,INT64,year,dmage,99,
birth,1977,mother_age_years,INT64,year,dmage,99,
birth,1978,mother_age_years,INT64,year,dmage,99,
birth,1979,mother_age_years,INT64,year,dmage,99,
birth,1980,mother_age_years,INT64,year,dmage,99,
birth,1981,mother_age_years,INT64,year,dmage,99,
birth,1982,mother_age_years,INT64,year,dmage,99,
birth,1983,mother_age_years,INT64,year,dmage,99,
birth,1984,mother_age_years,INT64,year,dmage,99,
birth,1985,mother_age_years,INT64,year,dmage,99,
birth,1986,mother_age_years,INT64,year,dmage,99,
birth,1987,mother_age_years,INT64,year,dmage,99,
birth,1988,mother_age_years,INT64,year,dmage,99,
birth,1989,mother_age_years,INT64,year,dmage,99,
birth,1990,mother_age_years,INT64,year,dmage,99,
birth,1991,mother_age_years,INT64,year,dmage,99,
birth,1992,mother_age_years,INT64,year,dmage,99,
birth,1993,mother_age_years,INT64,year,dmage,99,
birth,1994,mother_age_years,INT64,year,dmage,99,
birth,1995,mother_age_years,INT64,year,dmage,99,
birth,1996,mother_age_years,INT64,year,dmage,99,
birth,1997,mother_age_years,INT64,year,dmage,99,
birth,1998,mother_age_years,INT64,year,dmage,99,
birth,1999,mother_age_years,INT64,year,dmage,99,
birth,2000,mother_age_years,INT64,year,dmage,99,
birth,2001,mother_age_years,INT64,year,dmage,99,
birth,2002,mother_age_years,INT64,year,dmage,99,
birth,2003,mother_age_years,INT64,year,,99,
birth,2004,mother_age_years,INT64,year,mager,99,
birth,2005,mother_age_years,INT64,year,mager,99,
birth,2006,mother_age_years,INT64,year,mager,99,
birth,2007,mother_age_years,INT64,year,mager,99,
birth,2008,mother_age_years,INT64,year,mager,99,
birth,2009,mother_age_years,INT64,year,mager,99,
birth,2010,mother_age_years,INT64,year,mager,99,
birth,2011,mother_age_years,INT64,year,mager,99,
birth,2012,mother_age_years,INT64,year,mager,99,
birth,2013,mother_age_years,INT64,year,mager,99,
birth,2014,mother_age_years,INT64,year,mager,99,
birth,2015,mother_age_years,INT64,year,mager,99,
birth,2016,mother_age_years,INT64,year,mager,99,
birth,2017,mother_age_years,INT64,year,mager,99,
birth,2018,mother_age_years,INT64,year,mager,99,
birth,2019,mother_age_years,INT64,year,mager,99,
birth,2020,mother_age_years,INT64,year,mager,99,
birth,2021,mother_age_years,INT64,year,mager,99,
birth,2022,mother_age_years,INT64,year,mager,99,
birth,2023,mother_age_years,INT64,year,mager,99,
birth,2024,mother_age_years,INT64,year,mager,99,
birth,1968,mother_age_recode_9,STRING,,mage8,,recode categories differ pre/post 2003
birth,1970,mother_age_recode_9,STRING,,mage8,,recode categories differ pre/post 2003
birth,1971,mother_age_recode_9,STRING,,mage8,,recode categories differ pre/post 2003
birth,1972,mother_age_recode_9,STRING,,mage8,,recode categories differ pre/post 2003
birth,1973,mother_age_recode_9,STRING,,mage8,,recode categories differ pre/post 2003
birth,1974,mother_age_recode_9,STRING,,mage8,,recode categories differ pre/post 2003
birth,1975,mother_age_recode_9,STRING,,mage8,,recode categories differ pre/post 2003
birth,1976,mother_age_recode_9,STRING,,mage8,,recode categories differ pre/post 2003
birth,1977,mother_age_recode_9,STRING,,mage8,,recode categories differ pre/post 2003
birth,1978,mother_age_recode_9,STRING,,mage8,,recode categories differ pre/post 2003
birth,1979,mother_age_recode_9,STRING,,mage8,,recode categories differ pre/post 2003
birth,1980,mother_age_recode_9,STRING,,mage8,,recode categories differ pre/post 2003
birth,1981,mother_age_recode_9,STRING,,mage8,,recode categories differ pre/post 2003
birth,1982,mother_age_recode_9,STRING,,mage8,,recode categories differ pre/post 2003
birth,1983,mother_age_recode_9,STRING,,mage8,,recode categories differ pre/post 2003
birth,1984,mother_age_recode_9,STRING,,mage8,,recode categories differ pre/post 2003
birth,1985,mother_age_recode_9,STRING,,mage8,,recode categories differ pre/post 2003
birth,1986,mother_age_recode_9,STRING,,mage8,,recode categories differ pre/post 2003
birth,1987,mother_age_recode_9,STRING,,mage8,,recode categories differ pre/post 2003
birth,1988,mother_age_recode_9,STRING,,mage8,,recode categories differ pre/post 2003
birth,1989,mother_age_recode_9,STRING,,mage8,,recode categories differ pre/post 2003
birth,1990,mother_age_recode_9,STRING,,mage8,,recode categories differ pre/post 2003
birth,1991,mother_age_recode_9,STRING,,mage8,,recode categories differ pre/post 2003
birth,1992,mother_age_recode_9,STRING,,mage8,,recode categories differ pre/post 2003
birth,1993,mother_age_recode_9,STRING,,mage8,,recode categories differ pre/post 2003
birth,1994,mother_age_recode_9,STRING,,mage8,,recode categories differ pre/post 2003
birth,1995,mother_age_recode_9,STRING,,mage8,,recode categories differ pre/post 2003
birth,1996,mother_age_recode_9,STRING,,mage8,,recode categories differ pre/post 2003
birth,1997,mother_age_recode_9,STRING,,mage8,,recode categories differ pre/post 2003
birth,1998,mother_age_recode_9,STRING,,mage8,,recode categories differ pre/post 2003
birth,1999,mother_age_recode_9,STRING,,mage8,,recode categories differ pre/post 2003
birth,2000,mother_age_recode_9,STRING,,mage8,,recode categories differ pre/post 2003
birth,2001,mother_age_recode_9,STRING,,mage8,,recode categories differ pre/post 2003
birth,2002,mother_age_recode_9,STRING,,mage8,,recode categories differ pre/post 2003
birth,2003,mother_age_recode_9,STRING,,mager9,,recode categories differ pre/post 2003
birth,2004,mother_age_recode_9,STRING,,mager9,,recode categories differ pre/post 2003
birth,2005,mother_age_recode_9,STRING,,mager9,,recode categories differ pre/post 2003
birth,2006,mother_age_recode_9,STRING,,mager9,,recode categories differ pre/post 2003
birth,2007,mother_age_recode_9,STRING,,mager9,,recode categories differ pre/post 2003
birth,2008,mother_age_recode_9,STRING,,mager9,,recode categories differ pre/post 2003
birth,2009,mother_age_recode_9,STRING,,mager9,,recode categories differ pre/post 2003
birth,2010,mother_age_recode_9,STRING,,mager9,,recode categories differ pre/post 2003
birth,2011,mother_age_recode_9,STRING,,mager9,,recode categories differ pre/post 2003
birth,2012,mother_age_recode_9,STRING,,mager9,,recode categories differ pre/post 2003
birth,2013,mother_age_recode_9,STRING,,mager9,,recode categories differ pre/post 2003
birth,2014,mother_age_recode_9,STRING,,mager9,,recode categories differ pre/post 2003
birth,2015,mother_age_recode_9,STRING,,mager9,,recode categories differ pre/post 2003
birth,2016,mother_age_recode_9,STRING,,mager9,,recode categories differ pre/post 2003
birth,2017,mother_age_recode_9,STRING,,mager9,,recode categories differ pre/post 2003
birth,2018,mother_age_recode_9,STRING,,mager9,,recode categories differ pre/post 2003
birth,2019,mother_age_recode_9,STRING,,mager9,,recode categories differ pre/post 2003
birth,2020,mother_age_recode_9,STRING,,mager9,,recode categories differ pre/post 2003
birth,2021,mother_age_recode_9,STRING,,mager9,,recode categories differ pre/post 2003
birth,2022,mother_age_recode_9,STRING,,mager9,,recode categories differ pre/post 2003
birth,2023,mother_age_recode_9,STRING,,mager9,,recode categories differ pre/post 2003
birth,2024,mother_age_recode_9,STRING,,mager9,,recode categories differ pre/post 2003
birth,1968,mother_education_years,INT64,year,,99|88,1989 certificate revision: YEARS of schooling. 1970-2008 only
birth,1970,mother_education_years,INT64,year,dmeduc,99|88,1989 certificate revision: YEARS of schooling. 1970-2008 only
birth,1971,mother_education_years,INT64,year,dmeduc,99|88,1989 certificate revision: YEARS of schooling. 1970-2008 only
birth,1972,mother_education_years,INT64,year,dmeduc,99|88,1989 certificate revision: YEARS of schooling. 1970-2008 only
birth,1973,mother_education_years,INT64,year,dmeduc,99|88,1989 certificate revision: YEARS of schooling. 1970-2008 only
birth,1974,mother_education_years,INT64,year,dmeduc,99|88,1989 certificate revision: YEARS of schooling. 1970-2008 only
birth,1975,mother_education_years,INT64,year,dmeduc,99|88,1989 certificate revision: YEARS of schooling. 1970-2008 only
birth,1976,mother_education_years,INT64,year,dmeduc,99|88,1989 certificate revision: YEARS of schooling. 1970-2008 only
birth,1977,mother_education_years,INT64,year,dmeduc,99|88,1989 certificate revision: YEARS of schooling. 1970-2008 only
birth,1978,mother_education_years,INT64,year,dmeduc,99|88,1989 certificate revision: YEARS of schooling. 1970-2008 only
birth,1979,mother_education_years,INT64,year,dmeduc,99|88,1989 certificate revision: YEARS of schooling. 1970-2008 only
birth,1980,mother_education_years,INT64,year,dmeduc,99|88,1989 certificate revision: YEARS of schooling. 1970-2008 only
birth,1981,mother_education_years,INT64,year,dmeduc,99|88,1989 certificate revision: YEARS of schooling. 1970-2008 only
birth,1982,mother_education_years,INT64,year,dmeduc,99|88,1989 certificate revision: YEARS of schooling. 1970-2008 only
birth,1983,mother_education_years,INT64,year,dmeduc,99|88,1989 certificate revision: YEARS of schooling. 1970-2008 only
birth,1984,mother_education_years,INT64,year,dmeduc,99|88,1989 certificate revision: YEARS of schooling. 1970-2008 only
birth,1985,mother_education_years,INT64,year,dmeduc,99|88,1989 certificate revision: YEARS of schooling. 1970-2008 only
birth,1986,mother_education_years,INT64,year,dmeduc,99|88,1989 certificate revision: YEARS of schooling. 1970-2008 only
birth,1987,mother_education_years,INT64,year,dmeduc,99|88,1989 certificate revision: YEARS of schooling. 1970-2008 only
birth,1988,mother_education_years,INT64,year,dmeduc,99|88,1989 certificate revision: YEARS of schooling. 1970-2008 only
birth,1989,mother_education_years,INT64,year,dmeduc,99|88,1989 certificate revision: YEARS of schooling. 1970-2008 only
birth,1990,mother_education_years,INT64,year,dmeduc,99|88,1989 certificate revision: YEARS of schooling. 1970-2008 only
birth,1991,mother_education_years,INT64,year,dmeduc,99|88,1989 certificate revision: YEARS of schooling. 1970-2008 only
birth,1992,mother_education_years,INT64,year,dmeduc,99|88,1989 certificate revision: YEARS of schooling. 1970-2008 only
birth,1993,mother_education_years,INT64,year,dmeduc,99|88,1989 certificate revision: YEARS of schooling. 1970-2008 only
birth,1994,mother_education_years,INT64,year,dmeduc,99|88,1989 certificate revision: YEARS of schooling. 1970-2008 only
birth,1995,mother_education_years,INT64,year,dmeduc,99|88,1989 certificate revision: YEARS of schooling. 1970-2008 only
birth,1996,mother_education_years,INT64,year,dmeduc,99|88,1989 certificate revision: YEARS of schooling. 1970-2008 only
birth,1997,mother_education_years,INT64,year,dmeduc,99|88,1989 certificate revision: YEARS of schooling. 1970-2008 only
birth,1998,mother_education_years,INT64,year,dmeduc,99|88,1989 certificate revision: YEARS of schooling. 1970-2008 only
birth,1999,mother_education_years,INT64,year,dmeduc,99|88,1989 certificate revision: YEARS of schooling. 1970-2008 only
birth,2000,mother_education_years,INT64,year,dmeduc,99|88,1989 certificate revision: YEARS of schooling. 1970-2008 only
birth,2001,mother_education_years,INT64,year,dmeduc,99|88,1989 certificate revision: YEARS of schooling. 1970-2008 only
birth,2002,mother_education_years,INT64,year,dmeduc,99|88,1989 certificate revision: YEARS of schooling. 1970-2008 only
birth,2003,mother_education_years,INT64,year,dmeduc,99|88,1989 certificate revision: YEARS of schooling. 1970-2008 only
birth,2004,mother_education_years,INT64,year,dmeduc,99|88,1989 certificate revision: YEARS of schooling. 1970-2008 only
birth,2005,mother_education_years,INT64,year,dmeduc,99|88,1989 certificate revision: YEARS of schooling. 1970-2008 only
birth,2006,mother_education_years,INT64,year,dmeduc,99|88,1989 certificate revision: YEARS of schooling. 1970-2008 only
birth,2007,mother_education_years,INT64,year,dmeduc,99|88,1989 certificate revision: YEARS of schooling. 1970-2008 only
birth,2008,mother_education_years,INT64,year,dmeduc,99|88,1989 certificate revision: YEARS of schooling. 1970-2008 only
birth,2009,mother_education_years,INT64,year,,99|88,1989 certificate revision: YEARS of schooling. 1970-2008 only
birth,2010,mother_education_years,INT64,year,,99|88,1989 certificate revision: YEARS of schooling. 1970-2008 only
birth,2011,mother_education_years,INT64,year,,99|88,1989 certificate revision: YEARS of schooling. 1970-2008 only
birth,2012,mother_education_years,INT64,year,,99|88,1989 certificate revision: YEARS of schooling. 1970-2008 only
birth,2013,mother_education_years,INT64,year,,99|88,1989 certificate revision: YEARS of schooling. 1970-2008 only
birth,2014,mother_education_years,INT64,year,,99|88,1989 certificate revision: YEARS of schooling. 1970-2008 only
birth,2015,mother_education_years,INT64,year,,99|88,1989 certificate revision: YEARS of schooling. 1970-2008 only
birth,2016,mother_education_years,INT64,year,,99|88,1989 certificate revision: YEARS of schooling. 1970-2008 only
birth,2017,mother_education_years,INT64,year,,99|88,1989 certificate revision: YEARS of schooling. 1970-2008 only
birth,2018,mother_education_years,INT64,year,,99|88,1989 certificate revision: YEARS of schooling. 1970-2008 only
birth,2019,mother_education_years,INT64,year,,99|88,1989 certificate revision: YEARS of schooling. 1970-2008 only
birth,2020,mother_education_years,INT64,year,,99|88,1989 certificate revision: YEARS of schooling. 1970-2008 only
birth,2021,mother_education_years,INT64,year,,99|88,1989 certificate revision: YEARS of schooling. 1970-2008 only
birth,2022,mother_education_years,INT64,year,,99|88,1989 certificate revision: YEARS of schooling. 1970-2008 only
birth,2023,mother_education_years,INT64,year,,99|88,1989 certificate revision: YEARS of schooling. 1970-2008 only
birth,2024,mother_education_years,INT64,year,,99|88,1989 certificate revision: YEARS of schooling. 1970-2008 only
birth,1968,mother_education_code,STRING,,,,2003 certificate revision: CATEGORIES. 2003-2024. NOT comparable to mother_education_years
birth,1970,mother_education_code,STRING,,,,2003 certificate revision: CATEGORIES. 2003-2024. NOT comparable to mother_education_years
birth,1971,mother_education_code,STRING,,,,2003 certificate revision: CATEGORIES. 2003-2024. NOT comparable to mother_education_years
birth,1972,mother_education_code,STRING,,,,2003 certificate revision: CATEGORIES. 2003-2024. NOT comparable to mother_education_years
birth,1973,mother_education_code,STRING,,,,2003 certificate revision: CATEGORIES. 2003-2024. NOT comparable to mother_education_years
birth,1974,mother_education_code,STRING,,,,2003 certificate revision: CATEGORIES. 2003-2024. NOT comparable to mother_education_years
birth,1975,mother_education_code,STRING,,,,2003 certificate revision: CATEGORIES. 2003-2024. NOT comparable to mother_education_years
birth,1976,mother_education_code,STRING,,,,2003 certificate revision: CATEGORIES. 2003-2024. NOT comparable to mother_education_years
birth,1977,mother_education_code,STRING,,,,2003 certificate revision: CATEGORIES. 2003-2024. NOT comparable to mother_education_years
birth,1978,mother_education_code,STRING,,,,2003 certificate revision: CATEGORIES. 2003-2024. NOT comparable to mother_education_years
birth,1979,mother_education_code,STRING,,,,2003 certificate revision: CATEGORIES. 2003-2024. NOT comparable to mother_education_years
birth,1980,mother_education_code,STRING,,,,2003 certificate revision: CATEGORIES. 2003-2024. NOT comparable to mother_education_years
birth,1981,mother_education_code,STRING,,,,2003 certificate revision: CATEGORIES. 2003-2024. NOT comparable to mother_education_years
birth,1982,mother_education_code,STRING,,,,2003 certificate revision: CATEGORIES. 2003-2024. NOT comparable to mother_education_years
birth,1983,mother_education_code,STRING,,,,2003 certificate revision: CATEGORIES. 2003-2024. NOT comparable to mother_education_years
birth,1984,mother_education_code,STRING,,,,2003 certificate revision: CATEGORIES. 2003-2024. NOT comparable to mother_education_years
birth,1985,mother_education_code,STRING,,,,2003 certificate revision: CATEGORIES. 2003-2024. NOT comparable to mother_education_years
birth,1986,mother_education_code,STRING,,,,2003 certificate revision: CATEGORIES. 2003-2024. NOT comparable to mother_education_years
birth,1987,mother_education_code,STRING,,,,2003 certificate revision: CATEGORIES. 2003-2024. NOT comparable to mother_education_years
birth,1988,mother_education_code,STRING,,,,2003 certificate revision: CATEGORIES. 2003-2024. NOT comparable to mother_education_years
birth,1989,mother_education_code,STRING,,,,2003 certificate revision: CATEGORIES. 2003-2024. NOT comparable to mother_education_years
birth,1990,mother_education_code,STRING,,,,2003 certificate revision: CATEGORIES. 2003-2024. NOT comparable to mother_education_years
birth,1991,mother_education_code,STRING,,,,2003 certificate revision: CATEGORIES. 2003-2024. NOT comparable to mother_education_years
birth,1992,mother_education_code,STRING,,,,2003 certificate revision: CATEGORIES. 2003-2024. NOT comparable to mother_education_years
birth,1993,mother_education_code,STRING,,,,2003 certificate revision: CATEGORIES. 2003-2024. NOT comparable to mother_education_years
birth,1994,mother_education_code,STRING,,,,2003 certificate revision: CATEGORIES. 2003-2024. NOT comparable to mother_education_years
birth,1995,mother_education_code,STRING,,,,2003 certificate revision: CATEGORIES. 2003-2024. NOT comparable to mother_education_years
birth,1996,mother_education_code,STRING,,,,2003 certificate revision: CATEGORIES. 2003-2024. NOT comparable to mother_education_years
birth,1997,mother_education_code,STRING,,,,2003 certificate revision: CATEGORIES. 2003-2024. NOT comparable to mother_education_years
birth,1998,mother_education_code,STRING,,,,2003 certificate revision: CATEGORIES. 2003-2024. NOT comparable to mother_education_years
birth,1999,mother_education_code,STRING,,,,2003 certificate revision: CATEGORIES. 2003-2024. NOT comparable to mother_education_years
birth,2000,mother_education_code,STRING,,,,2003 certificate revision: CATEGORIES. 2003-2024. NOT comparable to mother_education_years
birth,2001,mother_education_code,STRING,,,,2003 certificate revision: CATEGORIES. 2003-2024. NOT comparable to mother_education_years
birth,2002,mother_education_code,STRING,,,,2003 certificate revision: CATEGORIES. 2003-2024. NOT comparable to mother_education_years
birth,2003,mother_education_code,STRING,,meduc,,2003 certificate revision: CATEGORIES. 2003-2024. NOT comparable to mother_education_years
birth,2004,mother_education_code,STRING,,meduc,,2003 certificate revision: CATEGORIES. 2003-2024. NOT comparable to mother_education_years
birth,2005,mother_education_code,STRING,,meduc,,2003 certificate revision: CATEGORIES. 2003-2024. NOT comparable to mother_education_years
birth,2006,mother_education_code,STRING,,meduc,,2003 certificate revision: CATEGORIES. 2003-2024. NOT comparable to mother_education_years
birth,2007,mother_education_code,STRING,,meduc,,2003 certificate revision: CATEGORIES. 2003-2024. NOT comparable to mother_education_years
birth,2008,mother_education_code,STRING,,meduc,,2003 certificate revision: CATEGORIES. 2003-2024. NOT comparable to mother_education_years
birth,2009,mother_education_code,STRING,,meduc,,2003 certificate revision: CATEGORIES. 2003-2024. NOT comparable to mother_education_years
birth,2010,mother_education_code,STRING,,meduc,,2003 certificate revision: CATEGORIES. 2003-2024. NOT comparable to mother_education_years
birth,2011,mother_education_code,STRING,,meduc,,2003 certificate revision: CATEGORIES. 2003-2024. NOT comparable to mother_education_years
birth,2012,mother_education_code,STRING,,meduc,,2003 certificate revision: CATEGORIES. 2003-2024. NOT comparable to mother_education_years
birth,2013,mother_education_code,STRING,,meduc,,2003 certificate revision: CATEGORIES. 2003-2024. NOT comparable to mother_education_years
birth,2014,mother_education_code,STRING,,meduc,,2003 certificate revision: CATEGORIES. 2003-2024. NOT comparable to mother_education_years
birth,2015,mother_education_code,STRING,,meduc,,2003 certificate revision: CATEGORIES. 2003-2024. NOT comparable to mother_education_years
birth,2016,mother_education_code,STRING,,meduc,,2003 certificate revision: CATEGORIES. 2003-2024. NOT comparable to mother_education_years
birth,2017,mother_education_code,STRING,,meduc,,2003 certificate revision: CATEGORIES. 2003-2024. NOT comparable to mother_education_years
birth,2018,mother_education_code,STRING,,meduc,,2003 certificate revision: CATEGORIES. 2003-2024. NOT comparable to mother_education_years
birth,2019,mother_education_code,STRING,,meduc,,2003 certificate revision: CATEGORIES. 2003-2024. NOT comparable to mother_education_years
birth,2020,mother_education_code,STRING,,meduc,,2003 certificate revision: CATEGORIES. 2003-2024. NOT comparable to mother_education_years
birth,2021,mother_education_code,STRING,,meduc,,2003 certificate revision: CATEGORIES. 2003-2024. NOT comparable to mother_education_years
birth,2022,mother_education_code,STRING,,meduc,,2003 certificate revision: CATEGORIES. 2003-2024. NOT comparable to mother_education_years
birth,2023,mother_education_code,STRING,,meduc,,2003 certificate revision: CATEGORIES. 2003-2024. NOT comparable to mother_education_years
birth,2024,mother_education_code,STRING,,meduc,,2003 certificate revision: CATEGORIES. 2003-2024. NOT comparable to mother_education_years
birth,1968,mother_race_code,STRING,,mrace,,"single/bridged detail race, 1968-2013"
birth,1970,mother_race_code,STRING,,mrace,,"single/bridged detail race, 1968-2013"
birth,1971,mother_race_code,STRING,,mrace,,"single/bridged detail race, 1968-2013"
birth,1972,mother_race_code,STRING,,mrace,,"single/bridged detail race, 1968-2013"
birth,1973,mother_race_code,STRING,,mrace,,"single/bridged detail race, 1968-2013"
birth,1974,mother_race_code,STRING,,mrace,,"single/bridged detail race, 1968-2013"
birth,1975,mother_race_code,STRING,,mrace,,"single/bridged detail race, 1968-2013"
birth,1976,mother_race_code,STRING,,mrace,,"single/bridged detail race, 1968-2013"
birth,1977,mother_race_code,STRING,,mrace,,"single/bridged detail race, 1968-2013"
birth,1978,mother_race_code,STRING,,mrace,,"single/bridged detail race, 1968-2013"
birth,1979,mother_race_code,STRING,,mrace,,"single/bridged detail race, 1968-2013"
birth,1980,mother_race_code,STRING,,mrace,,"single/bridged detail race, 1968-2013"
birth,1981,mother_race_code,STRING,,mrace,,"single/bridged detail race, 1968-2013"
birth,1982,mother_race_code,STRING,,mrace,,"single/bridged detail race, 1968-2013"
birth,1983,mother_race_code,STRING,,mrace,,"single/bridged detail race, 1968-2013"
birth,1984,mother_race_code,STRING,,mrace,,"single/bridged detail race, 1968-2013"
birth,1985,mother_race_code,STRING,,mrace,,"single/bridged detail race, 1968-2013"
birth,1986,mother_race_code,STRING,,mrace,,"single/bridged detail race, 1968-2013"
birth,1987,mother_race_code,STRING,,mrace,,"single/bridged detail race, 1968-2013"
birth,1988,mother_race_code,STRING,,mrace,,"single/bridged detail race, 1968-2013"
birth,1989,mother_race_code,STRING,,mrace,,"single/bridged detail race, 1968-2013"
birth,1990,mother_race_code,STRING,,mrace,,"single/bridged detail race, 1968-2013"
birth,1991,mother_race_code,STRING,,mrace,,"single/bridged detail race, 1968-2013"
birth,1992,mother_race_code,STRING,,mrace,,"single/bridged detail race, 1968-2013"
birth,1993,mother_race_code,STRING,,mrace,,"single/bridged detail race, 1968-2013"
birth,1994,mother_race_code,STRING,,mrace,,"single/bridged detail race, 1968-2013"
birth,1995,mother_race_code,STRING,,mrace,,"single/bridged detail race, 1968-2013"
birth,1996,mother_race_code,STRING,,mrace,,"single/bridged detail race, 1968-2013"
birth,1997,mother_race_code,STRING,,mrace,,"single/bridged detail race, 1968-2013"
birth,1998,mother_race_code,STRING,,mrace,,"single/bridged detail race, 1968-2013"
birth,1999,mother_race_code,STRING,,mrace,,"single/bridged detail race, 1968-2013"
birth,2000,mother_race_code,STRING,,mrace,,"single/bridged detail race, 1968-2013"
birth,2001,mother_race_code,STRING,,mrace,,"single/bridged detail race, 1968-2013"
birth,2002,mother_race_code,STRING,,mrace,,"single/bridged detail race, 1968-2013"
birth,2003,mother_race_code,STRING,,mrace,,"single/bridged detail race, 1968-2013"
birth,2004,mother_race_code,STRING,,mrace,,"single/bridged detail race, 1968-2013"
birth,2005,mother_race_code,STRING,,mrace,,"single/bridged detail race, 1968-2013"
birth,2006,mother_race_code,STRING,,mrace,,"single/bridged detail race, 1968-2013"
birth,2007,mother_race_code,STRING,,mrace,,"single/bridged detail race, 1968-2013"
birth,2008,mother_race_code,STRING,,mrace,,"single/bridged detail race, 1968-2013"
birth,2009,mother_race_code,STRING,,mrace,,"single/bridged detail race, 1968-2013"
birth,2010,mother_race_code,STRING,,mrace,,"single/bridged detail race, 1968-2013"
birth,2011,mother_race_code,STRING,,mrace,,"single/bridged detail race, 1968-2013"
birth,2012,mother_race_code,STRING,,mrace,,"single/bridged detail race, 1968-2013"
birth,2013,mother_race_code,STRING,,mrace,,"single/bridged detail race, 1968-2013"
birth,2014,mother_race_code,STRING,,,,"single/bridged detail race, 1968-2013"
birth,2015,mother_race_code,STRING,,,,"single/bridged detail race, 1968-2013"
birth,2016,mother_race_code,STRING,,,,"single/bridged detail race, 1968-2013"
birth,2017,mother_race_code,STRING,,,,"single/bridged detail race, 1968-2013"
birth,2018,mother_race_code,STRING,,,,"single/bridged detail race, 1968-2013"
birth,2019,mother_race_code,STRING,,,,"single/bridged detail race, 1968-2013"
birth,2020,mother_race_code,STRING,,,,"single/bridged detail race, 1968-2013"
birth,2021,mother_race_code,STRING,,,,"single/bridged detail race, 1968-2013"
birth,2022,mother_race_code,STRING,,,,"single/bridged detail race, 1968-2013"
birth,2023,mother_race_code,STRING,,,,"single/bridged detail race, 1968-2013"
birth,2024,mother_race_code,STRING,,,,"single/bridged detail race, 1968-2013"
birth,1968,mother_race_bridged_code,STRING,,,,2003-2019 bridged race
birth,1970,mother_race_bridged_code,STRING,,,,2003-2019 bridged race
birth,1971,mother_race_bridged_code,STRING,,,,2003-2019 bridged race
birth,1972,mother_race_bridged_code,STRING,,,,2003-2019 bridged race
birth,1973,mother_race_bridged_code,STRING,,,,2003-2019 bridged race
birth,1974,mother_race_bridged_code,STRING,,,,2003-2019 bridged race
birth,1975,mother_race_bridged_code,STRING,,,,2003-2019 bridged race
birth,1976,mother_race_bridged_code,STRING,,,,2003-2019 bridged race
birth,1977,mother_race_bridged_code,STRING,,,,2003-2019 bridged race
birth,1978,mother_race_bridged_code,STRING,,,,2003-2019 bridged race
birth,1979,mother_race_bridged_code,STRING,,,,2003-2019 bridged race
birth,1980,mother_race_bridged_code,STRING,,,,2003-2019 bridged race
birth,1981,mother_race_bridged_code,STRING,,,,2003-2019 bridged race
birth,1982,mother_race_bridged_code,STRING,,,,2003-2019 bridged race
birth,1983,mother_race_bridged_code,STRING,,,,2003-2019 bridged race
birth,1984,mother_race_bridged_code,STRING,,,,2003-2019 bridged race
birth,1985,mother_race_bridged_code,STRING,,,,2003-2019 bridged race
birth,1986,mother_race_bridged_code,STRING,,,,2003-2019 bridged race
birth,1987,mother_race_bridged_code,STRING,,,,2003-2019 bridged race
birth,1988,mother_race_bridged_code,STRING,,,,2003-2019 bridged race
birth,1989,mother_race_bridged_code,STRING,,,,2003-2019 bridged race
birth,1990,mother_race_bridged_code,STRING,,,,2003-2019 bridged race
birth,1991,mother_race_bridged_code,STRING,,,,2003-2019 bridged race
birth,1992,mother_race_bridged_code,STRING,,,,2003-2019 bridged race
birth,1993,mother_race_bridged_code,STRING,,,,2003-2019 bridged race
birth,1994,mother_race_bridged_code,STRING,,,,2003-2019 bridged race
birth,1995,mother_race_bridged_code,STRING,,,,2003-2019 bridged race
birth,1996,mother_race_bridged_code,STRING,,,,2003-2019 bridged race
birth,1997,mother_race_bridged_code,STRING,,,,2003-2019 bridged race
birth,1998,mother_race_bridged_code,STRING,,,,2003-2019 bridged race
birth,1999,mother_race_bridged_code,STRING,,,,2003-2019 bridged race
birth,2000,mother_race_bridged_code,STRING,,,,2003-2019 bridged race
birth,2001,mother_race_bridged_code,STRING,,,,2003-2019 bridged race
birth,2002,mother_race_bridged_code,STRING,,,,2003-2019 bridged race
birth,2003,mother_race_bridged_code,STRING,,mbrace,,2003-2019 bridged race
birth,2004,mother_race_bridged_code,STRING,,mbrace,,2003-2019 bridged race
birth,2005,mother_race_bridged_code,STRING,,mbrace,,2003-2019 bridged race
birth,2006,mother_race_bridged_code,STRING,,mbrace,,2003-2019 bridged race
birth,2007,mother_race_bridged_code,STRING,,mbrace,,2003-2019 bridged race
birth,2008,mother_race_bridged_code,STRING,,mbrace,,2003-2019 bridged race
birth,2009,mother_race_bridged_code,STRING,,mbrace,,2003-2019 bridged race
birth,2010,mother_race_bridged_code,STRING,,mbrace,,2003-2019 bridged race
birth,2011,mother_race_bridged_code,STRING,,mbrace,,2003-2019 bridged race
birth,2012,mother_race_bridged_code,STRING,,mbrace,,2003-2019 bridged race
birth,2013,mother_race_bridged_code,STRING,,mbrace,,2003-2019 bridged race
birth,2014,mother_race_bridged_code,STRING,,mbrace,,2003-2019 bridged race
birth,2015,mother_race_bridged_code,STRING,,mbrace,,2003-2019 bridged race
birth,2016,mother_race_bridged_code,STRING,,mbrace,,2003-2019 bridged race
birth,2017,mother_race_bridged_code,STRING,,mbrace,,2003-2019 bridged race
birth,2018,mother_race_bridged_code,STRING,,mbrace,,2003-2019 bridged race
birth,2019,mother_race_bridged_code,STRING,,mbrace,,2003-2019 bridged race
birth,2020,mother_race_bridged_code,STRING,,,,2003-2019 bridged race
birth,2021,mother_race_bridged_code,STRING,,,,2003-2019 bridged race
birth,2022,mother_race_bridged_code,STRING,,,,2003-2019 bridged race
birth,2023,mother_race_bridged_code,STRING,,,,2003-2019 bridged race
birth,2024,mother_race_bridged_code,STRING,,,,2003-2019 bridged race
birth,1968,mother_race_recode_6,STRING,,,,2014+ OMB 1997 multi-race. NOT comparable to mother_race_code
birth,1970,mother_race_recode_6,STRING,,,,2014+ OMB 1997 multi-race. NOT comparable to mother_race_code
birth,1971,mother_race_recode_6,STRING,,,,2014+ OMB 1997 multi-race. NOT comparable to mother_race_code
birth,1972,mother_race_recode_6,STRING,,,,2014+ OMB 1997 multi-race. NOT comparable to mother_race_code
birth,1973,mother_race_recode_6,STRING,,,,2014+ OMB 1997 multi-race. NOT comparable to mother_race_code
birth,1974,mother_race_recode_6,STRING,,,,2014+ OMB 1997 multi-race. NOT comparable to mother_race_code
birth,1975,mother_race_recode_6,STRING,,,,2014+ OMB 1997 multi-race. NOT comparable to mother_race_code
birth,1976,mother_race_recode_6,STRING,,,,2014+ OMB 1997 multi-race. NOT comparable to mother_race_code
birth,1977,mother_race_recode_6,STRING,,,,2014+ OMB 1997 multi-race. NOT comparable to mother_race_code
birth,1978,mother_race_recode_6,STRING,,,,2014+ OMB 1997 multi-race. NOT comparable to mother_race_code
birth,1979,mother_race_recode_6,STRING,,,,2014+ OMB 1997 multi-race. NOT comparable to mother_race_code
birth,1980,mother_race_recode_6,STRING,,,,2014+ OMB 1997 multi-race. NOT comparable to mother_race_code
birth,1981,mother_race_recode_6,STRING,,,,2014+ OMB 1997 multi-race. NOT comparable to mother_race_code
birth,1982,mother_race_recode_6,STRING,,,,2014+ OMB 1997 multi-race. NOT comparable to mother_race_code
birth,1983,mother_race_recode_6,STRING,,,,2014+ OMB 1997 multi-race. NOT comparable to mother_race_code
birth,1984,mother_race_recode_6,STRING,,,,2014+ OMB 1997 multi-race. NOT comparable to mother_race_code
birth,1985,mother_race_recode_6,STRING,,,,2014+ OMB 1997 multi-race. NOT comparable to mother_race_code
birth,1986,mother_race_recode_6,STRING,,,,2014+ OMB 1997 multi-race. NOT comparable to mother_race_code
birth,1987,mother_race_recode_6,STRING,,,,2014+ OMB 1997 multi-race. NOT comparable to mother_race_code
birth,1988,mother_race_recode_6,STRING,,,,2014+ OMB 1997 multi-race. NOT comparable to mother_race_code
birth,1989,mother_race_recode_6,STRING,,,,2014+ OMB 1997 multi-race. NOT comparable to mother_race_code
birth,1990,mother_race_recode_6,STRING,,,,2014+ OMB 1997 multi-race. NOT comparable to mother_race_code
birth,1991,mother_race_recode_6,STRING,,,,2014+ OMB 1997 multi-race. NOT comparable to mother_race_code
birth,1992,mother_race_recode_6,STRING,,,,2014+ OMB 1997 multi-race. NOT comparable to mother_race_code
birth,1993,mother_race_recode_6,STRING,,,,2014+ OMB 1997 multi-race. NOT comparable to mother_race_code
birth,1994,mother_race_recode_6,STRING,,,,2014+ OMB 1997 multi-race. NOT comparable to mother_race_code
birth,1995,mother_race_recode_6,STRING,,,,2014+ OMB 1997 multi-race. NOT comparable to mother_race_code
birth,1996,mother_race_recode_6,STRING,,,,2014+ OMB 1997 multi-race. NOT comparable to mother_race_code
birth,1997,mother_race_recode_6,STRING,,,,2014+ OMB 1997 multi-race. NOT comparable to mother_race_code
birth,1998,mother_race_recode_6,STRING,,,,2014+ OMB 1997 multi-race. NOT comparable to mother_race_code
birth,1999,mother_race_recode_6,STRING,,,,2014+ OMB 1997 multi-race. NOT comparable to mother_race_code
birth,2000,mother_race_recode_6,STRING,,,,2014+ OMB 1997 multi-race. NOT comparable to mother_race_code
birth,2001,mother_race_recode_6,STRING,,,,2014+ OMB 1997 multi-race. NOT comparable to mother_race_code
birth,2002,mother_race_recode_6,STRING,,,,2014+ OMB 1997 multi-race. NOT comparable to mother_race_code
birth,2003,mother_race_recode_6,STRING,,,,2014+ OMB 1997 multi-race. NOT comparable to mother_race_code
birth,2004,mother_race_recode_6,STRING,,,,2014+ OMB 1997 multi-race. NOT comparable to mother_race_code
birth,2005,mother_race_recode_6,STRING,,,,2014+ OMB 1997 multi-race. NOT comparable to mother_race_code
birth,2006,mother_race_recode_6,STRING,,,,2014+ OMB 1997 multi-race. NOT comparable to mother_race_code
birth,2007,mother_race_recode_6,STRING,,,,2014+ OMB 1997 multi-race. NOT comparable to mother_race_code
birth,2008,mother_race_recode_6,STRING,,,,2014+ OMB 1997 multi-race. NOT comparable to mother_race_code
birth,2009,mother_race_recode_6,STRING,,,,2014+ OMB 1997 multi-race. NOT comparable to mother_race_code
birth,2010,mother_race_recode_6,STRING,,,,2014+ OMB 1997 multi-race. NOT comparable to mother_race_code
birth,2011,mother_race_recode_6,STRING,,,,2014+ OMB 1997 multi-race. NOT comparable to mother_race_code
birth,2012,mother_race_recode_6,STRING,,,,2014+ OMB 1997 multi-race. NOT comparable to mother_race_code
birth,2013,mother_race_recode_6,STRING,,,,2014+ OMB 1997 multi-race. NOT comparable to mother_race_code
birth,2014,mother_race_recode_6,STRING,,mrace6,,2014+ OMB 1997 multi-race. NOT comparable to mother_race_code
birth,2015,mother_race_recode_6,STRING,,mrace6,,2014+ OMB 1997 multi-race. NOT comparable to mother_race_code
birth,2016,mother_race_recode_6,STRING,,mrace6,,2014+ OMB 1997 multi-race. NOT comparable to mother_race_code
birth,2017,mother_race_recode_6,STRING,,mrace6,,2014+ OMB 1997 multi-race. NOT comparable to mother_race_code
birth,2018,mother_race_recode_6,STRING,,mrace6,,2014+ OMB 1997 multi-race. NOT comparable to mother_race_code
birth,2019,mother_race_recode_6,STRING,,mrace6,,2014+ OMB 1997 multi-race. NOT comparable to mother_race_code
birth,2020,mother_race_recode_6,STRING,,mrace6,,2014+ OMB 1997 multi-race. NOT comparable to mother_race_code
birth,2021,mother_race_recode_6,STRING,,mrace6,,2014+ OMB 1997 multi-race. NOT comparable to mother_race_code
birth,2022,mother_race_recode_6,STRING,,mrace6,,2014+ OMB 1997 multi-race. NOT comparable to mother_race_code
birth,2023,mother_race_recode_6,STRING,,mrace6,,2014+ OMB 1997 multi-race. NOT comparable to mother_race_code
birth,2024,mother_race_recode_6,STRING,,mrace6,,2014+ OMB 1997 multi-race. NOT comparable to mother_race_code
birth,1968,mother_race_recode_31,STRING,,,,2014+ multi-race detail
birth,1970,mother_race_recode_31,STRING,,,,2014+ multi-race detail
birth,1971,mother_race_recode_31,STRING,,,,2014+ multi-race detail
birth,1972,mother_race_recode_31,STRING,,,,2014+ multi-race detail
birth,1973,mother_race_recode_31,STRING,,,,2014+ multi-race detail
birth,1974,mother_race_recode_31,STRING,,,,2014+ multi-race detail
birth,1975,mother_race_recode_31,STRING,,,,2014+ multi-race detail
birth,1976,mother_race_recode_31,STRING,,,,2014+ multi-race detail
birth,1977,mother_race_recode_31,STRING,,,,2014+ multi-race detail
birth,1978,mother_race_recode_31,STRING,,,,2014+ multi-race detail
birth,1979,mother_race_recode_31,STRING,,,,2014+ multi-race detail
birth,1980,mother_race_recode_31,STRING,,,,2014+ multi-race detail
birth,1981,mother_race_recode_31,STRING,,,,2014+ multi-race detail
birth,1982,mother_race_recode_31,STRING,,,,2014+ multi-race detail
birth,1983,mother_race_recode_31,STRING,,,,2014+ multi-race detail
birth,1984,mother_race_recode_31,STRING,,,,2014+ multi-race detail
birth,1985,mother_race_recode_31,STRING,,,,2014+ multi-race detail
birth,1986,mother_race_recode_31,STRING,,,,2014+ multi-race detail
birth,1987,mother_race_recode_31,STRING,,,,2014+ multi-race detail
birth,1988,mother_race_recode_31,STRING,,,,2014+ multi-race detail
birth,1989,mother_race_recode_31,STRING,,,,2014+ multi-race detail
birth,1990,mother_race_recode_31,STRING,,,,2014+ multi-race detail
birth,1991,mother_race_recode_31,STRING,,,,2014+ multi-race detail
birth,1992,mother_race_recode_31,STRING,,,,2014+ multi-race detail
birth,1993,mother_race_recode_31,STRING,,,,2014+ multi-race detail
birth,1994,mother_race_recode_31,STRING,,,,2014+ multi-race detail
birth,1995,mother_race_recode_31,STRING,,,,2014+ multi-race detail
birth,1996,mother_race_recode_31,STRING,,,,2014+ multi-race detail
birth,1997,mother_race_recode_31,STRING,,,,2014+ multi-race detail
birth,1998,mother_race_recode_31,STRING,,,,2014+ multi-race detail
birth,1999,mother_race_recode_31,STRING,,,,2014+ multi-race detail
birth,2000,mother_race_recode_31,STRING,,,,2014+ multi-race detail
birth,2001,mother_race_recode_31,STRING,,,,2014+ multi-race detail
birth,2002,mother_race_recode_31,STRING,,,,2014+ multi-race detail
birth,2003,mother_race_recode_31,STRING,,,,2014+ multi-race detail
birth,2004,mother_race_recode_31,STRING,,,,2014+ multi-race detail
birth,2005,mother_race_recode_31,STRING,,,,2014+ multi-race detail
birth,2006,mother_race_recode_31,STRING,,,,2014+ multi-race detail
birth,2007,mother_race_recode_31,STRING,,,,2014+ multi-race detail
birth,2008,mother_race_recode_31,STRING,,,,2014+ multi-race detail
birth,2009,mother_race_recode_31,STRING,,,,2014+ multi-race detail
birth,2010,mother_race_recode_31,STRING,,,,2014+ multi-race detail
birth,2011,mother_race_recode_31,STRING,,,,2014+ multi-race detail
birth,2012,mother_race_recode_31,STRING,,,,2014+ multi-race detail
birth,2013,mother_race_recode_31,STRING,,,,2014+ multi-race detail
birth,2014,mother_race_recode_31,STRING,,mrace31,,2014+ multi-race detail
birth,2015,mother_race_recode_31,STRING,,mrace31,,2014+ multi-race detail
birth,2016,mother_race_recode_31,STRING,,mrace31,,2014+ multi-race detail
birth,2017,mother_race_recode_31,STRING,,mrace31,,2014+ multi-race detail
birth,2018,mother_race_recode_31,STRING,,mrace31,,2014+ multi-race detail
birth,2019,mother_race_recode_31,STRING,,mrace31,,2014+ multi-race detail
birth,2020,mother_race_recode_31,STRING,,mrace31,,2014+ multi-race detail
birth,2021,mother_race_recode_31,STRING,,mrace31,,2014+ multi-race detail
birth,2022,mother_race_recode_31,STRING,,mrace31,,2014+ multi-race detail
birth,2023,mother_race_recode_31,STRING,,mrace31,,2014+ multi-race detail
birth,2024,mother_race_recode_31,STRING,,mrace31,,2014+ multi-race detail
birth,1968,mother_hispanic_origin_code,STRING,,,,2003+
birth,1970,mother_hispanic_origin_code,STRING,,,,2003+
birth,1971,mother_hispanic_origin_code,STRING,,,,2003+
birth,1972,mother_hispanic_origin_code,STRING,,,,2003+
birth,1973,mother_hispanic_origin_code,STRING,,,,2003+
birth,1974,mother_hispanic_origin_code,STRING,,,,2003+
birth,1975,mother_hispanic_origin_code,STRING,,,,2003+
birth,1976,mother_hispanic_origin_code,STRING,,,,2003+
birth,1977,mother_hispanic_origin_code,STRING,,,,2003+
birth,1978,mother_hispanic_origin_code,STRING,,,,2003+
birth,1979,mother_hispanic_origin_code,STRING,,,,2003+
birth,1980,mother_hispanic_origin_code,STRING,,,,2003+
birth,1981,mother_hispanic_origin_code,STRING,,,,2003+
birth,1982,mother_hispanic_origin_code,STRING,,,,2003+
birth,1983,mother_hispanic_origin_code,STRING,,,,2003+
birth,1984,mother_hispanic_origin_code,STRING,,,,2003+
birth,1985,mother_hispanic_origin_code,STRING,,,,2003+
birth,1986,mother_hispanic_origin_code,STRING,,,,2003+
birth,1987,mother_hispanic_origin_code,STRING,,,,2003+
birth,1988,mother_hispanic_origin_code,STRING,,,,2003+
birth,1989,mother_hispanic_origin_code,STRING,,,,2003+
birth,1990,mother_hispanic_origin_code,STRING,,,,2003+
birth,1991,mother_hispanic_origin_code,STRING,,,,2003+
birth,1992,mother_hispanic_origin_code,STRING,,,,2003+
birth,1993,mother_hispanic_origin_code,STRING,,,,2003+
birth,1994,mother_hispanic_origin_code,STRING,,,,2003+
birth,1995,mother_hispanic_origin_code,STRING,,,,2003+
birth,1996,mother_hispanic_origin_code,STRING,,,,2003+
birth,1997,mother_hispanic_origin_code,STRING,,,,2003+
birth,1998,mother_hispanic_origin_code,STRING,,,,2003+
birth,1999,mother_hispanic_origin_code,STRING,,,,2003+
birth,2000,mother_hispanic_origin_code,STRING,,,,2003+
birth,2001,mother_hispanic_origin_code,STRING,,,,2003+
birth,2002,mother_hispanic_origin_code,STRING,,,,2003+
birth,2003,mother_hispanic_origin_code,STRING,,umhisp,,2003+
birth,2004,mother_hispanic_origin_code,STRING,,umhisp,,2003+
birth,2005,mother_hispanic_origin_code,STRING,,umhisp,,2003+
birth,2006,mother_hispanic_origin_code,STRING,,umhisp,,2003+
birth,2007,mother_hispanic_origin_code,STRING,,umhisp,,2003+
birth,2008,mother_hispanic_origin_code,STRING,,umhisp,,2003+
birth,2009,mother_hispanic_origin_code,STRING,,umhisp,,2003+
birth,2010,mother_hispanic_origin_code,STRING,,umhisp,,2003+
birth,2011,mother_hispanic_origin_code,STRING,,umhisp,,2003+
birth,2012,mother_hispanic_origin_code,STRING,,umhisp,,2003+
birth,2013,mother_hispanic_origin_code,STRING,,umhisp,,2003+
birth,2014,mother_hispanic_origin_code,STRING,,mhisp_r,,2003+
birth,2015,mother_hispanic_origin_code,STRING,,mhisp_r,,2003+
birth,2016,mother_hispanic_origin_code,STRING,,mhisp_r,,2003+
birth,2017,mother_hispanic_origin_code,STRING,,mhisp_r,,2003+
birth,2018,mother_hispanic_origin_code,STRING,,mhisp_r,,2003+
birth,2019,mother_hispanic_origin_code,STRING,,mhisp_r,,2003+
birth,2020,mother_hispanic_origin_code,STRING,,mhisp_r,,2003+
birth,2021,mother_hispanic_origin_code,STRING,,mhisp_r,,2003+
birth,2022,mother_hispanic_origin_code,STRING,,mhisp_r,,2003+
birth,2023,mother_hispanic_origin_code,STRING,,mhisp_r,,2003+
birth,2024,mother_hispanic_origin_code,STRING,,mhisp_r,,2003+
birth,1968,mother_race_hispanic_code,STRING,,,,"combined race/Hispanic recode, 2003-2024"
birth,1970,mother_race_hispanic_code,STRING,,,,"combined race/Hispanic recode, 2003-2024"
birth,1971,mother_race_hispanic_code,STRING,,,,"combined race/Hispanic recode, 2003-2024"
birth,1972,mother_race_hispanic_code,STRING,,,,"combined race/Hispanic recode, 2003-2024"
birth,1973,mother_race_hispanic_code,STRING,,,,"combined race/Hispanic recode, 2003-2024"
birth,1974,mother_race_hispanic_code,STRING,,,,"combined race/Hispanic recode, 2003-2024"
birth,1975,mother_race_hispanic_code,STRING,,,,"combined race/Hispanic recode, 2003-2024"
birth,1976,mother_race_hispanic_code,STRING,,,,"combined race/Hispanic recode, 2003-2024"
birth,1977,mother_race_hispanic_code,STRING,,,,"combined race/Hispanic recode, 2003-2024"
birth,1978,mother_race_hispanic_code,STRING,,,,"combined race/Hispanic recode, 2003-2024"
birth,1979,mother_race_hispanic_code,STRING,,,,"combined race/Hispanic recode, 2003-2024"
birth,1980,mother_race_hispanic_code,STRING,,,,"combined race/Hispanic recode, 2003-2024"
birth,1981,mother_race_hispanic_code,STRING,,,,"combined race/Hispanic recode, 2003-2024"
birth,1982,mother_race_hispanic_code,STRING,,,,"combined race/Hispanic recode, 2003-2024"
birth,1983,mother_race_hispanic_code,STRING,,,,"combined race/Hispanic recode, 2003-2024"
birth,1984,mother_race_hispanic_code,STRING,,,,"combined race/Hispanic recode, 2003-2024"
birth,1985,mother_race_hispanic_code,STRING,,,,"combined race/Hispanic recode, 2003-2024"
birth,1986,mother_race_hispanic_code,STRING,,,,"combined race/Hispanic recode, 2003-2024"
birth,1987,mother_race_hispanic_code,STRING,,,,"combined race/Hispanic recode, 2003-2024"
birth,1988,mother_race_hispanic_code,STRING,,,,"combined race/Hispanic recode, 2003-2024"
birth,1989,mother_race_hispanic_code,STRING,,,,"combined race/Hispanic recode, 2003-2024"
birth,1990,mother_race_hispanic_code,STRING,,,,"combined race/Hispanic recode, 2003-2024"
birth,1991,mother_race_hispanic_code,STRING,,,,"combined race/Hispanic recode, 2003-2024"
birth,1992,mother_race_hispanic_code,STRING,,,,"combined race/Hispanic recode, 2003-2024"
birth,1993,mother_race_hispanic_code,STRING,,,,"combined race/Hispanic recode, 2003-2024"
birth,1994,mother_race_hispanic_code,STRING,,,,"combined race/Hispanic recode, 2003-2024"
birth,1995,mother_race_hispanic_code,STRING,,,,"combined race/Hispanic recode, 2003-2024"
birth,1996,mother_race_hispanic_code,STRING,,,,"combined race/Hispanic recode, 2003-2024"
birth,1997,mother_race_hispanic_code,STRING,,,,"combined race/Hispanic recode, 2003-2024"
birth,1998,mother_race_hispanic_code,STRING,,,,"combined race/Hispanic recode, 2003-2024"
birth,1999,mother_race_hispanic_code,STRING,,,,"combined race/Hispanic recode, 2003-2024"
birth,2000,mother_race_hispanic_code,STRING,,,,"combined race/Hispanic recode, 2003-2024"
birth,2001,mother_race_hispanic_code,STRING,,,,"combined race/Hispanic recode, 2003-2024"
birth,2002,mother_race_hispanic_code,STRING,,,,"combined race/Hispanic recode, 2003-2024"
birth,2003,mother_race_hispanic_code,STRING,,mracehisp,,"combined race/Hispanic recode, 2003-2024"
birth,2004,mother_race_hispanic_code,STRING,,mracehisp,,"combined race/Hispanic recode, 2003-2024"
birth,2005,mother_race_hispanic_code,STRING,,mracehisp,,"combined race/Hispanic recode, 2003-2024"
birth,2006,mother_race_hispanic_code,STRING,,mracehisp,,"combined race/Hispanic recode, 2003-2024"
birth,2007,mother_race_hispanic_code,STRING,,mracehisp,,"combined race/Hispanic recode, 2003-2024"
birth,2008,mother_race_hispanic_code,STRING,,mracehisp,,"combined race/Hispanic recode, 2003-2024"
birth,2009,mother_race_hispanic_code,STRING,,mracehisp,,"combined race/Hispanic recode, 2003-2024"
birth,2010,mother_race_hispanic_code,STRING,,mracehisp,,"combined race/Hispanic recode, 2003-2024"
birth,2011,mother_race_hispanic_code,STRING,,mracehisp,,"combined race/Hispanic recode, 2003-2024"
birth,2012,mother_race_hispanic_code,STRING,,mracehisp,,"combined race/Hispanic recode, 2003-2024"
birth,2013,mother_race_hispanic_code,STRING,,mracehisp,,"combined race/Hispanic recode, 2003-2024"
birth,2014,mother_race_hispanic_code,STRING,,mracehisp,,"combined race/Hispanic recode, 2003-2024"
birth,2015,mother_race_hispanic_code,STRING,,mracehisp,,"combined race/Hispanic recode, 2003-2024"
birth,2016,mother_race_hispanic_code,STRING,,mracehisp,,"combined race/Hispanic recode, 2003-2024"
birth,2017,mother_race_hispanic_code,STRING,,mracehisp,,"combined race/Hispanic recode, 2003-2024"
birth,2018,mother_race_hispanic_code,STRING,,mracehisp,,"combined race/Hispanic recode, 2003-2024"
birth,2019,mother_race_hispanic_code,STRING,,mracehisp,,"combined race/Hispanic recode, 2003-2024"
birth,2020,mother_race_hispanic_code,STRING,,mracehisp,,"combined race/Hispanic recode, 2003-2024"
birth,2021,mother_race_hispanic_code,STRING,,mracehisp,,"combined race/Hispanic recode, 2003-2024"
birth,2022,mother_race_hispanic_code,STRING,,mracehisp,,"combined race/Hispanic recode, 2003-2024"
birth,2023,mother_race_hispanic_code,STRING,,mracehisp,,"combined race/Hispanic recode, 2003-2024"
birth,2024,mother_race_hispanic_code,STRING,,mracehisp,,"combined race/Hispanic recode, 2003-2024"
birth,1968,mother_nativity_code,STRING,,,,
birth,1970,mother_nativity_code,STRING,,,,
birth,1971,mother_nativity_code,STRING,,,,
birth,1972,mother_nativity_code,STRING,,,,
birth,1973,mother_nativity_code,STRING,,,,
birth,1974,mother_nativity_code,STRING,,,,
birth,1975,mother_nativity_code,STRING,,,,
birth,1976,mother_nativity_code,STRING,,,,
birth,1977,mother_nativity_code,STRING,,,,
birth,1978,mother_nativity_code,STRING,,,,
birth,1979,mother_nativity_code,STRING,,,,
birth,1980,mother_nativity_code,STRING,,,,
birth,1981,mother_nativity_code,STRING,,,,
birth,1982,mother_nativity_code,STRING,,,,
birth,1983,mother_nativity_code,STRING,,,,
birth,1984,mother_nativity_code,STRING,,,,
birth,1985,mother_nativity_code,STRING,,,,
birth,1986,mother_nativity_code,STRING,,,,
birth,1987,mother_nativity_code,STRING,,,,
birth,1988,mother_nativity_code,STRING,,,,
birth,1989,mother_nativity_code,STRING,,,,
birth,1990,mother_nativity_code,STRING,,,,
birth,1991,mother_nativity_code,STRING,,,,
birth,1992,mother_nativity_code,STRING,,,,
birth,1993,mother_nativity_code,STRING,,,,
birth,1994,mother_nativity_code,STRING,,,,
birth,1995,mother_nativity_code,STRING,,,,
birth,1996,mother_nativity_code,STRING,,,,
birth,1997,mother_nativity_code,STRING,,,,
birth,1998,mother_nativity_code,STRING,,,,
birth,1999,mother_nativity_code,STRING,,,,
birth,2000,mother_nativity_code,STRING,,,,
birth,2001,mother_nativity_code,STRING,,,,
birth,2002,mother_nativity_code,STRING,,,,
birth,2003,mother_nativity_code,STRING,,mbstate_rec,,
birth,2004,mother_nativity_code,STRING,,mbstate_rec,,
birth,2005,mother_nativity_code,STRING,,,,
birth,2006,mother_nativity_code,STRING,,,,
birth,2007,mother_nativity_code,STRING,,,,
birth,2008,mother_nativity_code,STRING,,,,
birth,2009,mother_nativity_code,STRING,,,,
birth,2010,mother_nativity_code,STRING,,,,
birth,2011,mother_nativity_code,STRING,,,,
birth,2012,mother_nativity_code,STRING,,,,
birth,2013,mother_nativity_code,STRING,,,,
birth,2014,mother_nativity_code,STRING,,mbstate_rec,,
birth,2015,mother_nativity_code,STRING,,mbstate_rec,,
birth,2016,mother_nativity_code,STRING,,mbstate_rec,,
birth,2017,mother_nativity_code,STRING,,mbstate_rec,,
birth,2018,mother_nativity_code,STRING,,mbstate_rec,,
birth,2019,mother_nativity_code,STRING,,mbstate_rec,,
birth,2020,mother_nativity_code,STRING,,mbstate_rec,,
birth,2021,mother_nativity_code,STRING,,mbstate_rec,,
birth,2022,mother_nativity_code,STRING,,mbstate_rec,,
birth,2023,mother_nativity_code,STRING,,mbstate_rec,,
birth,2024,mother_nativity_code,STRING,,mbstate_rec,,
birth,1968,mother_marital_status,STRING,,,,
birth,1970,mother_marital_status,STRING,,,,
birth,1971,mother_marital_status,STRING,,,,
birth,1972,mother_marital_status,STRING,,,,
birth,1973,mother_marital_status,STRING,,,,
birth,1974,mother_marital_status,STRING,,,,
birth,1975,mother_marital_status,STRING,,,,
birth,1976,mother_marital_status,STRING,,,,
birth,1977,mother_marital_status,STRING,,,,
birth,1978,mother_marital_status,STRING,,dmar,,
birth,1979,mother_marital_status,STRING,,dmar,,
birth,1980,mother_marital_status,STRING,,dmar,,
birth,1981,mother_marital_status,STRING,,dmar,,
birth,1982,mother_marital_status,STRING,,dmar,,
birth,1983,mother_marital_status,STRING,,dmar,,
birth,1984,mother_marital_status,STRING,,dmar,,
birth,1985,mother_marital_status,STRING,,dmar,,
birth,1986,mother_marital_status,STRING,,dmar,,
birth,1987,mother_marital_status,STRING,,dmar,,
birth,1988,mother_marital_status,STRING,,dmar,,
birth,1989,mother_marital_status,STRING,,dmar,,
birth,1990,mother_marital_status,STRING,,dmar,,
birth,1991,mother_marital_status,STRING,,dmar,,
birth,1992,mother_marital_status,STRING,,dmar,,
birth,1993,mother_marital_status,STRING,,dmar,,
birth,1994,mother_marital_status,STRING,,dmar,,
birth,1995,mother_marital_status,STRING,,dmar,,
birth,1996,mother_marital_status,STRING,,dmar,,
birth,1997,mother_marital_status,STRING,,dmar,,
birth,1998,mother_marital_status,STRING,,dmar,,
birth,1999,mother_marital_status,STRING,,dmar,,
birth,2000,mother_marital_status,STRING,,dmar,,
birth,2001,mother_marital_status,STRING,,dmar,,
birth,2002,mother_marital_status,STRING,,dmar,,
birth,2003,mother_marital_status,STRING,,mar,,
birth,2004,mother_marital_status,STRING,,mar,,
birth,2005,mother_marital_status,STRING,,mar,,
birth,2006,mother_marital_status,STRING,,mar,,
birth,2007,mother_marital_status,STRING,,mar,,
birth,2008,mother_marital_status,STRING,,mar,,
birth,2009,mother_marital_status,STRING,,mar,,
birth,2010,mother_marital_status,STRING,,mar,,
birth,2011,mother_marital_status,STRING,,mar,,
birth,2012,mother_marital_status,STRING,,mar,,
birth,2013,mother_marital_status,STRING,,mar,,
birth,2014,mother_marital_status,STRING,,dmar,,
birth,2015,mother_marital_status,STRING,,dmar,,
birth,2016,mother_marital_status,STRING,,dmar,,
birth,2017,mother_marital_status,STRING,,dmar,,
birth,2018,mother_marital_status,STRING,,dmar,,
birth,2019,mother_marital_status,STRING,,dmar,,
birth,2020,mother_marital_status,STRING,,dmar,,
birth,2021,mother_marital_status,STRING,,dmar,,
birth,2022,mother_marital_status,STRING,,dmar,,
birth,2023,mother_marital_status,STRING,,dmar,,
birth,2024,mother_marital_status,STRING,,dmar,,
birth,1968,father_age_years,INT64,year,,99,
birth,1970,father_age_years,INT64,year,dfage,99,
birth,1971,father_age_years,INT64,year,dfage,99,
birth,1972,father_age_years,INT64,year,dfage,99,
birth,1973,father_age_years,INT64,year,dfage,99,
birth,1974,father_age_years,INT64,year,dfage,99,
birth,1975,father_age_years,INT64,year,dfage,99,
birth,1976,father_age_years,INT64,year,dfage,99,
birth,1977,father_age_years,INT64,year,dfage,99,
birth,1978,father_age_years,INT64,year,dfage,99,
birth,1979,father_age_years,INT64,year,dfage,99,
birth,1980,father_age_years,INT64,year,dfage,99,
birth,1981,father_age_years,INT64,year,dfage,99,
birth,1982,father_age_years,INT64,year,dfage,99,
birth,1983,father_age_years,INT64,year,dfage,99,
birth,1984,father_age_years,INT64,year,dfage,99,
birth,1985,father_age_years,INT64,year,dfage,99,
birth,1986,father_age_years,INT64,year,dfage,99,
birth,1987,father_age_years,INT64,year,dfage,99,
birth,1988,father_age_years,INT64,year,dfage,99,
birth,1989,father_age_years,INT64,year,dfage,99,
birth,1990,father_age_years,INT64,year,dfage,99,
birth,1991,father_age_years,INT64,year,dfage,99,
birth,1992,father_age_years,INT64,year,dfage,99,
birth,1993,father_age_years,INT64,year,dfage,99,
birth,1994,father_age_years,INT64,year,dfage,99,
birth,1995,father_age_years,INT64,year,dfage,99,
birth,1996,father_age_years,INT64,year,dfage,99,
birth,1997,father_age_years,INT64,year,dfage,99,
birth,1998,father_age_years,INT64,year,dfage,99,
birth,1999,father_age_years,INT64,year,dfage,99,
birth,2000,father_age_years,INT64,year,dfage,99,
birth,2001,father_age_years,INT64,year,dfage,99,
birth,2002,father_age_years,INT64,year,dfage,99,
birth,2003,father_age_years,INT64,year,,99,
birth,2004,father_age_years,INT64,year,fagecomb,99,
birth,2005,father_age_years,INT64,year,fagecomb,99,
birth,2006,father_age_years,INT64,year,fagecomb,99,
birth,2007,father_age_years,INT64,year,fagecomb,99,
birth,2008,father_age_years,INT64,year,fagecomb,99,
birth,2009,father_age_years,INT64,year,fagecomb,99,
birth,2010,father_age_years,INT64,year,fagecomb,99,
birth,2011,father_age_years,INT64,year,fagecomb,99,
birth,2012,father_age_years,INT64,year,fagecomb,99,
birth,2013,father_age_years,INT64,year,fagecomb,99,
birth,2014,father_age_years,INT64,year,fagecomb,99,
birth,2015,father_age_years,INT64,year,fagecomb,99,
birth,2016,father_age_years,INT64,year,fagecomb,99,
birth,2017,father_age_years,INT64,year,fagecomb,99,
birth,2018,father_age_years,INT64,year,fagecomb,99,
birth,2019,father_age_years,INT64,year,fagecomb,99,
birth,2020,father_age_years,INT64,year,fagecomb,99,
birth,2021,father_age_years,INT64,year,fagecomb,99,
birth,2022,father_age_years,INT64,year,fagecomb,99,
birth,2023,father_age_years,INT64,year,fagecomb,99,
birth,2024,father_age_years,INT64,year,fagecomb,99,
birth,1968,father_race_code,STRING,,frace,,1968-2013
birth,1970,father_race_code,STRING,,frace,,1968-2013
birth,1971,father_race_code,STRING,,frace,,1968-2013
birth,1972,father_race_code,STRING,,frace,,1968-2013
birth,1973,father_race_code,STRING,,frace,,1968-2013
birth,1974,father_race_code,STRING,,frace,,1968-2013
birth,1975,father_race_code,STRING,,frace,,1968-2013
birth,1976,father_race_code,STRING,,frace,,1968-2013
birth,1977,father_race_code,STRING,,frace,,1968-2013
birth,1978,father_race_code,STRING,,frace,,1968-2013
birth,1979,father_race_code,STRING,,frace,,1968-2013
birth,1980,father_race_code,STRING,,frace,,1968-2013
birth,1981,father_race_code,STRING,,frace,,1968-2013
birth,1982,father_race_code,STRING,,frace,,1968-2013
birth,1983,father_race_code,STRING,,frace,,1968-2013
birth,1984,father_race_code,STRING,,frace,,1968-2013
birth,1985,father_race_code,STRING,,frace,,1968-2013
birth,1986,father_race_code,STRING,,frace,,1968-2013
birth,1987,father_race_code,STRING,,frace,,1968-2013
birth,1988,father_race_code,STRING,,frace,,1968-2013
birth,1989,father_race_code,STRING,,frace,,1968-2013
birth,1990,father_race_code,STRING,,frace,,1968-2013
birth,1991,father_race_code,STRING,,frace,,1968-2013
birth,1992,father_race_code,STRING,,frace,,1968-2013
birth,1993,father_race_code,STRING,,frace,,1968-2013
birth,1994,father_race_code,STRING,,frace,,1968-2013
birth,1995,father_race_code,STRING,,frace,,1968-2013
birth,1996,father_race_code,STRING,,frace,,1968-2013
birth,1997,father_race_code,STRING,,frace,,1968-2013
birth,1998,father_race_code,STRING,,frace,,1968-2013
birth,1999,father_race_code,STRING,,frace,,1968-2013
birth,2000,father_race_code,STRING,,frace,,1968-2013
birth,2001,father_race_code,STRING,,frace,,1968-2013
birth,2002,father_race_code,STRING,,frace,,1968-2013
birth,2003,father_race_code,STRING,,frace,,1968-2013
birth,2004,father_race_code,STRING,,frace,,1968-2013
birth,2005,father_race_code,STRING,,frace,,1968-2013
birth,2006,father_race_code,STRING,,frace,,1968-2013
birth,2007,father_race_code,STRING,,frace,,1968-2013
birth,2008,father_race_code,STRING,,frace,,1968-2013
birth,2009,father_race_code,STRING,,frace,,1968-2013
birth,2010,father_race_code,STRING,,frace,,1968-2013
birth,2011,father_race_code,STRING,,frace,,1968-2013
birth,2012,father_race_code,STRING,,frace,,1968-2013
birth,2013,father_race_code,STRING,,frace,,1968-2013
birth,2014,father_race_code,STRING,,,,1968-2013
birth,2015,father_race_code,STRING,,,,1968-2013
birth,2016,father_race_code,STRING,,,,1968-2013
birth,2017,father_race_code,STRING,,,,1968-2013
birth,2018,father_race_code,STRING,,,,1968-2013
birth,2019,father_race_code,STRING,,,,1968-2013
birth,2020,father_race_code,STRING,,,,1968-2013
birth,2021,father_race_code,STRING,,,,1968-2013
birth,2022,father_race_code,STRING,,,,1968-2013
birth,2023,father_race_code,STRING,,,,1968-2013
birth,2024,father_race_code,STRING,,,,1968-2013
birth,1968,father_race_recode_6,STRING,,,,2014+
birth,1970,father_race_recode_6,STRING,,,,2014+
birth,1971,father_race_recode_6,STRING,,,,2014+
birth,1972,father_race_recode_6,STRING,,,,2014+
birth,1973,father_race_recode_6,STRING,,,,2014+
birth,1974,father_race_recode_6,STRING,,,,2014+
birth,1975,father_race_recode_6,STRING,,,,2014+
birth,1976,father_race_recode_6,STRING,,,,2014+
birth,1977,father_race_recode_6,STRING,,,,2014+
birth,1978,father_race_recode_6,STRING,,,,2014+
birth,1979,father_race_recode_6,STRING,,,,2014+
birth,1980,father_race_recode_6,STRING,,,,2014+
birth,1981,father_race_recode_6,STRING,,,,2014+
birth,1982,father_race_recode_6,STRING,,,,2014+
birth,1983,father_race_recode_6,STRING,,,,2014+
birth,1984,father_race_recode_6,STRING,,,,2014+
birth,1985,father_race_recode_6,STRING,,,,2014+
birth,1986,father_race_recode_6,STRING,,,,2014+
birth,1987,father_race_recode_6,STRING,,,,2014+
birth,1988,father_race_recode_6,STRING,,,,2014+
birth,1989,father_race_recode_6,STRING,,,,2014+
birth,1990,father_race_recode_6,STRING,,,,2014+
birth,1991,father_race_recode_6,STRING,,,,2014+
birth,1992,father_race_recode_6,STRING,,,,2014+
birth,1993,father_race_recode_6,STRING,,,,2014+
birth,1994,father_race_recode_6,STRING,,,,2014+
birth,1995,father_race_recode_6,STRING,,,,2014+
birth,1996,father_race_recode_6,STRING,,,,2014+
birth,1997,father_race_recode_6,STRING,,,,2014+
birth,1998,father_race_recode_6,STRING,,,,2014+
birth,1999,father_race_recode_6,STRING,,,,2014+
birth,2000,father_race_recode_6,STRING,,,,2014+
birth,2001,father_race_recode_6,STRING,,,,2014+
birth,2002,father_race_recode_6,STRING,,,,2014+
birth,2003,father_race_recode_6,STRING,,,,2014+
birth,2004,father_race_recode_6,STRING,,,,2014+
birth,2005,father_race_recode_6,STRING,,,,2014+
birth,2006,father_race_recode_6,STRING,,,,2014+
birth,2007,father_race_recode_6,STRING,,,,2014+
birth,2008,father_race_recode_6,STRING,,,,2014+
birth,2009,father_race_recode_6,STRING,,,,2014+
birth,2010,father_race_recode_6,STRING,,,,2014+
birth,2011,father_race_recode_6,STRING,,,,2014+
birth,2012,father_race_recode_6,STRING,,,,2014+
birth,2013,father_race_recode_6,STRING,,,,2014+
birth,2014,father_race_recode_6,STRING,,frace6,,2014+
birth,2015,father_race_recode_6,STRING,,frace6,,2014+
birth,2016,father_race_recode_6,STRING,,frace6,,2014+
birth,2017,father_race_recode_6,STRING,,frace6,,2014+
birth,2018,father_race_recode_6,STRING,,frace6,,2014+
birth,2019,father_race_recode_6,STRING,,frace6,,2014+
birth,2020,father_race_recode_6,STRING,,frace6,,2014+
birth,2021,father_race_recode_6,STRING,,frace6,,2014+
birth,2022,father_race_recode_6,STRING,,frace6,,2014+
birth,2023,father_race_recode_6,STRING,,frace6,,2014+
birth,2024,father_race_recode_6,STRING,,frace6,,2014+
birth,1968,live_birth_order,INT64,,dlivord,99,count of live births to this mother
birth,1970,live_birth_order,INT64,,dlivord,99,count of live births to this mother
birth,1971,live_birth_order,INT64,,dlivord,99,count of live births to this mother
birth,1972,live_birth_order,INT64,,dlivord,99,count of live births to this mother
birth,1973,live_birth_order,INT64,,dlivord,99,count of live births to this mother
birth,1974,live_birth_order,INT64,,dlivord,99,count of live births to this mother
birth,1975,live_birth_order,INT64,,dlivord,99,count of live births to this mother
birth,1976,live_birth_order,INT64,,dlivord,99,count of live births to this mother
birth,1977,live_birth_order,INT64,,dlivord,99,count of live births to this mother
birth,1978,live_birth_order,INT64,,dlivord,99,count of live births to this mother
birth,1979,live_birth_order,INT64,,dlivord,99,count of live births to this mother
birth,1980,live_birth_order,INT64,,dlivord,99,count of live births to this mother
birth,1981,live_birth_order,INT64,,dlivord,99,count of live births to this mother
birth,1982,live_birth_order,INT64,,dlivord,99,count of live births to this mother
birth,1983,live_birth_order,INT64,,dlivord,99,count of live births to this mother
birth,1984,live_birth_order,INT64,,dlivord,99,count of live births to this mother
birth,1985,live_birth_order,INT64,,dlivord,99,count of live births to this mother
birth,1986,live_birth_order,INT64,,dlivord,99,count of live births to this mother
birth,1987,live_birth_order,INT64,,dlivord,99,count of live births to this mother
birth,1988,live_birth_order,INT64,,dlivord,99,count of live births to this mother
birth,1989,live_birth_order,INT64,,dlivord,99,count of live births to this mother
birth,1990,live_birth_order,INT64,,dlivord,99,count of live births to this mother
birth,1991,live_birth_order,INT64,,dlivord,99,count of live births to this mother
birth,1992,live_birth_order,INT64,,dlivord,99,count of live births to this mother
birth,1993,live_birth_order,INT64,,dlivord,99,count of live births to this mother
birth,1994,live_birth_order,INT64,,dlivord,99,count of live births to this mother
birth,1995,live_birth_order,INT64,,dlivord,99,count of live births to this mother
birth,1996,live_birth_order,INT64,,dlivord,99,count of live births to this mother
birth,1997,live_birth_order,INT64,,dlivord,99,count of live births to this mother
birth,1998,live_birth_order,INT64,,dlivord,99,count of live births to this mother
birth,1999,live_birth_order,INT64,,dlivord,99,count of live births to this mother
birth,2000,live_birth_order,INT64,,dlivord,99,count of live births to this mother
birth,2001,live_birth_order,INT64,,dlivord,99,count of live births to this mother
birth,2002,live_birth_order,INT64,,dlivord,99,count of live births to this mother
birth,2003,live_birth_order,INT64,,lbo_rec,99,count of live births to this mother
birth,2004,live_birth_order,INT64,,lbo_rec,99,count of live births to this mother
birth,2005,live_birth_order,INT64,,lbo_rec,99,count of live births to this mother
birth,2006,live_birth_order,INT64,,lbo_rec,99,count of live births to this mother
birth,2007,live_birth_order,INT64,,lbo_rec,99,count of live births to this mother
birth,2008,live_birth_order,INT64,,lbo_rec,99,count of live births to this mother
birth,2009,live_birth_order,INT64,,lbo_rec,99,count of live births to this mother
birth,2010,live_birth_order,INT64,,lbo_rec,99,count of live births to this mother
birth,2011,live_birth_order,INT64,,lbo_rec,99,count of live births to this mother
birth,2012,live_birth_order,INT64,,lbo_rec,99,count of live births to this mother
birth,2013,live_birth_order,INT64,,lbo_rec,99,count of live births to this mother
birth,2014,live_birth_order,INT64,,lbo_rec,99,count of live births to this mother
birth,2015,live_birth_order,INT64,,lbo_rec,99,count of live births to this mother
birth,2016,live_birth_order,INT64,,lbo_rec,99,count of live births to this mother
birth,2017,live_birth_order,INT64,,lbo_rec,99,count of live births to this mother
birth,2018,live_birth_order,INT64,,lbo_rec,99,count of live births to this mother
birth,2019,live_birth_order,INT64,,lbo_rec,99,count of live births to this mother
birth,2020,live_birth_order,INT64,,lbo_rec,99,count of live births to this mother
birth,2021,live_birth_order,INT64,,lbo_rec,99,count of live births to this mother
birth,2022,live_birth_order,INT64,,lbo_rec,99,count of live births to this mother
birth,2023,live_birth_order,INT64,,lbo_rec,99,count of live births to this mother
birth,2024,live_birth_order,INT64,,lbo_rec,99,count of live births to this mother
birth,1968,total_birth_order,INT64,,,99,live births + fetal deaths
birth,1970,total_birth_order,INT64,,dtotord,99,live births + fetal deaths
birth,1971,total_birth_order,INT64,,dtotord,99,live births + fetal deaths
birth,1972,total_birth_order,INT64,,dtotord,99,live births + fetal deaths
birth,1973,total_birth_order,INT64,,dtotord,99,live births + fetal deaths
birth,1974,total_birth_order,INT64,,dtotord,99,live births + fetal deaths
birth,1975,total_birth_order,INT64,,dtotord,99,live births + fetal deaths
birth,1976,total_birth_order,INT64,,dtotord,99,live births + fetal deaths
birth,1977,total_birth_order,INT64,,dtotord,99,live births + fetal deaths
birth,1978,total_birth_order,INT64,,dtotord,99,live births + fetal deaths
birth,1979,total_birth_order,INT64,,dtotord,99,live births + fetal deaths
birth,1980,total_birth_order,INT64,,dtotord,99,live births + fetal deaths
birth,1981,total_birth_order,INT64,,dtotord,99,live births + fetal deaths
birth,1982,total_birth_order,INT64,,dtotord,99,live births + fetal deaths
birth,1983,total_birth_order,INT64,,dtotord,99,live births + fetal deaths
birth,1984,total_birth_order,INT64,,dtotord,99,live births + fetal deaths
birth,1985,total_birth_order,INT64,,dtotord,99,live births + fetal deaths
birth,1986,total_birth_order,INT64,,dtotord,99,live births + fetal deaths
birth,1987,total_birth_order,INT64,,dtotord,99,live births + fetal deaths
birth,1988,total_birth_order,INT64,,dtotord,99,live births + fetal deaths
birth,1989,total_birth_order,INT64,,dtotord,99,live births + fetal deaths
birth,1990,total_birth_order,INT64,,dtotord,99,live births + fetal deaths
birth,1991,total_birth_order,INT64,,dtotord,99,live births + fetal deaths
birth,1992,total_birth_order,INT64,,dtotord,99,live births + fetal deaths
birth,1993,total_birth_order,INT64,,dtotord,99,live births + fetal deaths
birth,1994,total_birth_order,INT64,,dtotord,99,live births + fetal deaths
birth,1995,total_birth_order,INT64,,dtotord,99,live births + fetal deaths
birth,1996,total_birth_order,INT64,,dtotord,99,live births + fetal deaths
birth,1997,total_birth_order,INT64,,dtotord,99,live births + fetal deaths
birth,1998,total_birth_order,INT64,,dtotord,99,live births + fetal deaths
birth,1999,total_birth_order,INT64,,dtotord,99,live births + fetal deaths
birth,2000,total_birth_order,INT64,,dtotord,99,live births + fetal deaths
birth,2001,total_birth_order,INT64,,dtotord,99,live births + fetal deaths
birth,2002,total_birth_order,INT64,,dtotord,99,live births + fetal deaths
birth,2003,total_birth_order,INT64,,tbo_rec,99,live births + fetal deaths
birth,2004,total_birth_order,INT64,,tbo_rec,99,live births + fetal deaths
birth,2005,total_birth_order,INT64,,tbo_rec,99,live births + fetal deaths
birth,2006,total_birth_order,INT64,,tbo_rec,99,live births + fetal deaths
birth,2007,total_birth_order,INT64,,tbo_rec,99,live births + fetal deaths
birth,2008,total_birth_order,INT64,,tbo_rec,99,live births + fetal deaths
birth,2009,total_birth_order,INT64,,tbo_rec,99,live births + fetal deaths
birth,2010,total_birth_order,INT64,,tbo_rec,99,live births + fetal deaths
birth,2011,total_birth_order,INT64,,tbo_rec,99,live births + fetal deaths
birth,2012,total_birth_order,INT64,,tbo_rec,99,live births + fetal deaths
birth,2013,total_birth_order,INT64,,tbo_rec,99,live births + fetal deaths
birth,2014,total_birth_order,INT64,,tbo_rec,99,live births + fetal deaths
birth,2015,total_birth_order,INT64,,tbo_rec,99,live births + fetal deaths
birth,2016,total_birth_order,INT64,,tbo_rec,99,live births + fetal deaths
birth,2017,total_birth_order,INT64,,tbo_rec,99,live births + fetal deaths
birth,2018,total_birth_order,INT64,,tbo_rec,99,live births + fetal deaths
birth,2019,total_birth_order,INT64,,tbo_rec,99,live births + fetal deaths
birth,2020,total_birth_order,INT64,,tbo_rec,99,live births + fetal deaths
birth,2021,total_birth_order,INT64,,tbo_rec,99,live births + fetal deaths
birth,2022,total_birth_order,INT64,,tbo_rec,99,live births + fetal deaths
birth,2023,total_birth_order,INT64,,tbo_rec,99,live births + fetal deaths
birth,2024,total_birth_order,INT64,,tbo_rec,99,live births + fetal deaths
birth,1968,gestation_weeks,INT64,week,dgestat,99|00,
birth,1970,gestation_weeks,INT64,week,dgestat,99|00,
birth,1971,gestation_weeks,INT64,week,dgestat,99|00,
birth,1972,gestation_weeks,INT64,week,dgestat,99|00,
birth,1973,gestation_weeks,INT64,week,dgestat,99|00,
birth,1974,gestation_weeks,INT64,week,dgestat,99|00,
birth,1975,gestation_weeks,INT64,week,dgestat,99|00,
birth,1976,gestation_weeks,INT64,week,dgestat,99|00,
birth,1977,gestation_weeks,INT64,week,dgestat,99|00,
birth,1978,gestation_weeks,INT64,week,dgestat,99|00,
birth,1979,gestation_weeks,INT64,week,dgestat,99|00,
birth,1980,gestation_weeks,INT64,week,dgestat,99|00,
birth,1981,gestation_weeks,INT64,week,dgestat,99|00,
birth,1982,gestation_weeks,INT64,week,dgestat,99|00,
birth,1983,gestation_weeks,INT64,week,dgestat,99|00,
birth,1984,gestation_weeks,INT64,week,dgestat,99|00,
birth,1985,gestation_weeks,INT64,week,dgestat,99|00,
birth,1986,gestation_weeks,INT64,week,dgestat,99|00,
birth,1987,gestation_weeks,INT64,week,dgestat,99|00,
birth,1988,gestation_weeks,INT64,week,dgestat,99|00,
birth,1989,gestation_weeks,INT64,week,dgestat,99|00,
birth,1990,gestation_weeks,INT64,week,dgestat,99|00,
birth,1991,gestation_weeks,INT64,week,dgestat,99|00,
birth,1992,gestation_weeks,INT64,week,dgestat,99|00,
birth,1993,gestation_weeks,INT64,week,dgestat,99|00,
birth,1994,gestation_weeks,INT64,week,dgestat,99|00,
birth,1995,gestation_weeks,INT64,week,dgestat,99|00,
birth,1996,gestation_weeks,INT64,week,dgestat,99|00,
birth,1997,gestation_weeks,INT64,week,dgestat,99|00,
birth,1998,gestation_weeks,INT64,week,dgestat,99|00,
birth,1999,gestation_weeks,INT64,week,dgestat,99|00,
birth,2000,gestation_weeks,INT64,week,dgestat,99|00,
birth,2001,gestation_weeks,INT64,week,dgestat,99|00,
birth,2002,gestation_weeks,INT64,week,dgestat,99|00,
birth,2003,gestation_weeks,INT64,week,combgest,99|00,
birth,2004,gestation_weeks,INT64,week,combgest,99|00,
birth,2005,gestation_weeks,INT64,week,combgest,99|00,
birth,2006,gestation_weeks,INT64,week,combgest,99|00,
birth,2007,gestation_weeks,INT64,week,combgest,99|00,
birth,2008,gestation_weeks,INT64,week,combgest,99|00,
birth,2009,gestation_weeks,INT64,week,combgest,99|00,
birth,2010,gestation_weeks,INT64,week,combgest,99|00,
birth,2011,gestation_weeks,INT64,week,combgest,99|00,
birth,2012,gestation_weeks,INT64,week,combgest,99|00,
birth,2013,gestation_weeks,INT64,week,combgest,99|00,
birth,2014,gestation_weeks,INT64,week,combgest,99|00,
birth,2015,gestation_weeks,INT64,week,combgest,99|00,
birth,2016,gestation_weeks,INT64,week,combgest,99|00,
birth,2017,gestation_weeks,INT64,week,combgest,99|00,
birth,2018,gestation_weeks,INT64,week,combgest,99|00,
birth,2019,gestation_weeks,INT64,week,combgest,99|00,
birth,2020,gestation_weeks,INT64,week,combgest,99|00,
birth,2021,gestation_weeks,INT64,week,combgest,99|00,
birth,2022,gestation_weeks,INT64,week,combgest,99|00,
birth,2023,gestation_weeks,INT64,week,combgest,99|00,
birth,2024,gestation_weeks,INT64,week,combgest,99|00,
birth,1968,gestation_recode_3,STRING,,,,2003+
birth,1970,gestation_recode_3,STRING,,,,2003+
birth,1971,gestation_recode_3,STRING,,,,2003+
birth,1972,gestation_recode_3,STRING,,,,2003+
birth,1973,gestation_recode_3,STRING,,,,2003+
birth,1974,gestation_recode_3,STRING,,,,2003+
birth,1975,gestation_recode_3,STRING,,,,2003+
birth,1976,gestation_recode_3,STRING,,,,2003+
birth,1977,gestation_recode_3,STRING,,,,2003+
birth,1978,gestation_recode_3,STRING,,,,2003+
birth,1979,gestation_recode_3,STRING,,,,2003+
birth,1980,gestation_recode_3,STRING,,,,2003+
birth,1981,gestation_recode_3,STRING,,,,2003+
birth,1982,gestation_recode_3,STRING,,,,2003+
birth,1983,gestation_recode_3,STRING,,,,2003+
birth,1984,gestation_recode_3,STRING,,,,2003+
birth,1985,gestation_recode_3,STRING,,,,2003+
birth,1986,gestation_recode_3,STRING,,,,2003+
birth,1987,gestation_recode_3,STRING,,,,2003+
birth,1988,gestation_recode_3,STRING,,,,2003+
birth,1989,gestation_recode_3,STRING,,,,2003+
birth,1990,gestation_recode_3,STRING,,,,2003+
birth,1991,gestation_recode_3,STRING,,,,2003+
birth,1992,gestation_recode_3,STRING,,,,2003+
birth,1993,gestation_recode_3,STRING,,,,2003+
birth,1994,gestation_recode_3,STRING,,,,2003+
birth,1995,gestation_recode_3,STRING,,,,2003+
birth,1996,gestation_recode_3,STRING,,,,2003+
birth,1997,gestation_recode_3,STRING,,,,2003+
birth,1998,gestation_recode_3,STRING,,,,2003+
birth,1999,gestation_recode_3,STRING,,,,2003+
birth,2000,gestation_recode_3,STRING,,,,2003+
birth,2001,gestation_recode_3,STRING,,,,2003+
birth,2002,gestation_recode_3,STRING,,,,2003+
birth,2003,gestation_recode_3,STRING,,gestrec3,,2003+
birth,2004,gestation_recode_3,STRING,,gestrec3,,2003+
birth,2005,gestation_recode_3,STRING,,gestrec3,,2003+
birth,2006,gestation_recode_3,STRING,,gestrec3,,2003+
birth,2007,gestation_recode_3,STRING,,gestrec3,,2003+
birth,2008,gestation_recode_3,STRING,,gestrec3,,2003+
birth,2009,gestation_recode_3,STRING,,gestrec3,,2003+
birth,2010,gestation_recode_3,STRING,,gestrec3,,2003+
birth,2011,gestation_recode_3,STRING,,gestrec3,,2003+
birth,2012,gestation_recode_3,STRING,,gestrec3,,2003+
birth,2013,gestation_recode_3,STRING,,gestrec3,,2003+
birth,2014,gestation_recode_3,STRING,,gestrec3,,2003+
birth,2015,gestation_recode_3,STRING,,gestrec3,,2003+
birth,2016,gestation_recode_3,STRING,,gestrec3,,2003+
birth,2017,gestation_recode_3,STRING,,gestrec3,,2003+
birth,2018,gestation_recode_3,STRING,,gestrec3,,2003+
birth,2019,gestation_recode_3,STRING,,gestrec3,,2003+
birth,2020,gestation_recode_3,STRING,,gestrec3,,2003+
birth,2021,gestation_recode_3,STRING,,gestrec3,,2003+
birth,2022,gestation_recode_3,STRING,,gestrec3,,2003+
birth,2023,gestation_recode_3,STRING,,gestrec3,,2003+
birth,2024,gestation_recode_3,STRING,,gestrec3,,2003+
birth,1968,birth_weight_grams,INT64,gram,dbirwt,9999|0000,
birth,1970,birth_weight_grams,INT64,gram,dbirwt,9999|0000,
birth,1971,birth_weight_grams,INT64,gram,dbirwt,9999|0000,
birth,1972,birth_weight_grams,INT64,gram,dbirwt,9999|0000,
birth,1973,birth_weight_grams,INT64,gram,dbirwt,9999|0000,
birth,1974,birth_weight_grams,INT64,gram,dbirwt,9999|0000,
birth,1975,birth_weight_grams,INT64,gram,dbirwt,9999|0000,
birth,1976,birth_weight_grams,INT64,gram,dbirwt,9999|0000,
birth,1977,birth_weight_grams,INT64,gram,dbirwt,9999|0000,
birth,1978,birth_weight_grams,INT64,gram,dbirwt,9999|0000,
birth,1979,birth_weight_grams,INT64,gram,dbirwt,9999|0000,
birth,1980,birth_weight_grams,INT64,gram,dbirwt,9999|0000,
birth,1981,birth_weight_grams,INT64,gram,dbirwt,9999|0000,
birth,1982,birth_weight_grams,INT64,gram,dbirwt,9999|0000,
birth,1983,birth_weight_grams,INT64,gram,dbirwt,9999|0000,
birth,1984,birth_weight_grams,INT64,gram,dbirwt,9999|0000,
birth,1985,birth_weight_grams,INT64,gram,dbirwt,9999|0000,
birth,1986,birth_weight_grams,INT64,gram,dbirwt,9999|0000,
birth,1987,birth_weight_grams,INT64,gram,dbirwt,9999|0000,
birth,1988,birth_weight_grams,INT64,gram,dbirwt,9999|0000,
birth,1989,birth_weight_grams,INT64,gram,dbirwt,9999|0000,
birth,1990,birth_weight_grams,INT64,gram,dbirwt,9999|0000,
birth,1991,birth_weight_grams,INT64,gram,dbirwt,9999|0000,
birth,1992,birth_weight_grams,INT64,gram,dbirwt,9999|0000,
birth,1993,birth_weight_grams,INT64,gram,dbirwt,9999|0000,
birth,1994,birth_weight_grams,INT64,gram,dbirwt,9999|0000,
birth,1995,birth_weight_grams,INT64,gram,dbirwt,9999|0000,
birth,1996,birth_weight_grams,INT64,gram,dbirwt,9999|0000,
birth,1997,birth_weight_grams,INT64,gram,dbirwt,9999|0000,
birth,1998,birth_weight_grams,INT64,gram,dbirwt,9999|0000,
birth,1999,birth_weight_grams,INT64,gram,dbirwt,9999|0000,
birth,2000,birth_weight_grams,INT64,gram,dbirwt,9999|0000,
birth,2001,birth_weight_grams,INT64,gram,dbirwt,9999|0000,
birth,2002,birth_weight_grams,INT64,gram,dbirwt,9999|0000,
birth,2003,birth_weight_grams,INT64,gram,dbwt,9999|0000,
birth,2004,birth_weight_grams,INT64,gram,dbwt,9999|0000,
birth,2005,birth_weight_grams,INT64,gram,dbwt,9999|0000,
birth,2006,birth_weight_grams,INT64,gram,dbwt,9999|0000,
birth,2007,birth_weight_grams,INT64,gram,dbwt,9999|0000,
birth,2008,birth_weight_grams,INT64,gram,dbwt,9999|0000,
birth,2009,birth_weight_grams,INT64,gram,dbwt,9999|0000,
birth,2010,birth_weight_grams,INT64,gram,dbwt,9999|0000,
birth,2011,birth_weight_grams,INT64,gram,dbwt,9999|0000,
birth,2012,birth_weight_grams,INT64,gram,dbwt,9999|0000,
birth,2013,birth_weight_grams,INT64,gram,dbwt,9999|0000,
birth,2014,birth_weight_grams,INT64,gram,dbwt,9999|0000,
birth,2015,birth_weight_grams,INT64,gram,dbwt,9999|0000,
birth,2016,birth_weight_grams,INT64,gram,dbwt,9999|0000,
birth,2017,birth_weight_grams,INT64,gram,dbwt,9999|0000,
birth,2018,birth_weight_grams,INT64,gram,dbwt,9999|0000,
birth,2019,birth_weight_grams,INT64,gram,dbwt,9999|0000,
birth,2020,birth_weight_grams,INT64,gram,dbwt,9999|0000,
birth,2021,birth_weight_grams,INT64,gram,dbwt,9999|0000,
birth,2022,birth_weight_grams,INT64,gram,dbwt,9999|0000,
birth,2023,birth_weight_grams,INT64,gram,dbwt,9999|0000,
birth,2024,birth_weight_grams,INT64,gram,dbwt,9999|0000,
birth,1968,birth_weight_recode_4,STRING,,,,2003+
birth,1970,birth_weight_recode_4,STRING,,,,2003+
birth,1971,birth_weight_recode_4,STRING,,,,2003+
birth,1972,birth_weight_recode_4,STRING,,,,2003+
birth,1973,birth_weight_recode_4,STRING,,,,2003+
birth,1974,birth_weight_recode_4,STRING,,,,2003+
birth,1975,birth_weight_recode_4,STRING,,,,2003+
birth,1976,birth_weight_recode_4,STRING,,,,2003+
birth,1977,birth_weight_recode_4,STRING,,,,2003+
birth,1978,birth_weight_recode_4,STRING,,,,2003+
birth,1979,birth_weight_recode_4,STRING,,,,2003+
birth,1980,birth_weight_recode_4,STRING,,,,2003+
birth,1981,birth_weight_recode_4,STRING,,,,2003+
birth,1982,birth_weight_recode_4,STRING,,,,2003+
birth,1983,birth_weight_recode_4,STRING,,,,2003+
birth,1984,birth_weight_recode_4,STRING,,,,2003+
birth,1985,birth_weight_recode_4,STRING,,,,2003+
birth,1986,birth_weight_recode_4,STRING,,,,2003+
birth,1987,birth_weight_recode_4,STRING,,,,2003+
birth,1988,birth_weight_recode_4,STRING,,,,2003+
birth,1989,birth_weight_recode_4,STRING,,,,2003+
birth,1990,birth_weight_recode_4,STRING,,,,2003+
birth,1991,birth_weight_recode_4,STRING,,,,2003+
birth,1992,birth_weight_recode_4,STRING,,,,2003+
birth,1993,birth_weight_recode_4,STRING,,,,2003+
birth,1994,birth_weight_recode_4,STRING,,,,2003+
birth,1995,birth_weight_recode_4,STRING,,,,2003+
birth,1996,birth_weight_recode_4,STRING,,,,2003+
birth,1997,birth_weight_recode_4,STRING,,,,2003+
birth,1998,birth_weight_recode_4,STRING,,,,2003+
birth,1999,birth_weight_recode_4,STRING,,,,2003+
birth,2000,birth_weight_recode_4,STRING,,,,2003+
birth,2001,birth_weight_recode_4,STRING,,,,2003+
birth,2002,birth_weight_recode_4,STRING,,,,2003+
birth,2003,birth_weight_recode_4,STRING,,bwtr4,,2003+
birth,2004,birth_weight_recode_4,STRING,,bwtr4,,2003+
birth,2005,birth_weight_recode_4,STRING,,bwtr4,,2003+
birth,2006,birth_weight_recode_4,STRING,,bwtr4,,2003+
birth,2007,birth_weight_recode_4,STRING,,bwtr4,,2003+
birth,2008,birth_weight_recode_4,STRING,,bwtr4,,2003+
birth,2009,birth_weight_recode_4,STRING,,bwtr4,,2003+
birth,2010,birth_weight_recode_4,STRING,,bwtr4,,2003+
birth,2011,birth_weight_recode_4,STRING,,bwtr4,,2003+
birth,2012,birth_weight_recode_4,STRING,,bwtr4,,2003+
birth,2013,birth_weight_recode_4,STRING,,bwtr4,,2003+
birth,2014,birth_weight_recode_4,STRING,,bwtr4,,2003+
birth,2015,birth_weight_recode_4,STRING,,bwtr4,,2003+
birth,2016,birth_weight_recode_4,STRING,,bwtr4,,2003+
birth,2017,birth_weight_recode_4,STRING,,bwtr4,,2003+
birth,2018,birth_weight_recode_4,STRING,,bwtr4,,2003+
birth,2019,birth_weight_recode_4,STRING,,bwtr4,,2003+
birth,2020,birth_weight_recode_4,STRING,,bwtr4,,2003+
birth,2021,birth_weight_recode_4,STRING,,bwtr4,,2003+
birth,2022,birth_weight_recode_4,STRING,,bwtr4,,2003+
birth,2023,birth_weight_recode_4,STRING,,bwtr4,,2003+
birth,2024,birth_weight_recode_4,STRING,,bwtr4,,2003+
birth,1968,prenatal_care_month_began,INT64,month,,99,month of pregnancy prenatal care began; 0 = no care
birth,1970,prenatal_care_month_began,INT64,month,,99,month of pregnancy prenatal care began; 0 = no care
birth,1971,prenatal_care_month_began,INT64,month,,99,month of pregnancy prenatal care began; 0 = no care
birth,1972,prenatal_care_month_began,INT64,month,,99,month of pregnancy prenatal care began; 0 = no care
birth,1973,prenatal_care_month_began,INT64,month,,99,month of pregnancy prenatal care began; 0 = no care
birth,1974,prenatal_care_month_began,INT64,month,,99,month of pregnancy prenatal care began; 0 = no care
birth,1975,prenatal_care_month_began,INT64,month,,99,month of pregnancy prenatal care began; 0 = no care
birth,1976,prenatal_care_month_began,INT64,month,,99,month of pregnancy prenatal care began; 0 = no care
birth,1977,prenatal_care_month_began,INT64,month,,99,month of pregnancy prenatal care began; 0 = no care
birth,1978,prenatal_care_month_began,INT64,month,,99,month of pregnancy prenatal care began; 0 = no care
birth,1979,prenatal_care_month_began,INT64,month,,99,month of pregnancy prenatal care began; 0 = no care
birth,1980,prenatal_care_month_began,INT64,month,,99,month of pregnancy prenatal care began; 0 = no care
birth,1981,prenatal_care_month_began,INT64,month,,99,month of pregnancy prenatal care began; 0 = no care
birth,1982,prenatal_care_month_began,INT64,month,,99,month of pregnancy prenatal care began; 0 = no care
birth,1983,prenatal_care_month_began,INT64,month,,99,month of pregnancy prenatal care began; 0 = no care
birth,1984,prenatal_care_month_began,INT64,month,,99,month of pregnancy prenatal care began; 0 = no care
birth,1985,prenatal_care_month_began,INT64,month,,99,month of pregnancy prenatal care began; 0 = no care
birth,1986,prenatal_care_month_began,INT64,month,,99,month of pregnancy prenatal care began; 0 = no care
birth,1987,prenatal_care_month_began,INT64,month,,99,month of pregnancy prenatal care began; 0 = no care
birth,1988,prenatal_care_month_began,INT64,month,,99,month of pregnancy prenatal care began; 0 = no care
birth,1989,prenatal_care_month_began,INT64,month,monpre,99,month of pregnancy prenatal care began; 0 = no care
birth,1990,prenatal_care_month_began,INT64,month,monpre,99,month of pregnancy prenatal care began; 0 = no care
birth,1991,prenatal_care_month_began,INT64,month,monpre,99,month of pregnancy prenatal care began; 0 = no care
birth,1992,prenatal_care_month_began,INT64,month,monpre,99,month of pregnancy prenatal care began; 0 = no care
birth,1993,prenatal_care_month_began,INT64,month,monpre,99,month of pregnancy prenatal care began; 0 = no care
birth,1994,prenatal_care_month_began,INT64,month,monpre,99,month of pregnancy prenatal care began; 0 = no care
birth,1995,prenatal_care_month_began,INT64,month,monpre,99,month of pregnancy prenatal care began; 0 = no care
birth,1996,prenatal_care_month_began,INT64,month,monpre,99,month of pregnancy prenatal care began; 0 = no care
birth,1997,prenatal_care_month_began,INT64,month,monpre,99,month of pregnancy prenatal care began; 0 = no care
birth,1998,prenatal_care_month_began,INT64,month,monpre,99,month of pregnancy prenatal care began; 0 = no care
birth,1999,prenatal_care_month_began,INT64,month,monpre,99,month of pregnancy prenatal care began; 0 = no care
birth,2000,prenatal_care_month_began,INT64,month,monpre,99,month of pregnancy prenatal care began; 0 = no care
birth,2001,prenatal_care_month_began,INT64,month,monpre,99,month of pregnancy prenatal care began; 0 = no care
birth,2002,prenatal_care_month_began,INT64,month,monpre,99,month of pregnancy prenatal care began; 0 = no care
birth,2003,prenatal_care_month_began,INT64,month,precare,99,month of pregnancy prenatal care began; 0 = no care
birth,2004,prenatal_care_month_began,INT64,month,precare,99,month of pregnancy prenatal care began; 0 = no care
birth,2005,prenatal_care_month_began,INT64,month,precare,99,month of pregnancy prenatal care began; 0 = no care
birth,2006,prenatal_care_month_began,INT64,month,precare,99,month of pregnancy prenatal care began; 0 = no care
birth,2007,prenatal_care_month_began,INT64,month,precare,99,month of pregnancy prenatal care began; 0 = no care
birth,2008,prenatal_care_month_began,INT64,month,precare,99,month of pregnancy prenatal care began; 0 = no care
birth,2009,prenatal_care_month_began,INT64,month,precare,99,month of pregnancy prenatal care began; 0 = no care
birth,2010,prenatal_care_month_began,INT64,month,precare,99,month of pregnancy prenatal care began; 0 = no care
birth,2011,prenatal_care_month_began,INT64,month,precare,99,month of pregnancy prenatal care began; 0 = no care
birth,2012,prenatal_care_month_began,INT64,month,precare,99,month of pregnancy prenatal care began; 0 = no care
birth,2013,prenatal_care_month_began,INT64,month,precare,99,month of pregnancy prenatal care began; 0 = no care
birth,2014,prenatal_care_month_began,INT64,month,precare,99,month of pregnancy prenatal care began; 0 = no care
birth,2015,prenatal_care_month_began,INT64,month,precare,99,month of pregnancy prenatal care began; 0 = no care
birth,2016,prenatal_care_month_began,INT64,month,precare,99,month of pregnancy prenatal care began; 0 = no care
birth,2017,prenatal_care_month_began,INT64,month,precare,99,month of pregnancy prenatal care began; 0 = no care
birth,2018,prenatal_care_month_began,INT64,month,precare,99,month of pregnancy prenatal care began; 0 = no care
birth,2019,prenatal_care_month_began,INT64,month,precare,99,month of pregnancy prenatal care began; 0 = no care
birth,2020,prenatal_care_month_began,INT64,month,precare,99,month of pregnancy prenatal care began; 0 = no care
birth,2021,prenatal_care_month_began,INT64,month,precare,99,month of pregnancy prenatal care began; 0 = no care
birth,2022,prenatal_care_month_began,INT64,month,precare,99,month of pregnancy prenatal care began; 0 = no care
birth,2023,prenatal_care_month_began,INT64,month,precare,99,month of pregnancy prenatal care began; 0 = no care
birth,2024,prenatal_care_month_began,INT64,month,precare,99,month of pregnancy prenatal care began; 0 = no care
birth,1968,prenatal_visits,INT64,,,99|88,total prenatal visits
birth,1970,prenatal_visits,INT64,,,99|88,total prenatal visits
birth,1971,prenatal_visits,INT64,,,99|88,total prenatal visits
birth,1972,prenatal_visits,INT64,,nprevis,99|88,total prenatal visits
birth,1973,prenatal_visits,INT64,,nprevis,99|88,total prenatal visits
birth,1974,prenatal_visits,INT64,,nprevis,99|88,total prenatal visits
birth,1975,prenatal_visits,INT64,,nprevis,99|88,total prenatal visits
birth,1976,prenatal_visits,INT64,,nprevis,99|88,total prenatal visits
birth,1977,prenatal_visits,INT64,,nprevis,99|88,total prenatal visits
birth,1978,prenatal_visits,INT64,,nprevis,99|88,total prenatal visits
birth,1979,prenatal_visits,INT64,,nprevis,99|88,total prenatal visits
birth,1980,prenatal_visits,INT64,,nprevis,99|88,total prenatal visits
birth,1981,prenatal_visits,INT64,,nprevis,99|88,total prenatal visits
birth,1982,prenatal_visits,INT64,,nprevis,99|88,total prenatal visits
birth,1983,prenatal_visits,INT64,,nprevis,99|88,total prenatal visits
birth,1984,prenatal_visits,INT64,,nprevis,99|88,total prenatal visits
birth,1985,prenatal_visits,INT64,,nprevis,99|88,total prenatal visits
birth,1986,prenatal_visits,INT64,,nprevis,99|88,total prenatal visits
birth,1987,prenatal_visits,INT64,,nprevis,99|88,total prenatal visits
birth,1988,prenatal_visits,INT64,,nprevis,99|88,total prenatal visits
birth,1989,prenatal_visits,INT64,,nprevis,99|88,total prenatal visits
birth,1990,prenatal_visits,INT64,,nprevis,99|88,total prenatal visits
birth,1991,prenatal_visits,INT64,,nprevis,99|88,total prenatal visits
birth,1992,prenatal_visits,INT64,,nprevis,99|88,total prenatal visits
birth,1993,prenatal_visits,INT64,,nprevis,99|88,total prenatal visits
birth,1994,prenatal_visits,INT64,,nprevis,99|88,total prenatal visits
birth,1995,prenatal_visits,INT64,,nprevis,99|88,total prenatal visits
birth,1996,prenatal_visits,INT64,,nprevis,99|88,total prenatal visits
birth,1997,prenatal_visits,INT64,,nprevis,99|88,total prenatal visits
birth,1998,prenatal_visits,INT64,,nprevis,99|88,total prenatal visits
birth,1999,prenatal_visits,INT64,,nprevis,99|88,total prenatal visits
birth,2000,prenatal_visits,INT64,,nprevis,99|88,total prenatal visits
birth,2001,prenatal_visits,INT64,,nprevis,99|88,total prenatal visits
birth,2002,prenatal_visits,INT64,,nprevis,99|88,total prenatal visits
birth,2003,prenatal_visits,INT64,,,99|88,total prenatal visits
birth,2004,prenatal_visits,INT64,,,99|88,total prenatal visits
birth,2005,prenatal_visits,INT64,,,99|88,total prenatal visits
birth,2006,prenatal_visits,INT64,,,99|88,total prenatal visits
birth,2007,prenatal_visits,INT64,,,99|88,total prenatal visits
birth,2008,prenatal_visits,INT64,,,99|88,total prenatal visits
birth,2009,prenatal_visits,INT64,,,99|88,total prenatal visits
birth,2010,prenatal_visits,INT64,,,99|88,total prenatal visits
birth,2011,prenatal_visits,INT64,,,99|88,total prenatal visits
birth,2012,prenatal_visits,INT64,,,99|88,total prenatal visits
birth,2013,prenatal_visits,INT64,,,99|88,total prenatal visits
birth,2014,prenatal_visits,INT64,,previs,99|88,total prenatal visits
birth,2015,prenatal_visits,INT64,,previs,99|88,total prenatal visits
birth,2016,prenatal_visits,INT64,,previs,99|88,total prenatal visits
birth,2017,prenatal_visits,INT64,,previs,99|88,total prenatal visits
birth,2018,prenatal_visits,INT64,,previs,99|88,total prenatal visits
birth,2019,prenatal_visits,INT64,,previs,99|88,total prenatal visits
birth,2020,prenatal_visits,INT64,,previs,99|88,total prenatal visits
birth,2021,prenatal_visits,INT64,,previs,99|88,total prenatal visits
birth,2022,prenatal_visits,INT64,,previs,99|88,total prenatal visits
birth,2023,prenatal_visits,INT64,,previs,99|88,total prenatal visits
birth,2024,prenatal_visits,INT64,,previs,99|88,total prenatal visits
birth,1968,sex,STRING,,csex,,
birth,1970,sex,STRING,,csex,,
birth,1971,sex,STRING,,csex,,
birth,1972,sex,STRING,,csex,,
birth,1973,sex,STRING,,csex,,
birth,1974,sex,STRING,,csex,,
birth,1975,sex,STRING,,csex,,
birth,1976,sex,STRING,,csex,,
birth,1977,sex,STRING,,csex,,
birth,1978,sex,STRING,,csex,,
birth,1979,sex,STRING,,csex,,
birth,1980,sex,STRING,,csex,,
birth,1981,sex,STRING,,csex,,
birth,1982,sex,STRING,,csex,,
birth,1983,sex,STRING,,csex,,
birth,1984,sex,STRING,,csex,,
birth,1985,sex,STRING,,csex,,
birth,1986,sex,STRING,,csex,,
birth,1987,sex,STRING,,csex,,
birth,1988,sex,STRING,,csex,,
birth,1989,sex,STRING,,csex,,
birth,1990,sex,STRING,,csex,,
birth,1991,sex,STRING,,csex,,
birth,1992,sex,STRING,,csex,,
birth,1993,sex,STRING,,csex,,
birth,1994,sex,STRING,,csex,,
birth,1995,sex,STRING,,csex,,
birth,1996,sex,STRING,,csex,,
birth,1997,sex,STRING,,csex,,
birth,1998,sex,STRING,,csex,,
birth,1999,sex,STRING,,csex,,
birth,2000,sex,STRING,,csex,,
birth,2001,sex,STRING,,csex,,
birth,2002,sex,STRING,,csex,,
birth,2003,sex,STRING,,sex,,
birth,2004,sex,STRING,,sex,,
birth,2005,sex,STRING,,sex,,
birth,2006,sex,STRING,,sex,,
birth,2007,sex,STRING,,sex,,
birth,2008,sex,STRING,,sex,,
birth,2009,sex,STRING,,sex,,
birth,2010,sex,STRING,,sex,,
birth,2011,sex,STRING,,sex,,
birth,2012,sex,STRING,,sex,,
birth,2013,sex,STRING,,sex,,
birth,2014,sex,STRING,,sex,,
birth,2015,sex,STRING,,sex,,
birth,2016,sex,STRING,,sex,,
birth,2017,sex,STRING,,sex,,
birth,2018,sex,STRING,,sex,,
birth,2019,sex,STRING,,sex,,
birth,2020,sex,STRING,,sex,,
birth,2021,sex,STRING,,sex,,
birth,2022,sex,STRING,,sex,,
birth,2023,sex,STRING,,sex,,
birth,2024,sex,STRING,,sex,,
birth,1968,plurality,STRING,,dplural,,top code caps at quintuplet+
birth,1970,plurality,STRING,,,,top code caps at quintuplet+
birth,1971,plurality,STRING,,dplural,,top code caps at quintuplet+
birth,1972,plurality,STRING,,dplural,,top code caps at quintuplet+
birth,1973,plurality,STRING,,dplural,,top code caps at quintuplet+
birth,1974,plurality,STRING,,dplural,,top code caps at quintuplet+
birth,1975,plurality,STRING,,dplural,,top code caps at quintuplet+
birth,1976,plurality,STRING,,dplural,,top code caps at quintuplet+
birth,1977,plurality,STRING,,dplural,,top code caps at quintuplet+
birth,1978,plurality,STRING,,dplural,,top code caps at quintuplet+
birth,1979,plurality,STRING,,dplural,,top code caps at quintuplet+
birth,1980,plurality,STRING,,dplural,,top code caps at quintuplet+
birth,1981,plurality,STRING,,dplural,,top code caps at quintuplet+
birth,1982,plurality,STRING,,dplural,,top code caps at quintuplet+
birth,1983,plurality,STRING,,dplural,,top code caps at quintuplet+
birth,1984,plurality,STRING,,dplural,,top code caps at quintuplet+
birth,1985,plurality,STRING,,dplural,,top code caps at quintuplet+
birth,1986,plurality,STRING,,dplural,,top code caps at quintuplet+
birth,1987,plurality,STRING,,dplural,,top code caps at quintuplet+
birth,1988,plurality,STRING,,dplural,,top code caps at quintuplet+
birth,1989,plurality,STRING,,dplural,,top code caps at quintuplet+
birth,1990,plurality,STRING,,dplural,,top code caps at quintuplet+
birth,1991,plurality,STRING,,dplural,,top code caps at quintuplet+
birth,1992,plurality,STRING,,dplural,,top code caps at quintuplet+
birth,1993,plurality,STRING,,dplural,,top code caps at quintuplet+
birth,1994,plurality,STRING,,dplural,,top code caps at quintuplet+
birth,1995,plurality,STRING,,dplural,,top code caps at quintuplet+
birth,1996,plurality,STRING,,dplural,,top code caps at quintuplet+
birth,1997,plurality,STRING,,dplural,,top code caps at quintuplet+
birth,1998,plurality,STRING,,dplural,,top code caps at quintuplet+
birth,1999,plurality,STRING,,dplural,,top code caps at quintuplet+
birth,2000,plurality,STRING,,dplural,,top code caps at quintuplet+
birth,2001,plurality,STRING,,dplural,,top code caps at quintuplet+
birth,2002,plurality,STRING,,dplural,,top code caps at quintuplet+
birth,2003,plurality,STRING,,dplural,,top code caps at quintuplet+
birth,2004,plurality,STRING,,dplural,,top code caps at quintuplet+
birth,2005,plurality,STRING,,dplural,,top code caps at quintuplet+
birth,2006,plurality,STRING,,dplural,,top code caps at quintuplet+
birth,2007,plurality,STRING,,dplural,,top code caps at quintuplet+
birth,2008,plurality,STRING,,dplural,,top code caps at quintuplet+
birth,2009,plurality,STRING,,dplural,,top code caps at quintuplet+
birth,2010,plurality,STRING,,dplural,,top code caps at quintuplet+
birth,2011,plurality,STRING,,dplural,,top code caps at quintuplet+
birth,2012,plurality,STRING,,dplural,,top code caps at quintuplet+
birth,2013,plurality,STRING,,dplural,,top code caps at quintuplet+
birth,2014,plurality,STRING,,dplural,,top code caps at quintuplet+
birth,2015,plurality,STRING,,dplural,,top code caps at quintuplet+
birth,2016,plurality,STRING,,dplural,,top code caps at quintuplet+
birth,2017,plurality,STRING,,dplural,,top code caps at quintuplet+
birth,2018,plurality,STRING,,dplural,,top code caps at quintuplet+
birth,2019,plurality,STRING,,dplural,,top code caps at quintuplet+
birth,2020,plurality,STRING,,dplural,,top code caps at quintuplet+
birth,2021,plurality,STRING,,dplural,,top code caps at quintuplet+
birth,2022,plurality,STRING,,dplural,,top code caps at quintuplet+
birth,2023,plurality,STRING,,dplural,,top code caps at quintuplet+
birth,2024,plurality,STRING,,dplural,,top code caps at quintuplet+
birth,1968,delivery_method_recode,STRING,,,,2003+
birth,1970,delivery_method_recode,STRING,,,,2003+
birth,1971,delivery_method_recode,STRING,,,,2003+
birth,1972,delivery_method_recode,STRING,,,,2003+
birth,1973,delivery_method_recode,STRING,,,,2003+
birth,1974,delivery_method_recode,STRING,,,,2003+
birth,1975,delivery_method_recode,STRING,,,,2003+
birth,1976,delivery_method_recode,STRING,,,,2003+
birth,1977,delivery_method_recode,STRING,,,,2003+
birth,1978,delivery_method_recode,STRING,,,,2003+
birth,1979,delivery_method_recode,STRING,,,,2003+
birth,1980,delivery_method_recode,STRING,,,,2003+
birth,1981,delivery_method_recode,STRING,,,,2003+
birth,1982,delivery_method_recode,STRING,,,,2003+
birth,1983,delivery_method_recode,STRING,,,,2003+
birth,1984,delivery_method_recode,STRING,,,,2003+
birth,1985,delivery_method_recode,STRING,,,,2003+
birth,1986,delivery_method_recode,STRING,,,,2003+
birth,1987,delivery_method_recode,STRING,,,,2003+
birth,1988,delivery_method_recode,STRING,,,,2003+
birth,1989,delivery_method_recode,STRING,,,,2003+
birth,1990,delivery_method_recode,STRING,,,,2003+
birth,1991,delivery_method_recode,STRING,,,,2003+
birth,1992,delivery_method_recode,STRING,,,,2003+
birth,1993,delivery_method_recode,STRING,,,,2003+
birth,1994,delivery_method_recode,STRING,,,,2003+
birth,1995,delivery_method_recode,STRING,,,,2003+
birth,1996,delivery_method_recode,STRING,,,,2003+
birth,1997,delivery_method_recode,STRING,,,,2003+
birth,1998,delivery_method_recode,STRING,,,,2003+
birth,1999,delivery_method_recode,STRING,,,,2003+
birth,2000,delivery_method_recode,STRING,,,,2003+
birth,2001,delivery_method_recode,STRING,,,,2003+
birth,2002,delivery_method_recode,STRING,,,,2003+
birth,2003,delivery_method_recode,STRING,,dmeth_rec,,2003+
birth,2004,delivery_method_recode,STRING,,dmeth_rec,,2003+
birth,2005,delivery_method_recode,STRING,,rdmeth_rec,,2003+
birth,2006,delivery_method_recode,STRING,,rdmeth_rec,,2003+
birth,2007,delivery_method_recode,STRING,,rdmeth_rec,,2003+
birth,2008,delivery_method_recode,STRING,,rdmeth_rec,,2003+
birth,2009,delivery_method_recode,STRING,,rdmeth_rec,,2003+
birth,2010,delivery_method_recode,STRING,,rdmeth_rec,,2003+
birth,2011,delivery_method_recode,STRING,,rdmeth_rec,,2003+
birth,2012,delivery_method_recode,STRING,,rdmeth_rec,,2003+
birth,2013,delivery_method_recode,STRING,,rdmeth_rec,,2003+
birth,2014,delivery_method_recode,STRING,,rdmeth_rec,,2003+
birth,2015,delivery_method_recode,STRING,,rdmeth_rec,,2003+
birth,2016,delivery_method_recode,STRING,,rdmeth_rec,,2003+
birth,2017,delivery_method_recode,STRING,,rdmeth_rec,,2003+
birth,2018,delivery_method_recode,STRING,,rdmeth_rec,,2003+
birth,2019,delivery_method_recode,STRING,,rdmeth_rec,,2003+
birth,2020,delivery_method_recode,STRING,,rdmeth_rec,,2003+
birth,2021,delivery_method_recode,STRING,,rdmeth_rec,,2003+
birth,2022,delivery_method_recode,STRING,,rdmeth_rec,,2003+
birth,2023,delivery_method_recode,STRING,,rdmeth_rec,,2003+
birth,2024,delivery_method_recode,STRING,,rdmeth_rec,,2003+
birth,1968,birth_attendant,STRING,,birattnd,,
birth,1970,birth_attendant,STRING,,birattnd,,
birth,1971,birth_attendant,STRING,,birattnd,,
birth,1972,birth_attendant,STRING,,birattnd,,
birth,1973,birth_attendant,STRING,,birattnd,,
birth,1974,birth_attendant,STRING,,birattnd,,
birth,1975,birth_attendant,STRING,,attend,,
birth,1976,birth_attendant,STRING,,attend,,
birth,1977,birth_attendant,STRING,,attend,,
birth,1978,birth_attendant,STRING,,attend,,
birth,1979,birth_attendant,STRING,,attend,,
birth,1980,birth_attendant,STRING,,attend,,
birth,1981,birth_attendant,STRING,,attend,,
birth,1982,birth_attendant,STRING,,attend,,
birth,1983,birth_attendant,STRING,,attend,,
birth,1984,birth_attendant,STRING,,attend,,
birth,1985,birth_attendant,STRING,,attend,,
birth,1986,birth_attendant,STRING,,attend,,
birth,1987,birth_attendant,STRING,,attend,,
birth,1988,birth_attendant,STRING,,attend,,
birth,1989,birth_attendant,STRING,,birattnd,,
birth,1990,birth_attendant,STRING,,birattnd,,
birth,1991,birth_attendant,STRING,,birattnd,,
birth,1992,birth_attendant,STRING,,birattnd,,
birth,1993,birth_attendant,STRING,,birattnd,,
birth,1994,birth_attendant,STRING,,birattnd,,
birth,1995,birth_attendant,STRING,,birattnd,,
birth,1996,birth_attendant,STRING,,birattnd,,
birth,1997,birth_attendant,STRING,,birattnd,,
birth,1998,birth_attendant,STRING,,birattnd,,
birth,1999,birth_attendant,STRING,,birattnd,,
birth,2000,birth_attendant,STRING,,birattnd,,
birth,2001,birth_attendant,STRING,,birattnd,,
birth,2002,birth_attendant,STRING,,birattnd,,
birth,2003,birth_attendant,STRING,,attend,,
birth,2004,birth_attendant,STRING,,attend,,
birth,2005,birth_attendant,STRING,,attend,,
birth,2006,birth_attendant,STRING,,attend,,
birth,2007,birth_attendant,STRING,,attend,,
birth,2008,birth_attendant,STRING,,attend,,
birth,2009,birth_attendant,STRING,,attend,,
birth,2010,birth_attendant,STRING,,attend,,
birth,2011,birth_attendant,STRING,,attend,,
birth,2012,birth_attendant,STRING,,attend,,
birth,2013,birth_attendant,STRING,,attend,,
birth,2014,birth_attendant,STRING,,attend,,
birth,2015,birth_attendant,STRING,,attend,,
birth,2016,birth_attendant,STRING,,attend,,
birth,2017,birth_attendant,STRING,,attend,,
birth,2018,birth_attendant,STRING,,attend,,
birth,2019,birth_attendant,STRING,,attend,,
birth,2020,birth_attendant,STRING,,attend,,
birth,2021,birth_attendant,STRING,,attend,,
birth,2022,birth_attendant,STRING,,attend,,
birth,2023,birth_attendant,STRING,,attend,,
birth,2024,birth_attendant,STRING,,attend,,
birth,1968,apgar_score_5min,INT64,,,99,2003+; 0-10 score
birth,1970,apgar_score_5min,INT64,,,99,2003+; 0-10 score
birth,1971,apgar_score_5min,INT64,,,99,2003+; 0-10 score
birth,1972,apgar_score_5min,INT64,,,99,2003+; 0-10 score
birth,1973,apgar_score_5min,INT64,,,99,2003+; 0-10 score
birth,1974,apgar_score_5min,INT64,,,99,2003+; 0-10 score
birth,1975,apgar_score_5min,INT64,,,99,2003+; 0-10 score
birth,1976,apgar_score_5min,INT64,,,99,2003+; 0-10 score
birth,1977,apgar_score_5min,INT64,,,99,2003+; 0-10 score
birth,1978,apgar_score_5min,INT64,,,99,2003+; 0-10 score
birth,1979,apgar_score_5min,INT64,,,99,2003+; 0-10 score
birth,1980,apgar_score_5min,INT64,,,99,2003+; 0-10 score
birth,1981,apgar_score_5min,INT64,,,99,2003+; 0-10 score
birth,1982,apgar_score_5min,INT64,,,99,2003+; 0-10 score
birth,1983,apgar_score_5min,INT64,,,99,2003+; 0-10 score
birth,1984,apgar_score_5min,INT64,,,99,2003+; 0-10 score
birth,1985,apgar_score_5min,INT64,,,99,2003+; 0-10 score
birth,1986,apgar_score_5min,INT64,,,99,2003+; 0-10 score
birth,1987,apgar_score_5min,INT64,,,99,2003+; 0-10 score
birth,1988,apgar_score_5min,INT64,,,99,2003+; 0-10 score
birth,1989,apgar_score_5min,INT64,,,99,2003+; 0-10 score
birth,1990,apgar_score_5min,INT64,,,99,2003+; 0-10 score
birth,1991,apgar_score_5min,INT64,,,99,2003+; 0-10 score
birth,1992,apgar_score_5min,INT64,,,99,2003+; 0-10 score
birth,1993,apgar_score_5min,INT64,,,99,2003+; 0-10 score
birth,1994,apgar_score_5min,INT64,,,99,2003+; 0-10 score
birth,1995,apgar_score_5min,INT64,,,99,2003+; 0-10 score
birth,1996,apgar_score_5min,INT64,,,99,2003+; 0-10 score
birth,1997,apgar_score_5min,INT64,,,99,2003+; 0-10 score
birth,1998,apgar_score_5min,INT64,,,99,2003+; 0-10 score
birth,1999,apgar_score_5min,INT64,,,99,2003+; 0-10 score
birth,2000,apgar_score_5min,INT64,,,99,2003+; 0-10 score
birth,2001,apgar_score_5min,INT64,,,99,2003+; 0-10 score
birth,2002,apgar_score_5min,INT64,,,99,2003+; 0-10 score
birth,2003,apgar_score_5min,INT64,,apgar5,99,2003+; 0-10 score
birth,2004,apgar_score_5min,INT64,,apgar5,99,2003+; 0-10 score
birth,2005,apgar_score_5min,INT64,,apgar5,99,2003+; 0-10 score
birth,2006,apgar_score_5min,INT64,,apgar5,99,2003+; 0-10 score
birth,2007,apgar_score_5min,INT64,,apgar5,99,2003+; 0-10 score
birth,2008,apgar_score_5min,INT64,,apgar5,99,2003+; 0-10 score
birth,2009,apgar_score_5min,INT64,,apgar5,99,2003+; 0-10 score
birth,2010,apgar_score_5min,INT64,,apgar5,99,2003+; 0-10 score
birth,2011,apgar_score_5min,INT64,,apgar5,99,2003+; 0-10 score
birth,2012,apgar_score_5min,INT64,,apgar5,99,2003+; 0-10 score
birth,2013,apgar_score_5min,INT64,,apgar5,99,2003+; 0-10 score
birth,2014,apgar_score_5min,INT64,,apgar5,99,2003+; 0-10 score
birth,2015,apgar_score_5min,INT64,,apgar5,99,2003+; 0-10 score
birth,2016,apgar_score_5min,INT64,,apgar5,99,2003+; 0-10 score
birth,2017,apgar_score_5min,INT64,,apgar5,99,2003+; 0-10 score
birth,2018,apgar_score_5min,INT64,,apgar5,99,2003+; 0-10 score
birth,2019,apgar_score_5min,INT64,,apgar5,99,2003+; 0-10 score
birth,2020,apgar_score_5min,INT64,,apgar5,99,2003+; 0-10 score
birth,2021,apgar_score_5min,INT64,,apgar5,99,2003+; 0-10 score
birth,2022,apgar_score_5min,INT64,,apgar5,99,2003+; 0-10 score
birth,2023,apgar_score_5min,INT64,,apgar5,99,2003+; 0-10 score
birth,2024,apgar_score_5min,INT64,,apgar5,99,2003+; 0-10 score
death,1968,year,INT64,year,datayear,,partition
death,1969,year,INT64,year,datayear,,partition
death,1970,year,INT64,year,datayear,,partition
death,1971,year,INT64,year,datayear,,partition
death,1972,year,INT64,year,datayear,,partition
death,1973,year,INT64,year,datayear,,partition
death,1974,year,INT64,year,datayear,,partition
death,1975,year,INT64,year,datayear,,partition
death,1976,year,INT64,year,datayear,,partition
death,1977,year,INT64,year,datayear,,partition
death,1978,year,INT64,year,datayear,,partition
death,1979,year,INT64,year,datayear,,partition
death,1980,year,INT64,year,datayear,,partition
death,1981,year,INT64,year,datayear,,partition
death,1982,year,INT64,year,datayear,,partition
death,1983,year,INT64,year,datayear,,partition
death,1984,year,INT64,year,datayear,,partition
death,1985,year,INT64,year,datayear,,partition
death,1986,year,INT64,year,datayear,,partition
death,1987,year,INT64,year,datayear,,partition
death,1988,year,INT64,year,datayear,,partition
death,1989,year,INT64,year,datayear,,partition
death,1990,year,INT64,year,datayear,,partition
death,1991,year,INT64,year,datayear,,partition
death,1992,year,INT64,year,datayear,,partition
death,1993,year,INT64,year,datayear,,partition
death,1994,year,INT64,year,datayear,,partition
death,1995,year,INT64,year,datayear,,partition
death,1996,year,INT64,year,year,,partition
death,1997,year,INT64,year,year,,partition
death,1998,year,INT64,year,year,,partition
death,1999,year,INT64,year,year,,partition
death,2000,year,INT64,year,year,,partition
death,2001,year,INT64,year,year,,partition
death,2002,year,INT64,year,year,,partition
death,2003,year,INT64,year,year,,partition
death,2004,year,INT64,year,year,,partition
death,2005,year,INT64,year,year,,partition
death,2006,year,INT64,year,year,,partition
death,2007,year,INT64,year,year,,partition
death,2008,year,INT64,year,year,,partition
death,2009,year,INT64,year,year,,partition
death,2010,year,INT64,year,year,,partition
death,2011,year,INT64,year,year,,partition
death,2012,year,INT64,year,year,,partition
death,2013,year,INT64,year,year,,partition
death,2014,year,INT64,year,year,,partition
death,2015,year,INT64,year,year,,partition
death,2016,year,INT64,year,year,,partition
death,2017,year,INT64,year,year,,partition
death,2018,year,INT64,year,year,,partition
death,2019,year,INT64,year,year,,partition
death,2020,year,INT64,year,year,,partition
death,2021,year,INT64,year,year,,partition
death,2022,year,INT64,year,year,,partition
death,2023,year,INT64,year,year,,partition
death,2024,year,INT64,year,year,,partition
death,1968,death_month,INT64,month,monthdth,99,
death,1969,death_month,INT64,month,monthdth,99,
death,1970,death_month,INT64,month,monthdth,99,
death,1971,death_month,INT64,month,monthdth,99,
death,1972,death_month,INT64,month,monthdth,99,
death,1973,death_month,INT64,month,monthdth,99,
death,1974,death_month,INT64,month,monthdth,99,
death,1975,death_month,INT64,month,monthdth,99,
death,1976,death_month,INT64,month,monthdth,99,
death,1977,death_month,INT64,month,monthdth,99,
death,1978,death_month,INT64,month,monthdth,99,
death,1979,death_month,INT64,month,monthdth,99,
death,1980,death_month,INT64,month,monthdth,99,
death,1981,death_month,INT64,month,monthdth,99,
death,1982,death_month,INT64,month,monthdth,99,
death,1983,death_month,INT64,month,monthdth,99,
death,1984,death_month,INT64,month,monthdth,99,
death,1985,death_month,INT64,month,monthdth,99,
death,1986,death_month,INT64,month,monthdth,99,
death,1987,death_month,INT64,month,monthdth,99,
death,1988,death_month,INT64,month,monthdth,99,
death,1989,death_month,INT64,month,monthdth,99,
death,1990,death_month,INT64,month,monthdth,99,
death,1991,death_month,INT64,month,monthdth,99,
death,1992,death_month,INT64,month,monthdth,99,
death,1993,death_month,INT64,month,monthdth,99,
death,1994,death_month,INT64,month,monthdth,99,
death,1995,death_month,INT64,month,monthdth,99,
death,1996,death_month,INT64,month,monthdth,99,
death,1997,death_month,INT64,month,monthdth,99,
death,1998,death_month,INT64,month,monthdth,99,
death,1999,death_month,INT64,month,monthdth,99,
death,2000,death_month,INT64,month,monthdth,99,
death,2001,death_month,INT64,month,monthdth,99,
death,2002,death_month,INT64,month,monthdth,99,
death,2003,death_month,INT64,month,monthdth,99,
death,2004,death_month,INT64,month,monthdth,99,
death,2005,death_month,INT64,month,monthdth,99,
death,2006,death_month,INT64,month,monthdth,99,
death,2007,death_month,INT64,month,monthdth,99,
death,2008,death_month,INT64,month,monthdth,99,
death,2009,death_month,INT64,month,monthdth,99,
death,2010,death_month,INT64,month,monthdth,99,
death,2011,death_month,INT64,month,monthdth,99,
death,2012,death_month,INT64,month,monthdth,99,
death,2013,death_month,INT64,month,monthdth,99,
death,2014,death_month,INT64,month,monthdth,99,
death,2015,death_month,INT64,month,monthdth,99,
death,2016,death_month,INT64,month,monthdth,99,
death,2017,death_month,INT64,month,monthdth,99,
death,2018,death_month,INT64,month,monthdth,99,
death,2019,death_month,INT64,month,monthdth,99,
death,2020,death_month,INT64,month,monthdth,99,
death,2021,death_month,INT64,month,monthdth,99,
death,2022,death_month,INT64,month,monthdth,99,
death,2023,death_month,INT64,month,monthdth,99,
death,2024,death_month,INT64,month,monthdth,99,
death,1968,death_day_of_week,STRING,,,,1989+
death,1969,death_day_of_week,STRING,,,,1989+
death,1970,death_day_of_week,STRING,,,,1989+
death,1971,death_day_of_week,STRING,,,,1989+
death,1972,death_day_of_week,STRING,,,,1989+
death,1973,death_day_of_week,STRING,,,,1989+
death,1974,death_day_of_week,STRING,,,,1989+
death,1975,death_day_of_week,STRING,,,,1989+
death,1976,death_day_of_week,STRING,,,,1989+
death,1977,death_day_of_week,STRING,,,,1989+
death,1978,death_day_of_week,STRING,,,,1989+
death,1979,death_day_of_week,STRING,,,,1989+
death,1980,death_day_of_week,STRING,,,,1989+
death,1981,death_day_of_week,STRING,,,,1989+
death,1982,death_day_of_week,STRING,,,,1989+
death,1983,death_day_of_week,STRING,,,,1989+
death,1984,death_day_of_week,STRING,,,,1989+
death,1985,death_day_of_week,STRING,,,,1989+
death,1986,death_day_of_week,STRING,,,,1989+
death,1987,death_day_of_week,STRING,,,,1989+
death,1988,death_day_of_week,STRING,,,,1989+
death,1989,death_day_of_week,STRING,,weekday,,1989+
death,1990,death_day_of_week,STRING,,weekday,,1989+
death,1991,death_day_of_week,STRING,,weekday,,1989+
death,1992,death_day_of_week,STRING,,weekday,,1989+
death,1993,death_day_of_week,STRING,,weekday,,1989+
death,1994,death_day_of_week,STRING,,weekday,,1989+
death,1995,death_day_of_week,STRING,,weekday,,1989+
death,1996,death_day_of_week,STRING,,weekday,,1989+
death,1997,death_day_of_week,STRING,,weekday,,1989+
death,1998,death_day_of_week,STRING,,weekday,,1989+
death,1999,death_day_of_week,STRING,,weekday,,1989+
death,2000,death_day_of_week,STRING,,weekday,,1989+
death,2001,death_day_of_week,STRING,,weekday,,1989+
death,2002,death_day_of_week,STRING,,weekday,,1989+
death,2003,death_day_of_week,STRING,,weekday,,1989+
death,2004,death_day_of_week,STRING,,weekday,,1989+
death,2005,death_day_of_week,STRING,,weekday,,1989+
death,2006,death_day_of_week,STRING,,weekday,,1989+
death,2007,death_day_of_week,STRING,,weekday,,1989+
death,2008,death_day_of_week,STRING,,weekday,,1989+
death,2009,death_day_of_week,STRING,,weekday,,1989+
death,2010,death_day_of_week,STRING,,weekday,,1989+
death,2011,death_day_of_week,STRING,,weekday,,1989+
death,2012,death_day_of_week,STRING,,weekday,,1989+
death,2013,death_day_of_week,STRING,,weekday,,1989+
death,2014,death_day_of_week,STRING,,weekday,,1989+
death,2015,death_day_of_week,STRING,,weekday,,1989+
death,2016,death_day_of_week,STRING,,weekday,,1989+
death,2017,death_day_of_week,STRING,,weekday,,1989+
death,2018,death_day_of_week,STRING,,weekday,,1989+
death,2019,death_day_of_week,STRING,,weekday,,1989+
death,2020,death_day_of_week,STRING,,weekday,,1989+
death,2021,death_day_of_week,STRING,,weekday,,1989+
death,2022,death_day_of_week,STRING,,weekday,,1989+
death,2023,death_day_of_week,STRING,,weekday,,1989+
death,2024,death_day_of_week,STRING,,weekday,,1989+
death,1968,state_residence_id,STRING,,staters,,FIPS. 1982-2004 native FIPS; 1968-1981 from NCHS alphabetical code; ABSENT 2005+
death,1969,state_residence_id,STRING,,staters,,FIPS. 1982-2004 native FIPS; 1968-1981 from NCHS alphabetical code; ABSENT 2005+
death,1970,state_residence_id,STRING,,staters,,FIPS. 1982-2004 native FIPS; 1968-1981 from NCHS alphabetical code; ABSENT 2005+
death,1971,state_residence_id,STRING,,staters,,FIPS. 1982-2004 native FIPS; 1968-1981 from NCHS alphabetical code; ABSENT 2005+
death,1972,state_residence_id,STRING,,staters,,FIPS. 1982-2004 native FIPS; 1968-1981 from NCHS alphabetical code; ABSENT 2005+
death,1973,state_residence_id,STRING,,staters,,FIPS. 1982-2004 native FIPS; 1968-1981 from NCHS alphabetical code; ABSENT 2005+
death,1974,state_residence_id,STRING,,staters,,FIPS. 1982-2004 native FIPS; 1968-1981 from NCHS alphabetical code; ABSENT 2005+
death,1975,state_residence_id,STRING,,staters,,FIPS. 1982-2004 native FIPS; 1968-1981 from NCHS alphabetical code; ABSENT 2005+
death,1976,state_residence_id,STRING,,staters,,FIPS. 1982-2004 native FIPS; 1968-1981 from NCHS alphabetical code; ABSENT 2005+
death,1977,state_residence_id,STRING,,staters,,FIPS. 1982-2004 native FIPS; 1968-1981 from NCHS alphabetical code; ABSENT 2005+
death,1978,state_residence_id,STRING,,staters,,FIPS. 1982-2004 native FIPS; 1968-1981 from NCHS alphabetical code; ABSENT 2005+
death,1979,state_residence_id,STRING,,staters,,FIPS. 1982-2004 native FIPS; 1968-1981 from NCHS alphabetical code; ABSENT 2005+
death,1980,state_residence_id,STRING,,staters,,FIPS. 1982-2004 native FIPS; 1968-1981 from NCHS alphabetical code; ABSENT 2005+
death,1981,state_residence_id,STRING,,staters,,FIPS. 1982-2004 native FIPS; 1968-1981 from NCHS alphabetical code; ABSENT 2005+
death,1982,state_residence_id,STRING,,fipsstr,,FIPS. 1982-2004 native FIPS; 1968-1981 from NCHS alphabetical code; ABSENT 2005+
death,1983,state_residence_id,STRING,,fipsstr,,FIPS. 1982-2004 native FIPS; 1968-1981 from NCHS alphabetical code; ABSENT 2005+
death,1984,state_residence_id,STRING,,fipsstr,,FIPS. 1982-2004 native FIPS; 1968-1981 from NCHS alphabetical code; ABSENT 2005+
death,1985,state_residence_id,STRING,,fipsstr,,FIPS. 1982-2004 native FIPS; 1968-1981 from NCHS alphabetical code; ABSENT 2005+
death,1986,state_residence_id,STRING,,fipsstr,,FIPS. 1982-2004 native FIPS; 1968-1981 from NCHS alphabetical code; ABSENT 2005+
death,1987,state_residence_id,STRING,,fipsstr,,FIPS. 1982-2004 native FIPS; 1968-1981 from NCHS alphabetical code; ABSENT 2005+
death,1988,state_residence_id,STRING,,fipsstr,,FIPS. 1982-2004 native FIPS; 1968-1981 from NCHS alphabetical code; ABSENT 2005+
death,1989,state_residence_id,STRING,,fipsstr,,FIPS. 1982-2004 native FIPS; 1968-1981 from NCHS alphabetical code; ABSENT 2005+
death,1990,state_residence_id,STRING,,fipsstr,,FIPS. 1982-2004 native FIPS; 1968-1981 from NCHS alphabetical code; ABSENT 2005+
death,1991,state_residence_id,STRING,,fipsstr,,FIPS. 1982-2004 native FIPS; 1968-1981 from NCHS alphabetical code; ABSENT 2005+
death,1992,state_residence_id,STRING,,fipsstr,,FIPS. 1982-2004 native FIPS; 1968-1981 from NCHS alphabetical code; ABSENT 2005+
death,1993,state_residence_id,STRING,,fipsstr,,FIPS. 1982-2004 native FIPS; 1968-1981 from NCHS alphabetical code; ABSENT 2005+
death,1994,state_residence_id,STRING,,fipsstr,,FIPS. 1982-2004 native FIPS; 1968-1981 from NCHS alphabetical code; ABSENT 2005+
death,1995,state_residence_id,STRING,,fipsstr,,FIPS. 1982-2004 native FIPS; 1968-1981 from NCHS alphabetical code; ABSENT 2005+
death,1996,state_residence_id,STRING,,fipsstr,,FIPS. 1982-2004 native FIPS; 1968-1981 from NCHS alphabetical code; ABSENT 2005+
death,1997,state_residence_id,STRING,,fipsstr,,FIPS. 1982-2004 native FIPS; 1968-1981 from NCHS alphabetical code; ABSENT 2005+
death,1998,state_residence_id,STRING,,fipsstr,,FIPS. 1982-2004 native FIPS; 1968-1981 from NCHS alphabetical code; ABSENT 2005+
death,1999,state_residence_id,STRING,,fipsstr,,FIPS. 1982-2004 native FIPS; 1968-1981 from NCHS alphabetical code; ABSENT 2005+
death,2000,state_residence_id,STRING,,fipsstr,,FIPS. 1982-2004 native FIPS; 1968-1981 from NCHS alphabetical code; ABSENT 2005+
death,2001,state_residence_id,STRING,,fipsstr,,FIPS. 1982-2004 native FIPS; 1968-1981 from NCHS alphabetical code; ABSENT 2005+
death,2002,state_residence_id,STRING,,fipsstr,,FIPS. 1982-2004 native FIPS; 1968-1981 from NCHS alphabetical code; ABSENT 2005+
death,2003,state_residence_id,STRING,,staters,,FIPS. 1982-2004 native FIPS; 1968-1981 from NCHS alphabetical code; ABSENT 2005+
death,2004,state_residence_id,STRING,,staters,,FIPS. 1982-2004 native FIPS; 1968-1981 from NCHS alphabetical code; ABSENT 2005+
death,2005,state_residence_id,STRING,,,,FIPS. 1982-2004 native FIPS; 1968-1981 from NCHS alphabetical code; ABSENT 2005+
death,2006,state_residence_id,STRING,,,,FIPS. 1982-2004 native FIPS; 1968-1981 from NCHS alphabetical code; ABSENT 2005+
death,2007,state_residence_id,STRING,,,,FIPS. 1982-2004 native FIPS; 1968-1981 from NCHS alphabetical code; ABSENT 2005+
death,2008,state_residence_id,STRING,,,,FIPS. 1982-2004 native FIPS; 1968-1981 from NCHS alphabetical code; ABSENT 2005+
death,2009,state_residence_id,STRING,,,,FIPS. 1982-2004 native FIPS; 1968-1981 from NCHS alphabetical code; ABSENT 2005+
death,2010,state_residence_id,STRING,,,,FIPS. 1982-2004 native FIPS; 1968-1981 from NCHS alphabetical code; ABSENT 2005+
death,2011,state_residence_id,STRING,,,,FIPS. 1982-2004 native FIPS; 1968-1981 from NCHS alphabetical code; ABSENT 2005+
death,2012,state_residence_id,STRING,,,,FIPS. 1982-2004 native FIPS; 1968-1981 from NCHS alphabetical code; ABSENT 2005+
death,2013,state_residence_id,STRING,,,,FIPS. 1982-2004 native FIPS; 1968-1981 from NCHS alphabetical code; ABSENT 2005+
death,2014,state_residence_id,STRING,,,,FIPS. 1982-2004 native FIPS; 1968-1981 from NCHS alphabetical code; ABSENT 2005+
death,2015,state_residence_id,STRING,,,,FIPS. 1982-2004 native FIPS; 1968-1981 from NCHS alphabetical code; ABSENT 2005+
death,2016,state_residence_id,STRING,,,,FIPS. 1982-2004 native FIPS; 1968-1981 from NCHS alphabetical code; ABSENT 2005+
death,2017,state_residence_id,STRING,,,,FIPS. 1982-2004 native FIPS; 1968-1981 from NCHS alphabetical code; ABSENT 2005+
death,2018,state_residence_id,STRING,,,,FIPS. 1982-2004 native FIPS; 1968-1981 from NCHS alphabetical code; ABSENT 2005+
death,2019,state_residence_id,STRING,,,,FIPS. 1982-2004 native FIPS; 1968-1981 from NCHS alphabetical code; ABSENT 2005+
death,2020,state_residence_id,STRING,,,,FIPS. 1982-2004 native FIPS; 1968-1981 from NCHS alphabetical code; ABSENT 2005+
death,2021,state_residence_id,STRING,,,,FIPS. 1982-2004 native FIPS; 1968-1981 from NCHS alphabetical code; ABSENT 2005+
death,2022,state_residence_id,STRING,,,,FIPS. 1982-2004 native FIPS; 1968-1981 from NCHS alphabetical code; ABSENT 2005+
death,2023,state_residence_id,STRING,,,,FIPS. 1982-2004 native FIPS; 1968-1981 from NCHS alphabetical code; ABSENT 2005+
death,2024,state_residence_id,STRING,,,,FIPS. 1982-2004 native FIPS; 1968-1981 from NCHS alphabetical code; ABSENT 2005+
death,1968,county_residence_id,STRING,,countyrs,,ABSENT 2005+
death,1969,county_residence_id,STRING,,countyrs,,ABSENT 2005+
death,1970,county_residence_id,STRING,,countyrs,,ABSENT 2005+
death,1971,county_residence_id,STRING,,countyrs,,ABSENT 2005+
death,1972,county_residence_id,STRING,,countyrs,,ABSENT 2005+
death,1973,county_residence_id,STRING,,countyrs,,ABSENT 2005+
death,1974,county_residence_id,STRING,,countyrs,,ABSENT 2005+
death,1975,county_residence_id,STRING,,countyrs,,ABSENT 2005+
death,1976,county_residence_id,STRING,,countyrs,,ABSENT 2005+
death,1977,county_residence_id,STRING,,countyrs,,ABSENT 2005+
death,1978,county_residence_id,STRING,,countyrs,,ABSENT 2005+
death,1979,county_residence_id,STRING,,countyrs,,ABSENT 2005+
death,1980,county_residence_id,STRING,,countyrs,,ABSENT 2005+
death,1981,county_residence_id,STRING,,countyrs,,ABSENT 2005+
death,1982,county_residence_id,STRING,,fipsctyr,,ABSENT 2005+
death,1983,county_residence_id,STRING,,fipsctyr,,ABSENT 2005+
death,1984,county_residence_id,STRING,,fipsctyr,,ABSENT 2005+
death,1985,county_residence_id,STRING,,fipsctyr,,ABSENT 2005+
death,1986,county_residence_id,STRING,,fipsctyr,,ABSENT 2005+
death,1987,county_residence_id,STRING,,fipsctyr,,ABSENT 2005+
death,1988,county_residence_id,STRING,,fipsctyr,,ABSENT 2005+
death,1989,county_residence_id,STRING,,fipsctyr,,ABSENT 2005+
death,1990,county_residence_id,STRING,,fipsctyr,,ABSENT 2005+
death,1991,county_residence_id,STRING,,fipsctyr,,ABSENT 2005+
death,1992,county_residence_id,STRING,,fipsctyr,,ABSENT 2005+
death,1993,county_residence_id,STRING,,fipsctyr,,ABSENT 2005+
death,1994,county_residence_id,STRING,,fipsctyr,,ABSENT 2005+
death,1995,county_residence_id,STRING,,fipsctyr,,ABSENT 2005+
death,1996,county_residence_id,STRING,,fipsctyr,,ABSENT 2005+
death,1997,county_residence_id,STRING,,fipsctyr,,ABSENT 2005+
death,1998,county_residence_id,STRING,,fipsctyr,,ABSENT 2005+
death,1999,county_residence_id,STRING,,fipsctyr,,ABSENT 2005+
death,2000,county_residence_id,STRING,,fipsctyr,,ABSENT 2005+
death,2001,county_residence_id,STRING,,fipsctyr,,ABSENT 2005+
death,2002,county_residence_id,STRING,,fipsctyr,,ABSENT 2005+
death,2003,county_residence_id,STRING,,countyrs,,ABSENT 2005+
death,2004,county_residence_id,STRING,,countyrs,,ABSENT 2005+
death,2005,county_residence_id,STRING,,,,ABSENT 2005+
death,2006,county_residence_id,STRING,,,,ABSENT 2005+
death,2007,county_residence_id,STRING,,,,ABSENT 2005+
death,2008,county_residence_id,STRING,,,,ABSENT 2005+
death,2009,county_residence_id,STRING,,,,ABSENT 2005+
death,2010,county_residence_id,STRING,,,,ABSENT 2005+
death,2011,county_residence_id,STRING,,,,ABSENT 2005+
death,2012,county_residence_id,STRING,,,,ABSENT 2005+
death,2013,county_residence_id,STRING,,,,ABSENT 2005+
death,2014,county_residence_id,STRING,,,,ABSENT 2005+
death,2015,county_residence_id,STRING,,,,ABSENT 2005+
death,2016,county_residence_id,STRING,,,,ABSENT 2005+
death,2017,county_residence_id,STRING,,,,ABSENT 2005+
death,2018,county_residence_id,STRING,,,,ABSENT 2005+
death,2019,county_residence_id,STRING,,,,ABSENT 2005+
death,2020,county_residence_id,STRING,,,,ABSENT 2005+
death,2021,county_residence_id,STRING,,,,ABSENT 2005+
death,2022,county_residence_id,STRING,,,,ABSENT 2005+
death,2023,county_residence_id,STRING,,,,ABSENT 2005+
death,2024,county_residence_id,STRING,,,,ABSENT 2005+
death,1968,residence_status,STRING,,restatus,,all years
death,1969,residence_status,STRING,,restatus,,all years
death,1970,residence_status,STRING,,restatus,,all years
death,1971,residence_status,STRING,,restatus,,all years
death,1972,residence_status,STRING,,restatus,,all years
death,1973,residence_status,STRING,,restatus,,all years
death,1974,residence_status,STRING,,restatus,,all years
death,1975,residence_status,STRING,,restatus,,all years
death,1976,residence_status,STRING,,restatus,,all years
death,1977,residence_status,STRING,,restatus,,all years
death,1978,residence_status,STRING,,restatus,,all years
death,1979,residence_status,STRING,,restatus,,all years
death,1980,residence_status,STRING,,restatus,,all years
death,1981,residence_status,STRING,,restatus,,all years
death,1982,residence_status,STRING,,restatus,,all years
death,1983,residence_status,STRING,,restatus,,all years
death,1984,residence_status,STRING,,restatus,,all years
death,1985,residence_status,STRING,,restatus,,all years
death,1986,residence_status,STRING,,restatus,,all years
death,1987,residence_status,STRING,,restatus,,all years
death,1988,residence_status,STRING,,restatus,,all years
death,1989,residence_status,STRING,,restatus,,all years
death,1990,residence_status,STRING,,restatus,,all years
death,1991,residence_status,STRING,,restatus,,all years
death,1992,residence_status,STRING,,restatus,,all years
death,1993,residence_status,STRING,,restatus,,all years
death,1994,residence_status,STRING,,restatus,,all years
death,1995,residence_status,STRING,,restatus,,all years
death,1996,residence_status,STRING,,restatus,,all years
death,1997,residence_status,STRING,,restatus,,all years
death,1998,residence_status,STRING,,restatus,,all years
death,1999,residence_status,STRING,,restatus,,all years
death,2000,residence_status,STRING,,restatus,,all years
death,2001,residence_status,STRING,,restatus,,all years
death,2002,residence_status,STRING,,restatus,,all years
death,2003,residence_status,STRING,,restatus,,all years
death,2004,residence_status,STRING,,restatus,,all years
death,2005,residence_status,STRING,,restatus,,all years
death,2006,residence_status,STRING,,restatus,,all years
death,2007,residence_status,STRING,,restatus,,all years
death,2008,residence_status,STRING,,restatus,,all years
death,2009,residence_status,STRING,,restatus,,all years
death,2010,residence_status,STRING,,restatus,,all years
death,2011,residence_status,STRING,,restatus,,all years
death,2012,residence_status,STRING,,restatus,,all years
death,2013,residence_status,STRING,,restatus,,all years
death,2014,residence_status,STRING,,restatus,,all years
death,2015,residence_status,STRING,,restatus,,all years
death,2016,residence_status,STRING,,restatus,,all years
death,2017,residence_status,STRING,,restatus,,all years
death,2018,residence_status,STRING,,restatus,,all years
death,2019,residence_status,STRING,,restatus,,all years
death,2020,residence_status,STRING,,restatus,,all years
death,2021,residence_status,STRING,,restatus,,all years
death,2022,residence_status,STRING,,restatus,,all years
death,2023,residence_status,STRING,,restatus,,all years
death,2024,residence_status,STRING,,restatus,,all years
death,1968,age_detail_code,STRING,,age,,"unit-prefixed raw code; width 3 pre-2003, 4 from 2003"
death,1969,age_detail_code,STRING,,age,,"unit-prefixed raw code; width 3 pre-2003, 4 from 2003"
death,1970,age_detail_code,STRING,,age,,"unit-prefixed raw code; width 3 pre-2003, 4 from 2003"
death,1971,age_detail_code,STRING,,age,,"unit-prefixed raw code; width 3 pre-2003, 4 from 2003"
death,1972,age_detail_code,STRING,,age,,"unit-prefixed raw code; width 3 pre-2003, 4 from 2003"
death,1973,age_detail_code,STRING,,age,,"unit-prefixed raw code; width 3 pre-2003, 4 from 2003"
death,1974,age_detail_code,STRING,,age,,"unit-prefixed raw code; width 3 pre-2003, 4 from 2003"
death,1975,age_detail_code,STRING,,age,,"unit-prefixed raw code; width 3 pre-2003, 4 from 2003"
death,1976,age_detail_code,STRING,,age,,"unit-prefixed raw code; width 3 pre-2003, 4 from 2003"
death,1977,age_detail_code,STRING,,age,,"unit-prefixed raw code; width 3 pre-2003, 4 from 2003"
death,1978,age_detail_code,STRING,,age,,"unit-prefixed raw code; width 3 pre-2003, 4 from 2003"
death,1979,age_detail_code,STRING,,age,,"unit-prefixed raw code; width 3 pre-2003, 4 from 2003"
death,1980,age_detail_code,STRING,,age,,"unit-prefixed raw code; width 3 pre-2003, 4 from 2003"
death,1981,age_detail_code,STRING,,age,,"unit-prefixed raw code; width 3 pre-2003, 4 from 2003"
death,1982,age_detail_code,STRING,,age,,"unit-prefixed raw code; width 3 pre-2003, 4 from 2003"
death,1983,age_detail_code,STRING,,age,,"unit-prefixed raw code; width 3 pre-2003, 4 from 2003"
death,1984,age_detail_code,STRING,,age,,"unit-prefixed raw code; width 3 pre-2003, 4 from 2003"
death,1985,age_detail_code,STRING,,age,,"unit-prefixed raw code; width 3 pre-2003, 4 from 2003"
death,1986,age_detail_code,STRING,,age,,"unit-prefixed raw code; width 3 pre-2003, 4 from 2003"
death,1987,age_detail_code,STRING,,age,,"unit-prefixed raw code; width 3 pre-2003, 4 from 2003"
death,1988,age_detail_code,STRING,,age,,"unit-prefixed raw code; width 3 pre-2003, 4 from 2003"
death,1989,age_detail_code,STRING,,age,,"unit-prefixed raw code; width 3 pre-2003, 4 from 2003"
death,1990,age_detail_code,STRING,,age,,"unit-prefixed raw code; width 3 pre-2003, 4 from 2003"
death,1991,age_detail_code,STRING,,age,,"unit-prefixed raw code; width 3 pre-2003, 4 from 2003"
death,1992,age_detail_code,STRING,,age,,"unit-prefixed raw code; width 3 pre-2003, 4 from 2003"
death,1993,age_detail_code,STRING,,age,,"unit-prefixed raw code; width 3 pre-2003, 4 from 2003"
death,1994,age_detail_code,STRING,,age,,"unit-prefixed raw code; width 3 pre-2003, 4 from 2003"
death,1995,age_detail_code,STRING,,age,,"unit-prefixed raw code; width 3 pre-2003, 4 from 2003"
death,1996,age_detail_code,STRING,,age,,"unit-prefixed raw code; width 3 pre-2003, 4 from 2003"
death,1997,age_detail_code,STRING,,age,,"unit-prefixed raw code; width 3 pre-2003, 4 from 2003"
death,1998,age_detail_code,STRING,,age,,"unit-prefixed raw code; width 3 pre-2003, 4 from 2003"
death,1999,age_detail_code,STRING,,age,,"unit-prefixed raw code; width 3 pre-2003, 4 from 2003"
death,2000,age_detail_code,STRING,,age,,"unit-prefixed raw code; width 3 pre-2003, 4 from 2003"
death,2001,age_detail_code,STRING,,age,,"unit-prefixed raw code; width 3 pre-2003, 4 from 2003"
death,2002,age_detail_code,STRING,,age,,"unit-prefixed raw code; width 3 pre-2003, 4 from 2003"
death,2003,age_detail_code,STRING,,age,,"unit-prefixed raw code; width 3 pre-2003, 4 from 2003"
death,2004,age_detail_code,STRING,,age,,"unit-prefixed raw code; width 3 pre-2003, 4 from 2003"
death,2005,age_detail_code,STRING,,age,,"unit-prefixed raw code; width 3 pre-2003, 4 from 2003"
death,2006,age_detail_code,STRING,,age,,"unit-prefixed raw code; width 3 pre-2003, 4 from 2003"
death,2007,age_detail_code,STRING,,age,,"unit-prefixed raw code; width 3 pre-2003, 4 from 2003"
death,2008,age_detail_code,STRING,,age,,"unit-prefixed raw code; width 3 pre-2003, 4 from 2003"
death,2009,age_detail_code,STRING,,age,,"unit-prefixed raw code; width 3 pre-2003, 4 from 2003"
death,2010,age_detail_code,STRING,,age,,"unit-prefixed raw code; width 3 pre-2003, 4 from 2003"
death,2011,age_detail_code,STRING,,age,,"unit-prefixed raw code; width 3 pre-2003, 4 from 2003"
death,2012,age_detail_code,STRING,,age,,"unit-prefixed raw code; width 3 pre-2003, 4 from 2003"
death,2013,age_detail_code,STRING,,age,,"unit-prefixed raw code; width 3 pre-2003, 4 from 2003"
death,2014,age_detail_code,STRING,,age,,"unit-prefixed raw code; width 3 pre-2003, 4 from 2003"
death,2015,age_detail_code,STRING,,age,,"unit-prefixed raw code; width 3 pre-2003, 4 from 2003"
death,2016,age_detail_code,STRING,,age,,"unit-prefixed raw code; width 3 pre-2003, 4 from 2003"
death,2017,age_detail_code,STRING,,age,,"unit-prefixed raw code; width 3 pre-2003, 4 from 2003"
death,2018,age_detail_code,STRING,,age,,"unit-prefixed raw code; width 3 pre-2003, 4 from 2003"
death,2019,age_detail_code,STRING,,age,,"unit-prefixed raw code; width 3 pre-2003, 4 from 2003"
death,2020,age_detail_code,STRING,,age,,"unit-prefixed raw code; width 3 pre-2003, 4 from 2003"
death,2021,age_detail_code,STRING,,age,,"unit-prefixed raw code; width 3 pre-2003, 4 from 2003"
death,2022,age_detail_code,STRING,,age,,"unit-prefixed raw code; width 3 pre-2003, 4 from 2003"
death,2023,age_detail_code,STRING,,age,,"unit-prefixed raw code; width 3 pre-2003, 4 from 2003"
death,2024,age_detail_code,STRING,,age,,"unit-prefixed raw code; width 3 pre-2003, 4 from 2003"
death,1968,age_years,INT64,year,,,DERIVED from age_detail_code; NULL when unit is not years or age unknown
death,1969,age_years,INT64,year,,,DERIVED from age_detail_code; NULL when unit is not years or age unknown
death,1970,age_years,INT64,year,,,DERIVED from age_detail_code; NULL when unit is not years or age unknown
death,1971,age_years,INT64,year,,,DERIVED from age_detail_code; NULL when unit is not years or age unknown
death,1972,age_years,INT64,year,,,DERIVED from age_detail_code; NULL when unit is not years or age unknown
death,1973,age_years,INT64,year,,,DERIVED from age_detail_code; NULL when unit is not years or age unknown
death,1974,age_years,INT64,year,,,DERIVED from age_detail_code; NULL when unit is not years or age unknown
death,1975,age_years,INT64,year,,,DERIVED from age_detail_code; NULL when unit is not years or age unknown
death,1976,age_years,INT64,year,,,DERIVED from age_detail_code; NULL when unit is not years or age unknown
death,1977,age_years,INT64,year,,,DERIVED from age_detail_code; NULL when unit is not years or age unknown
death,1978,age_years,INT64,year,,,DERIVED from age_detail_code; NULL when unit is not years or age unknown
death,1979,age_years,INT64,year,,,DERIVED from age_detail_code; NULL when unit is not years or age unknown
death,1980,age_years,INT64,year,,,DERIVED from age_detail_code; NULL when unit is not years or age unknown
death,1981,age_years,INT64,year,,,DERIVED from age_detail_code; NULL when unit is not years or age unknown
death,1982,age_years,INT64,year,,,DERIVED from age_detail_code; NULL when unit is not years or age unknown
death,1983,age_years,INT64,year,,,DERIVED from age_detail_code; NULL when unit is not years or age unknown
death,1984,age_years,INT64,year,,,DERIVED from age_detail_code; NULL when unit is not years or age unknown
death,1985,age_years,INT64,year,,,DERIVED from age_detail_code; NULL when unit is not years or age unknown
death,1986,age_years,INT64,year,,,DERIVED from age_detail_code; NULL when unit is not years or age unknown
death,1987,age_years,INT64,year,,,DERIVED from age_detail_code; NULL when unit is not years or age unknown
death,1988,age_years,INT64,year,,,DERIVED from age_detail_code; NULL when unit is not years or age unknown
death,1989,age_years,INT64,year,,,DERIVED from age_detail_code; NULL when unit is not years or age unknown
death,1990,age_years,INT64,year,,,DERIVED from age_detail_code; NULL when unit is not years or age unknown
death,1991,age_years,INT64,year,,,DERIVED from age_detail_code; NULL when unit is not years or age unknown
death,1992,age_years,INT64,year,,,DERIVED from age_detail_code; NULL when unit is not years or age unknown
death,1993,age_years,INT64,year,,,DERIVED from age_detail_code; NULL when unit is not years or age unknown
death,1994,age_years,INT64,year,,,DERIVED from age_detail_code; NULL when unit is not years or age unknown
death,1995,age_years,INT64,year,,,DERIVED from age_detail_code; NULL when unit is not years or age unknown
death,1996,age_years,INT64,year,,,DERIVED from age_detail_code; NULL when unit is not years or age unknown
death,1997,age_years,INT64,year,,,DERIVED from age_detail_code; NULL when unit is not years or age unknown
death,1998,age_years,INT64,year,,,DERIVED from age_detail_code; NULL when unit is not years or age unknown
death,1999,age_years,INT64,year,,,DERIVED from age_detail_code; NULL when unit is not years or age unknown
death,2000,age_years,INT64,year,,,DERIVED from age_detail_code; NULL when unit is not years or age unknown
death,2001,age_years,INT64,year,,,DERIVED from age_detail_code; NULL when unit is not years or age unknown
death,2002,age_years,INT64,year,,,DERIVED from age_detail_code; NULL when unit is not years or age unknown
death,2003,age_years,INT64,year,,,DERIVED from age_detail_code; NULL when unit is not years or age unknown
death,2004,age_years,INT64,year,,,DERIVED from age_detail_code; NULL when unit is not years or age unknown
death,2005,age_years,INT64,year,,,DERIVED from age_detail_code; NULL when unit is not years or age unknown
death,2006,age_years,INT64,year,,,DERIVED from age_detail_code; NULL when unit is not years or age unknown
death,2007,age_years,INT64,year,,,DERIVED from age_detail_code; NULL when unit is not years or age unknown
death,2008,age_years,INT64,year,,,DERIVED from age_detail_code; NULL when unit is not years or age unknown
death,2009,age_years,INT64,year,,,DERIVED from age_detail_code; NULL when unit is not years or age unknown
death,2010,age_years,INT64,year,,,DERIVED from age_detail_code; NULL when unit is not years or age unknown
death,2011,age_years,INT64,year,,,DERIVED from age_detail_code; NULL when unit is not years or age unknown
death,2012,age_years,INT64,year,,,DERIVED from age_detail_code; NULL when unit is not years or age unknown
death,2013,age_years,INT64,year,,,DERIVED from age_detail_code; NULL when unit is not years or age unknown
death,2014,age_years,INT64,year,,,DERIVED from age_detail_code; NULL when unit is not years or age unknown
death,2015,age_years,INT64,year,,,DERIVED from age_detail_code; NULL when unit is not years or age unknown
death,2016,age_years,INT64,year,,,DERIVED from age_detail_code; NULL when unit is not years or age unknown
death,2017,age_years,INT64,year,,,DERIVED from age_detail_code; NULL when unit is not years or age unknown
death,2018,age_years,INT64,year,,,DERIVED from age_detail_code; NULL when unit is not years or age unknown
death,2019,age_years,INT64,year,,,DERIVED from age_detail_code; NULL when unit is not years or age unknown
death,2020,age_years,INT64,year,,,DERIVED from age_detail_code; NULL when unit is not years or age unknown
death,2021,age_years,INT64,year,,,DERIVED from age_detail_code; NULL when unit is not years or age unknown
death,2022,age_years,INT64,year,,,DERIVED from age_detail_code; NULL when unit is not years or age unknown
death,2023,age_years,INT64,year,,,DERIVED from age_detail_code; NULL when unit is not years or age unknown
death,2024,age_years,INT64,year,,,DERIVED from age_detail_code; NULL when unit is not years or age unknown
death,1968,age_recode_27,STRING,,ager27,,all years
death,1969,age_recode_27,STRING,,ager27,,all years
death,1970,age_recode_27,STRING,,ager27,,all years
death,1971,age_recode_27,STRING,,ager27,,all years
death,1972,age_recode_27,STRING,,ager27,,all years
death,1973,age_recode_27,STRING,,ager27,,all years
death,1974,age_recode_27,STRING,,ager27,,all years
death,1975,age_recode_27,STRING,,ager27,,all years
death,1976,age_recode_27,STRING,,ager27,,all years
death,1977,age_recode_27,STRING,,ager27,,all years
death,1978,age_recode_27,STRING,,ager27,,all years
death,1979,age_recode_27,STRING,,ager27,,all years
death,1980,age_recode_27,STRING,,ager27,,all years
death,1981,age_recode_27,STRING,,ager27,,all years
death,1982,age_recode_27,STRING,,ager27,,all years
death,1983,age_recode_27,STRING,,ager27,,all years
death,1984,age_recode_27,STRING,,ager27,,all years
death,1985,age_recode_27,STRING,,ager27,,all years
death,1986,age_recode_27,STRING,,ager27,,all years
death,1987,age_recode_27,STRING,,ager27,,all years
death,1988,age_recode_27,STRING,,ager27,,all years
death,1989,age_recode_27,STRING,,ager27,,all years
death,1990,age_recode_27,STRING,,ager27,,all years
death,1991,age_recode_27,STRING,,ager27,,all years
death,1992,age_recode_27,STRING,,ager27,,all years
death,1993,age_recode_27,STRING,,ager27,,all years
death,1994,age_recode_27,STRING,,ager27,,all years
death,1995,age_recode_27,STRING,,ager27,,all years
death,1996,age_recode_27,STRING,,ager27,,all years
death,1997,age_recode_27,STRING,,ager27,,all years
death,1998,age_recode_27,STRING,,ager27,,all years
death,1999,age_recode_27,STRING,,ager27,,all years
death,2000,age_recode_27,STRING,,ager27,,all years
death,2001,age_recode_27,STRING,,ager27,,all years
death,2002,age_recode_27,STRING,,ager27,,all years
death,2003,age_recode_27,STRING,,ager27,,all years
death,2004,age_recode_27,STRING,,ager27,,all years
death,2005,age_recode_27,STRING,,ager27,,all years
death,2006,age_recode_27,STRING,,ager27,,all years
death,2007,age_recode_27,STRING,,ager27,,all years
death,2008,age_recode_27,STRING,,ager27,,all years
death,2009,age_recode_27,STRING,,ager27,,all years
death,2010,age_recode_27,STRING,,ager27,,all years
death,2011,age_recode_27,STRING,,ager27,,all years
death,2012,age_recode_27,STRING,,ager27,,all years
death,2013,age_recode_27,STRING,,ager27,,all years
death,2014,age_recode_27,STRING,,ager27,,all years
death,2015,age_recode_27,STRING,,ager27,,all years
death,2016,age_recode_27,STRING,,ager27,,all years
death,2017,age_recode_27,STRING,,ager27,,all years
death,2018,age_recode_27,STRING,,ager27,,all years
death,2019,age_recode_27,STRING,,ager27,,all years
death,2020,age_recode_27,STRING,,ager27,,all years
death,2021,age_recode_27,STRING,,ager27,,all years
death,2022,age_recode_27,STRING,,ager27,,all years
death,2023,age_recode_27,STRING,,ager27,,all years
death,2024,age_recode_27,STRING,,ager27,,all years
death,1968,age_recode_12,STRING,,ager12,,all years
death,1969,age_recode_12,STRING,,ager12,,all years
death,1970,age_recode_12,STRING,,ager12,,all years
death,1971,age_recode_12,STRING,,ager12,,all years
death,1972,age_recode_12,STRING,,ager12,,all years
death,1973,age_recode_12,STRING,,ager12,,all years
death,1974,age_recode_12,STRING,,ager12,,all years
death,1975,age_recode_12,STRING,,ager12,,all years
death,1976,age_recode_12,STRING,,ager12,,all years
death,1977,age_recode_12,STRING,,ager12,,all years
death,1978,age_recode_12,STRING,,ager12,,all years
death,1979,age_recode_12,STRING,,ager12,,all years
death,1980,age_recode_12,STRING,,ager12,,all years
death,1981,age_recode_12,STRING,,ager12,,all years
death,1982,age_recode_12,STRING,,ager12,,all years
death,1983,age_recode_12,STRING,,ager12,,all years
death,1984,age_recode_12,STRING,,ager12,,all years
death,1985,age_recode_12,STRING,,ager12,,all years
death,1986,age_recode_12,STRING,,ager12,,all years
death,1987,age_recode_12,STRING,,ager12,,all years
death,1988,age_recode_12,STRING,,ager12,,all years
death,1989,age_recode_12,STRING,,ager12,,all years
death,1990,age_recode_12,STRING,,ager12,,all years
death,1991,age_recode_12,STRING,,ager12,,all years
death,1992,age_recode_12,STRING,,ager12,,all years
death,1993,age_recode_12,STRING,,ager12,,all years
death,1994,age_recode_12,STRING,,ager12,,all years
death,1995,age_recode_12,STRING,,ager12,,all years
death,1996,age_recode_12,STRING,,ager12,,all years
death,1997,age_recode_12,STRING,,ager12,,all years
death,1998,age_recode_12,STRING,,ager12,,all years
death,1999,age_recode_12,STRING,,ager12,,all years
death,2000,age_recode_12,STRING,,ager12,,all years
death,2001,age_recode_12,STRING,,ager12,,all years
death,2002,age_recode_12,STRING,,ager12,,all years
death,2003,age_recode_12,STRING,,ager12,,all years
death,2004,age_recode_12,STRING,,ager12,,all years
death,2005,age_recode_12,STRING,,ager12,,all years
death,2006,age_recode_12,STRING,,ager12,,all years
death,2007,age_recode_12,STRING,,ager12,,all years
death,2008,age_recode_12,STRING,,ager12,,all years
death,2009,age_recode_12,STRING,,ager12,,all years
death,2010,age_recode_12,STRING,,ager12,,all years
death,2011,age_recode_12,STRING,,ager12,,all years
death,2012,age_recode_12,STRING,,ager12,,all years
death,2013,age_recode_12,STRING,,ager12,,all years
death,2014,age_recode_12,STRING,,ager12,,all years
death,2015,age_recode_12,STRING,,ager12,,all years
death,2016,age_recode_12,STRING,,ager12,,all years
death,2017,age_recode_12,STRING,,ager12,,all years
death,2018,age_recode_12,STRING,,ager12,,all years
death,2019,age_recode_12,STRING,,ager12,,all years
death,2020,age_recode_12,STRING,,ager12,,all years
death,2021,age_recode_12,STRING,,ager12,,all years
death,2022,age_recode_12,STRING,,ager12,,all years
death,2023,age_recode_12,STRING,,ager12,,all years
death,2024,age_recode_12,STRING,,ager12,,all years
death,1968,sex,STRING,,sex,,
death,1969,sex,STRING,,sex,,
death,1970,sex,STRING,,sex,,
death,1971,sex,STRING,,sex,,
death,1972,sex,STRING,,sex,,
death,1973,sex,STRING,,sex,,
death,1974,sex,STRING,,sex,,
death,1975,sex,STRING,,sex,,
death,1976,sex,STRING,,sex,,
death,1977,sex,STRING,,sex,,
death,1978,sex,STRING,,sex,,
death,1979,sex,STRING,,sex,,
death,1980,sex,STRING,,sex,,
death,1981,sex,STRING,,sex,,
death,1982,sex,STRING,,sex,,
death,1983,sex,STRING,,sex,,
death,1984,sex,STRING,,sex,,
death,1985,sex,STRING,,sex,,
death,1986,sex,STRING,,sex,,
death,1987,sex,STRING,,sex,,
death,1988,sex,STRING,,sex,,
death,1989,sex,STRING,,sex,,
death,1990,sex,STRING,,sex,,
death,1991,sex,STRING,,sex,,
death,1992,sex,STRING,,sex,,
death,1993,sex,STRING,,sex,,
death,1994,sex,STRING,,sex,,
death,1995,sex,STRING,,sex,,
death,1996,sex,STRING,,sex,,
death,1997,sex,STRING,,sex,,
death,1998,sex,STRING,,sex,,
death,1999,sex,STRING,,sex,,
death,2000,sex,STRING,,sex,,
death,2001,sex,STRING,,sex,,
death,2002,sex,STRING,,sex,,
death,2003,sex,STRING,,sex,,
death,2004,sex,STRING,,sex,,
death,2005,sex,STRING,,sex,,
death,2006,sex,STRING,,sex,,
death,2007,sex,STRING,,sex,,
death,2008,sex,STRING,,sex,,
death,2009,sex,STRING,,sex,,
death,2010,sex,STRING,,sex,,
death,2011,sex,STRING,,sex,,
death,2012,sex,STRING,,sex,,
death,2013,sex,STRING,,sex,,
death,2014,sex,STRING,,sex,,
death,2015,sex,STRING,,sex,,
death,2016,sex,STRING,,sex,,
death,2017,sex,STRING,,sex,,
death,2018,sex,STRING,,sex,,
death,2019,sex,STRING,,sex,,
death,2020,sex,STRING,,sex,,
death,2021,sex,STRING,,sex,,
death,2022,sex,STRING,,sex,,
death,2023,sex,STRING,,sex,,
death,2024,sex,STRING,,sex,,
death,1968,race_code,STRING,,race,,"detail race; width 1 pre-1979, 2 after"
death,1969,race_code,STRING,,race,,"detail race; width 1 pre-1979, 2 after"
death,1970,race_code,STRING,,race,,"detail race; width 1 pre-1979, 2 after"
death,1971,race_code,STRING,,race,,"detail race; width 1 pre-1979, 2 after"
death,1972,race_code,STRING,,race,,"detail race; width 1 pre-1979, 2 after"
death,1973,race_code,STRING,,race,,"detail race; width 1 pre-1979, 2 after"
death,1974,race_code,STRING,,race,,"detail race; width 1 pre-1979, 2 after"
death,1975,race_code,STRING,,race,,"detail race; width 1 pre-1979, 2 after"
death,1976,race_code,STRING,,race,,"detail race; width 1 pre-1979, 2 after"
death,1977,race_code,STRING,,race,,"detail race; width 1 pre-1979, 2 after"
death,1978,race_code,STRING,,race,,"detail race; width 1 pre-1979, 2 after"
death,1979,race_code,STRING,,race,,"detail race; width 1 pre-1979, 2 after"
death,1980,race_code,STRING,,race,,"detail race; width 1 pre-1979, 2 after"
death,1981,race_code,STRING,,race,,"detail race; width 1 pre-1979, 2 after"
death,1982,race_code,STRING,,race,,"detail race; width 1 pre-1979, 2 after"
death,1983,race_code,STRING,,race,,"detail race; width 1 pre-1979, 2 after"
death,1984,race_code,STRING,,race,,"detail race; width 1 pre-1979, 2 after"
death,1985,race_code,STRING,,race,,"detail race; width 1 pre-1979, 2 after"
death,1986,race_code,STRING,,race,,"detail race; width 1 pre-1979, 2 after"
death,1987,race_code,STRING,,race,,"detail race; width 1 pre-1979, 2 after"
death,1988,race_code,STRING,,race,,"detail race; width 1 pre-1979, 2 after"
death,1989,race_code,STRING,,race,,"detail race; width 1 pre-1979, 2 after"
death,1990,race_code,STRING,,race,,"detail race; width 1 pre-1979, 2 after"
death,1991,race_code,STRING,,race,,"detail race; width 1 pre-1979, 2 after"
death,1992,race_code,STRING,,race,,"detail race; width 1 pre-1979, 2 after"
death,1993,race_code,STRING,,race,,"detail race; width 1 pre-1979, 2 after"
death,1994,race_code,STRING,,race,,"detail race; width 1 pre-1979, 2 after"
death,1995,race_code,STRING,,race,,"detail race; width 1 pre-1979, 2 after"
death,1996,race_code,STRING,,race,,"detail race; width 1 pre-1979, 2 after"
death,1997,race_code,STRING,,race,,"detail race; width 1 pre-1979, 2 after"
death,1998,race_code,STRING,,race,,"detail race; width 1 pre-1979, 2 after"
death,1999,race_code,STRING,,race,,"detail race; width 1 pre-1979, 2 after"
death,2000,race_code,STRING,,race,,"detail race; width 1 pre-1979, 2 after"
death,2001,race_code,STRING,,race,,"detail race; width 1 pre-1979, 2 after"
death,2002,race_code,STRING,,race,,"detail race; width 1 pre-1979, 2 after"
death,2003,race_code,STRING,,race,,"detail race; width 1 pre-1979, 2 after"
death,2004,race_code,STRING,,race,,"detail race; width 1 pre-1979, 2 after"
death,2005,race_code,STRING,,race,,"detail race; width 1 pre-1979, 2 after"
death,2006,race_code,STRING,,race,,"detail race; width 1 pre-1979, 2 after"
death,2007,race_code,STRING,,race,,"detail race; width 1 pre-1979, 2 after"
death,2008,race_code,STRING,,race,,"detail race; width 1 pre-1979, 2 after"
death,2009,race_code,STRING,,race,,"detail race; width 1 pre-1979, 2 after"
death,2010,race_code,STRING,,race,,"detail race; width 1 pre-1979, 2 after"
death,2011,race_code,STRING,,race,,"detail race; width 1 pre-1979, 2 after"
death,2012,race_code,STRING,,race,,"detail race; width 1 pre-1979, 2 after"
death,2013,race_code,STRING,,race,,"detail race; width 1 pre-1979, 2 after"
death,2014,race_code,STRING,,race,,"detail race; width 1 pre-1979, 2 after"
death,2015,race_code,STRING,,race,,"detail race; width 1 pre-1979, 2 after"
death,2016,race_code,STRING,,race,,"detail race; width 1 pre-1979, 2 after"
death,2017,race_code,STRING,,race,,"detail race; width 1 pre-1979, 2 after"
death,2018,race_code,STRING,,race,,"detail race; width 1 pre-1979, 2 after"
death,2019,race_code,STRING,,race,,"detail race; width 1 pre-1979, 2 after"
death,2020,race_code,STRING,,race,,"detail race; width 1 pre-1979, 2 after"
death,2021,race_code,STRING,,race,,"detail race; width 1 pre-1979, 2 after"
death,2022,race_code,STRING,,race,,"detail race; width 1 pre-1979, 2 after"
death,2023,race_code,STRING,,race,,"detail race; width 1 pre-1979, 2 after"
death,2024,race_code,STRING,,race,,"detail race; width 1 pre-1979, 2 after"
death,1968,race_recode_3,STRING,,racer3,,1968-2020
death,1969,race_recode_3,STRING,,racer3,,1968-2020
death,1970,race_recode_3,STRING,,racer3,,1968-2020
death,1971,race_recode_3,STRING,,racer3,,1968-2020
death,1972,race_recode_3,STRING,,racer3,,1968-2020
death,1973,race_recode_3,STRING,,racer3,,1968-2020
death,1974,race_recode_3,STRING,,racer3,,1968-2020
death,1975,race_recode_3,STRING,,racer3,,1968-2020
death,1976,race_recode_3,STRING,,racer3,,1968-2020
death,1977,race_recode_3,STRING,,racer3,,1968-2020
death,1978,race_recode_3,STRING,,racer3,,1968-2020
death,1979,race_recode_3,STRING,,racer3,,1968-2020
death,1980,race_recode_3,STRING,,racer3,,1968-2020
death,1981,race_recode_3,STRING,,racer3,,1968-2020
death,1982,race_recode_3,STRING,,racer3,,1968-2020
death,1983,race_recode_3,STRING,,racer3,,1968-2020
death,1984,race_recode_3,STRING,,racer3,,1968-2020
death,1985,race_recode_3,STRING,,racer3,,1968-2020
death,1986,race_recode_3,STRING,,racer3,,1968-2020
death,1987,race_recode_3,STRING,,racer3,,1968-2020
death,1988,race_recode_3,STRING,,racer3,,1968-2020
death,1989,race_recode_3,STRING,,racer3,,1968-2020
death,1990,race_recode_3,STRING,,racer3,,1968-2020
death,1991,race_recode_3,STRING,,racer3,,1968-2020
death,1992,race_recode_3,STRING,,racer3,,1968-2020
death,1993,race_recode_3,STRING,,racer3,,1968-2020
death,1994,race_recode_3,STRING,,racer3,,1968-2020
death,1995,race_recode_3,STRING,,racer3,,1968-2020
death,1996,race_recode_3,STRING,,racer3,,1968-2020
death,1997,race_recode_3,STRING,,racer3,,1968-2020
death,1998,race_recode_3,STRING,,racer3,,1968-2020
death,1999,race_recode_3,STRING,,racer3,,1968-2020
death,2000,race_recode_3,STRING,,racer3,,1968-2020
death,2001,race_recode_3,STRING,,racer3,,1968-2020
death,2002,race_recode_3,STRING,,racer3,,1968-2020
death,2003,race_recode_3,STRING,,racer3,,1968-2020
death,2004,race_recode_3,STRING,,racer3,,1968-2020
death,2005,race_recode_3,STRING,,racer3,,1968-2020
death,2006,race_recode_3,STRING,,racer3,,1968-2020
death,2007,race_recode_3,STRING,,racer3,,1968-2020
death,2008,race_recode_3,STRING,,racer3,,1968-2020
death,2009,race_recode_3,STRING,,racer3,,1968-2020
death,2010,race_recode_3,STRING,,racer3,,1968-2020
death,2011,race_recode_3,STRING,,racer3,,1968-2020
death,2012,race_recode_3,STRING,,racer3,,1968-2020
death,2013,race_recode_3,STRING,,racer3,,1968-2020
death,2014,race_recode_3,STRING,,racer3,,1968-2020
death,2015,race_recode_3,STRING,,racer3,,1968-2020
death,2016,race_recode_3,STRING,,racer3,,1968-2020
death,2017,race_recode_3,STRING,,racer3,,1968-2020
death,2018,race_recode_3,STRING,,racer3,,1968-2020
death,2019,race_recode_3,STRING,,racer3,,1968-2020
death,2020,race_recode_3,STRING,,racer3,,1968-2020
death,2021,race_recode_3,STRING,,,,1968-2020
death,2022,race_recode_3,STRING,,,,1968-2020
death,2023,race_recode_3,STRING,,,,1968-2020
death,2024,race_recode_3,STRING,,,,1968-2020
death,1968,race_recode_5,STRING,,,,2004-2020
death,1969,race_recode_5,STRING,,,,2004-2020
death,1970,race_recode_5,STRING,,,,2004-2020
death,1971,race_recode_5,STRING,,,,2004-2020
death,1972,race_recode_5,STRING,,,,2004-2020
death,1973,race_recode_5,STRING,,,,2004-2020
death,1974,race_recode_5,STRING,,,,2004-2020
death,1975,race_recode_5,STRING,,,,2004-2020
death,1976,race_recode_5,STRING,,,,2004-2020
death,1977,race_recode_5,STRING,,,,2004-2020
death,1978,race_recode_5,STRING,,,,2004-2020
death,1979,race_recode_5,STRING,,,,2004-2020
death,1980,race_recode_5,STRING,,,,2004-2020
death,1981,race_recode_5,STRING,,,,2004-2020
death,1982,race_recode_5,STRING,,,,2004-2020
death,1983,race_recode_5,STRING,,,,2004-2020
death,1984,race_recode_5,STRING,,,,2004-2020
death,1985,race_recode_5,STRING,,,,2004-2020
death,1986,race_recode_5,STRING,,,,2004-2020
death,1987,race_recode_5,STRING,,,,2004-2020
death,1988,race_recode_5,STRING,,,,2004-2020
death,1989,race_recode_5,STRING,,,,2004-2020
death,1990,race_recode_5,STRING,,,,2004-2020
death,1991,race_recode_5,STRING,,,,2004-2020
death,1992,race_recode_5,STRING,,,,2004-2020
death,1993,race_recode_5,STRING,,,,2004-2020
death,1994,race_recode_5,STRING,,,,2004-2020
death,1995,race_recode_5,STRING,,,,2004-2020
death,1996,race_recode_5,STRING,,,,2004-2020
death,1997,race_recode_5,STRING,,,,2004-2020
death,1998,race_recode_5,STRING,,,,2004-2020
death,1999,race_recode_5,STRING,,,,2004-2020
death,2000,race_recode_5,STRING,,,,2004-2020
death,2001,race_recode_5,STRING,,,,2004-2020
death,2002,race_recode_5,STRING,,,,2004-2020
death,2003,race_recode_5,STRING,,,,2004-2020
death,2004,race_recode_5,STRING,,racer5,,2004-2020
death,2005,race_recode_5,STRING,,racer5,,2004-2020
death,2006,race_recode_5,STRING,,racer5,,2004-2020
death,2007,race_recode_5,STRING,,racer5,,2004-2020
death,2008,race_recode_5,STRING,,racer5,,2004-2020
death,2009,race_recode_5,STRING,,racer5,,2004-2020
death,2010,race_recode_5,STRING,,racer5,,2004-2020
death,2011,race_recode_5,STRING,,racer5,,2004-2020
death,2012,race_recode_5,STRING,,racer5,,2004-2020
death,2013,race_recode_5,STRING,,racer5,,2004-2020
death,2014,race_recode_5,STRING,,racer5,,2004-2020
death,2015,race_recode_5,STRING,,racer5,,2004-2020
death,2016,race_recode_5,STRING,,racer5,,2004-2020
death,2017,race_recode_5,STRING,,racer5,,2004-2020
death,2018,race_recode_5,STRING,,racer5,,2004-2020
death,2019,race_recode_5,STRING,,racer5,,2004-2020
death,2020,race_recode_5,STRING,,racer5,,2004-2020
death,2021,race_recode_5,STRING,,,,2004-2020
death,2022,race_recode_5,STRING,,,,2004-2020
death,2023,race_recode_5,STRING,,,,2004-2020
death,2024,race_recode_5,STRING,,,,2004-2020
death,1968,race_bridged_flag,STRING,,,,2003+
death,1969,race_bridged_flag,STRING,,,,2003+
death,1970,race_bridged_flag,STRING,,,,2003+
death,1971,race_bridged_flag,STRING,,,,2003+
death,1972,race_bridged_flag,STRING,,,,2003+
death,1973,race_bridged_flag,STRING,,,,2003+
death,1974,race_bridged_flag,STRING,,,,2003+
death,1975,race_bridged_flag,STRING,,,,2003+
death,1976,race_bridged_flag,STRING,,,,2003+
death,1977,race_bridged_flag,STRING,,,,2003+
death,1978,race_bridged_flag,STRING,,,,2003+
death,1979,race_bridged_flag,STRING,,,,2003+
death,1980,race_bridged_flag,STRING,,,,2003+
death,1981,race_bridged_flag,STRING,,,,2003+
death,1982,race_bridged_flag,STRING,,,,2003+
death,1983,race_bridged_flag,STRING,,,,2003+
death,1984,race_bridged_flag,STRING,,,,2003+
death,1985,race_bridged_flag,STRING,,,,2003+
death,1986,race_bridged_flag,STRING,,,,2003+
death,1987,race_bridged_flag,STRING,,,,2003+
death,1988,race_bridged_flag,STRING,,,,2003+
death,1989,race_bridged_flag,STRING,,,,2003+
death,1990,race_bridged_flag,STRING,,,,2003+
death,1991,race_bridged_flag,STRING,,,,2003+
death,1992,race_bridged_flag,STRING,,,,2003+
death,1993,race_bridged_flag,STRING,,,,2003+
death,1994,race_bridged_flag,STRING,,,,2003+
death,1995,race_bridged_flag,STRING,,,,2003+
death,1996,race_bridged_flag,STRING,,,,2003+
death,1997,race_bridged_flag,STRING,,,,2003+
death,1998,race_bridged_flag,STRING,,,,2003+
death,1999,race_bridged_flag,STRING,,,,2003+
death,2000,race_bridged_flag,STRING,,,,2003+
death,2001,race_bridged_flag,STRING,,,,2003+
death,2002,race_bridged_flag,STRING,,,,2003+
death,2003,race_bridged_flag,STRING,,brace,,2003+
death,2004,race_bridged_flag,STRING,,brace,,2003+
death,2005,race_bridged_flag,STRING,,brace,,2003+
death,2006,race_bridged_flag,STRING,,brace,,2003+
death,2007,race_bridged_flag,STRING,,brace,,2003+
death,2008,race_bridged_flag,STRING,,brace,,2003+
death,2009,race_bridged_flag,STRING,,brace,,2003+
death,2010,race_bridged_flag,STRING,,brace,,2003+
death,2011,race_bridged_flag,STRING,,brace,,2003+
death,2012,race_bridged_flag,STRING,,brace,,2003+
death,2013,race_bridged_flag,STRING,,brace,,2003+
death,2014,race_bridged_flag,STRING,,brace,,2003+
death,2015,race_bridged_flag,STRING,,brace,,2003+
death,2016,race_bridged_flag,STRING,,brace,,2003+
death,2017,race_bridged_flag,STRING,,brace,,2003+
death,2018,race_bridged_flag,STRING,,brace,,2003+
death,2019,race_bridged_flag,STRING,,brace,,2003+
death,2020,race_bridged_flag,STRING,,brace,,2003+
death,2021,race_bridged_flag,STRING,,brace,,2003+
death,2022,race_bridged_flag,STRING,,brace,,2003+
death,2023,race_bridged_flag,STRING,,brace,,2003+
death,2024,race_bridged_flag,STRING,,brace,,2003+
death,1968,hispanic_origin_code,STRING,,,,1989+
death,1969,hispanic_origin_code,STRING,,,,1989+
death,1970,hispanic_origin_code,STRING,,,,1989+
death,1971,hispanic_origin_code,STRING,,,,1989+
death,1972,hispanic_origin_code,STRING,,,,1989+
death,1973,hispanic_origin_code,STRING,,,,1989+
death,1974,hispanic_origin_code,STRING,,,,1989+
death,1975,hispanic_origin_code,STRING,,,,1989+
death,1976,hispanic_origin_code,STRING,,,,1989+
death,1977,hispanic_origin_code,STRING,,,,1989+
death,1978,hispanic_origin_code,STRING,,,,1989+
death,1979,hispanic_origin_code,STRING,,,,1989+
death,1980,hispanic_origin_code,STRING,,,,1989+
death,1981,hispanic_origin_code,STRING,,,,1989+
death,1982,hispanic_origin_code,STRING,,,,1989+
death,1983,hispanic_origin_code,STRING,,,,1989+
death,1984,hispanic_origin_code,STRING,,,,1989+
death,1985,hispanic_origin_code,STRING,,,,1989+
death,1986,hispanic_origin_code,STRING,,,,1989+
death,1987,hispanic_origin_code,STRING,,,,1989+
death,1988,hispanic_origin_code,STRING,,,,1989+
death,1989,hispanic_origin_code,STRING,,hispanic,,1989+
death,1990,hispanic_origin_code,STRING,,hispanic,,1989+
death,1991,hispanic_origin_code,STRING,,hispanic,,1989+
death,1992,hispanic_origin_code,STRING,,hispanic,,1989+
death,1993,hispanic_origin_code,STRING,,hispanic,,1989+
death,1994,hispanic_origin_code,STRING,,hispanic,,1989+
death,1995,hispanic_origin_code,STRING,,hispanic,,1989+
death,1996,hispanic_origin_code,STRING,,hispanic,,1989+
death,1997,hispanic_origin_code,STRING,,hispanic,,1989+
death,1998,hispanic_origin_code,STRING,,hispanic,,1989+
death,1999,hispanic_origin_code,STRING,,hispanic,,1989+
death,2000,hispanic_origin_code,STRING,,hispanic,,1989+
death,2001,hispanic_origin_code,STRING,,hispanic,,1989+
death,2002,hispanic_origin_code,STRING,,hispanic,,1989+
death,2003,hispanic_origin_code,STRING,,hispanic,,1989+
death,2004,hispanic_origin_code,STRING,,hispanic,,1989+
death,2005,hispanic_origin_code,STRING,,hispanic,,1989+
death,2006,hispanic_origin_code,STRING,,hispanic,,1989+
death,2007,hispanic_origin_code,STRING,,hispanic,,1989+
death,2008,hispanic_origin_code,STRING,,hispanic,,1989+
death,2009,hispanic_origin_code,STRING,,hispanic,,1989+
death,2010,hispanic_origin_code,STRING,,hispanic,,1989+
death,2011,hispanic_origin_code,STRING,,hispanic,,1989+
death,2012,hispanic_origin_code,STRING,,hispanic,,1989+
death,2013,hispanic_origin_code,STRING,,hispanic,,1989+
death,2014,hispanic_origin_code,STRING,,hispanic,,1989+
death,2015,hispanic_origin_code,STRING,,hispanic,,1989+
death,2016,hispanic_origin_code,STRING,,hispanic,,1989+
death,2017,hispanic_origin_code,STRING,,hispanic,,1989+
death,2018,hispanic_origin_code,STRING,,hispanic,,1989+
death,2019,hispanic_origin_code,STRING,,hispanic,,1989+
death,2020,hispanic_origin_code,STRING,,hispanic,,1989+
death,2021,hispanic_origin_code,STRING,,hispanic,,1989+
death,2022,hispanic_origin_code,STRING,,hispanic,,1989+
death,2023,hispanic_origin_code,STRING,,hispanic,,1989+
death,2024,hispanic_origin_code,STRING,,hispanic,,1989+
death,1968,hispanic_origin_race_recode,STRING,,,,1989+
death,1969,hispanic_origin_race_recode,STRING,,,,1989+
death,1970,hispanic_origin_race_recode,STRING,,,,1989+
death,1971,hispanic_origin_race_recode,STRING,,,,1989+
death,1972,hispanic_origin_race_recode,STRING,,,,1989+
death,1973,hispanic_origin_race_recode,STRING,,,,1989+
death,1974,hispanic_origin_race_recode,STRING,,,,1989+
death,1975,hispanic_origin_race_recode,STRING,,,,1989+
death,1976,hispanic_origin_race_recode,STRING,,,,1989+
death,1977,hispanic_origin_race_recode,STRING,,,,1989+
death,1978,hispanic_origin_race_recode,STRING,,,,1989+
death,1979,hispanic_origin_race_recode,STRING,,,,1989+
death,1980,hispanic_origin_race_recode,STRING,,,,1989+
death,1981,hispanic_origin_race_recode,STRING,,,,1989+
death,1982,hispanic_origin_race_recode,STRING,,,,1989+
death,1983,hispanic_origin_race_recode,STRING,,,,1989+
death,1984,hispanic_origin_race_recode,STRING,,,,1989+
death,1985,hispanic_origin_race_recode,STRING,,,,1989+
death,1986,hispanic_origin_race_recode,STRING,,,,1989+
death,1987,hispanic_origin_race_recode,STRING,,,,1989+
death,1988,hispanic_origin_race_recode,STRING,,,,1989+
death,1989,hispanic_origin_race_recode,STRING,,hspanicr,,1989+
death,1990,hispanic_origin_race_recode,STRING,,hspanicr,,1989+
death,1991,hispanic_origin_race_recode,STRING,,hspanicr,,1989+
death,1992,hispanic_origin_race_recode,STRING,,hspanicr,,1989+
death,1993,hispanic_origin_race_recode,STRING,,hspanicr,,1989+
death,1994,hispanic_origin_race_recode,STRING,,hspanicr,,1989+
death,1995,hispanic_origin_race_recode,STRING,,hspanicr,,1989+
death,1996,hispanic_origin_race_recode,STRING,,hspanicr,,1989+
death,1997,hispanic_origin_race_recode,STRING,,hspanicr,,1989+
death,1998,hispanic_origin_race_recode,STRING,,hspanicr,,1989+
death,1999,hispanic_origin_race_recode,STRING,,hspanicr,,1989+
death,2000,hispanic_origin_race_recode,STRING,,hspanicr,,1989+
death,2001,hispanic_origin_race_recode,STRING,,hspanicr,,1989+
death,2002,hispanic_origin_race_recode,STRING,,hspanicr,,1989+
death,2003,hispanic_origin_race_recode,STRING,,hspanicr,,1989+
death,2004,hispanic_origin_race_recode,STRING,,hspanicr,,1989+
death,2005,hispanic_origin_race_recode,STRING,,hspanicr,,1989+
death,2006,hispanic_origin_race_recode,STRING,,hspanicr,,1989+
death,2007,hispanic_origin_race_recode,STRING,,hspanicr,,1989+
death,2008,hispanic_origin_race_recode,STRING,,hspanicr,,1989+
death,2009,hispanic_origin_race_recode,STRING,,hspanicr,,1989+
death,2010,hispanic_origin_race_recode,STRING,,hspanicr,,1989+
death,2011,hispanic_origin_race_recode,STRING,,hspanicr,,1989+
death,2012,hispanic_origin_race_recode,STRING,,hspanicr,,1989+
death,2013,hispanic_origin_race_recode,STRING,,hspanicr,,1989+
death,2014,hispanic_origin_race_recode,STRING,,hspanicr,,1989+
death,2015,hispanic_origin_race_recode,STRING,,hspanicr,,1989+
death,2016,hispanic_origin_race_recode,STRING,,hspanicr,,1989+
death,2017,hispanic_origin_race_recode,STRING,,hspanicr,,1989+
death,2018,hispanic_origin_race_recode,STRING,,hspanicr,,1989+
death,2019,hispanic_origin_race_recode,STRING,,hspanicr,,1989+
death,2020,hispanic_origin_race_recode,STRING,,hspanicr,,1989+
death,2021,hispanic_origin_race_recode,STRING,,,,1989+
death,2022,hispanic_origin_race_recode,STRING,,hspanicr,,1989+
death,2023,hispanic_origin_race_recode,STRING,,hspanicr,,1989+
death,2024,hispanic_origin_race_recode,STRING,,hspanicr,,1989+
death,1968,education_years,INT64,year,,99,1989 revision: YEARS. NOT comparable to education_code
death,1969,education_years,INT64,year,,99,1989 revision: YEARS. NOT comparable to education_code
death,1970,education_years,INT64,year,,99,1989 revision: YEARS. NOT comparable to education_code
death,1971,education_years,INT64,year,,99,1989 revision: YEARS. NOT comparable to education_code
death,1972,education_years,INT64,year,,99,1989 revision: YEARS. NOT comparable to education_code
death,1973,education_years,INT64,year,,99,1989 revision: YEARS. NOT comparable to education_code
death,1974,education_years,INT64,year,,99,1989 revision: YEARS. NOT comparable to education_code
death,1975,education_years,INT64,year,,99,1989 revision: YEARS. NOT comparable to education_code
death,1976,education_years,INT64,year,,99,1989 revision: YEARS. NOT comparable to education_code
death,1977,education_years,INT64,year,,99,1989 revision: YEARS. NOT comparable to education_code
death,1978,education_years,INT64,year,,99,1989 revision: YEARS. NOT comparable to education_code
death,1979,education_years,INT64,year,,99,1989 revision: YEARS. NOT comparable to education_code
death,1980,education_years,INT64,year,,99,1989 revision: YEARS. NOT comparable to education_code
death,1981,education_years,INT64,year,,99,1989 revision: YEARS. NOT comparable to education_code
death,1982,education_years,INT64,year,,99,1989 revision: YEARS. NOT comparable to education_code
death,1983,education_years,INT64,year,,99,1989 revision: YEARS. NOT comparable to education_code
death,1984,education_years,INT64,year,,99,1989 revision: YEARS. NOT comparable to education_code
death,1985,education_years,INT64,year,,99,1989 revision: YEARS. NOT comparable to education_code
death,1986,education_years,INT64,year,,99,1989 revision: YEARS. NOT comparable to education_code
death,1987,education_years,INT64,year,,99,1989 revision: YEARS. NOT comparable to education_code
death,1988,education_years,INT64,year,,99,1989 revision: YEARS. NOT comparable to education_code
death,1989,education_years,INT64,year,,99,1989 revision: YEARS. NOT comparable to education_code
death,1990,education_years,INT64,year,,99,1989 revision: YEARS. NOT comparable to education_code
death,1991,education_years,INT64,year,,99,1989 revision: YEARS. NOT comparable to education_code
death,1992,education_years,INT64,year,,99,1989 revision: YEARS. NOT comparable to education_code
death,1993,education_years,INT64,year,,99,1989 revision: YEARS. NOT comparable to education_code
death,1994,education_years,INT64,year,,99,1989 revision: YEARS. NOT comparable to education_code
death,1995,education_years,INT64,year,,99,1989 revision: YEARS. NOT comparable to education_code
death,1996,education_years,INT64,year,,99,1989 revision: YEARS. NOT comparable to education_code
death,1997,education_years,INT64,year,,99,1989 revision: YEARS. NOT comparable to education_code
death,1998,education_years,INT64,year,,99,1989 revision: YEARS. NOT comparable to education_code
death,1999,education_years,INT64,year,,99,1989 revision: YEARS. NOT comparable to education_code
death,2000,education_years,INT64,year,,99,1989 revision: YEARS. NOT comparable to education_code
death,2001,education_years,INT64,year,,99,1989 revision: YEARS. NOT comparable to education_code
death,2002,education_years,INT64,year,,99,1989 revision: YEARS. NOT comparable to education_code
death,2003,education_years,INT64,year,,99,1989 revision: YEARS. NOT comparable to education_code
death,2004,education_years,INT64,year,,99,1989 revision: YEARS. NOT comparable to education_code
death,2005,education_years,INT64,year,,99,1989 revision: YEARS. NOT comparable to education_code
death,2006,education_years,INT64,year,educ1989,99,1989 revision: YEARS. NOT comparable to education_code
death,2007,education_years,INT64,year,educ1989,99,1989 revision: YEARS. NOT comparable to education_code
death,2008,education_years,INT64,year,educ1989,99,1989 revision: YEARS. NOT comparable to education_code
death,2009,education_years,INT64,year,educ1989,99,1989 revision: YEARS. NOT comparable to education_code
death,2010,education_years,INT64,year,educ1989,99,1989 revision: YEARS. NOT comparable to education_code
death,2011,education_years,INT64,year,educ1989,99,1989 revision: YEARS. NOT comparable to education_code
death,2012,education_years,INT64,year,educ1989,99,1989 revision: YEARS. NOT comparable to education_code
death,2013,education_years,INT64,year,educ1989,99,1989 revision: YEARS. NOT comparable to education_code
death,2014,education_years,INT64,year,educ1989,99,1989 revision: YEARS. NOT comparable to education_code
death,2015,education_years,INT64,year,educ1989,99,1989 revision: YEARS. NOT comparable to education_code
death,2016,education_years,INT64,year,educ1989,99,1989 revision: YEARS. NOT comparable to education_code
death,2017,education_years,INT64,year,educ1989,99,1989 revision: YEARS. NOT comparable to education_code
death,2018,education_years,INT64,year,educ1989,99,1989 revision: YEARS. NOT comparable to education_code
death,2019,education_years,INT64,year,educ1989,99,1989 revision: YEARS. NOT comparable to education_code
death,2020,education_years,INT64,year,educ1989,99,1989 revision: YEARS. NOT comparable to education_code
death,2021,education_years,INT64,year,,99,1989 revision: YEARS. NOT comparable to education_code
death,2022,education_years,INT64,year,,99,1989 revision: YEARS. NOT comparable to education_code
death,2023,education_years,INT64,year,,99,1989 revision: YEARS. NOT comparable to education_code
death,2024,education_years,INT64,year,,99,1989 revision: YEARS. NOT comparable to education_code
death,1968,education_code,STRING,,,,2003 revision: CATEGORIES
death,1969,education_code,STRING,,,,2003 revision: CATEGORIES
death,1970,education_code,STRING,,,,2003 revision: CATEGORIES
death,1971,education_code,STRING,,,,2003 revision: CATEGORIES
death,1972,education_code,STRING,,,,2003 revision: CATEGORIES
death,1973,education_code,STRING,,,,2003 revision: CATEGORIES
death,1974,education_code,STRING,,,,2003 revision: CATEGORIES
death,1975,education_code,STRING,,,,2003 revision: CATEGORIES
death,1976,education_code,STRING,,,,2003 revision: CATEGORIES
death,1977,education_code,STRING,,,,2003 revision: CATEGORIES
death,1978,education_code,STRING,,,,2003 revision: CATEGORIES
death,1979,education_code,STRING,,,,2003 revision: CATEGORIES
death,1980,education_code,STRING,,,,2003 revision: CATEGORIES
death,1981,education_code,STRING,,,,2003 revision: CATEGORIES
death,1982,education_code,STRING,,,,2003 revision: CATEGORIES
death,1983,education_code,STRING,,,,2003 revision: CATEGORIES
death,1984,education_code,STRING,,,,2003 revision: CATEGORIES
death,1985,education_code,STRING,,,,2003 revision: CATEGORIES
death,1986,education_code,STRING,,,,2003 revision: CATEGORIES
death,1987,education_code,STRING,,,,2003 revision: CATEGORIES
death,1988,education_code,STRING,,,,2003 revision: CATEGORIES
death,1989,education_code,STRING,,,,2003 revision: CATEGORIES
death,1990,education_code,STRING,,,,2003 revision: CATEGORIES
death,1991,education_code,STRING,,,,2003 revision: CATEGORIES
death,1992,education_code,STRING,,,,2003 revision: CATEGORIES
death,1993,education_code,STRING,,,,2003 revision: CATEGORIES
death,1994,education_code,STRING,,,,2003 revision: CATEGORIES
death,1995,education_code,STRING,,,,2003 revision: CATEGORIES
death,1996,education_code,STRING,,,,2003 revision: CATEGORIES
death,1997,education_code,STRING,,,,2003 revision: CATEGORIES
death,1998,education_code,STRING,,,,2003 revision: CATEGORIES
death,1999,education_code,STRING,,,,2003 revision: CATEGORIES
death,2000,education_code,STRING,,,,2003 revision: CATEGORIES
death,2001,education_code,STRING,,,,2003 revision: CATEGORIES
death,2002,education_code,STRING,,,,2003 revision: CATEGORIES
death,2003,education_code,STRING,,,,2003 revision: CATEGORIES
death,2004,education_code,STRING,,,,2003 revision: CATEGORIES
death,2005,education_code,STRING,,,,2003 revision: CATEGORIES
death,2006,education_code,STRING,,educ2003,,2003 revision: CATEGORIES
death,2007,education_code,STRING,,educ2003,,2003 revision: CATEGORIES
death,2008,education_code,STRING,,educ2003,,2003 revision: CATEGORIES
death,2009,education_code,STRING,,educ2003,,2003 revision: CATEGORIES
death,2010,education_code,STRING,,educ2003,,2003 revision: CATEGORIES
death,2011,education_code,STRING,,educ2003,,2003 revision: CATEGORIES
death,2012,education_code,STRING,,educ2003,,2003 revision: CATEGORIES
death,2013,education_code,STRING,,educ2003,,2003 revision: CATEGORIES
death,2014,education_code,STRING,,educ2003,,2003 revision: CATEGORIES
death,2015,education_code,STRING,,educ2003,,2003 revision: CATEGORIES
death,2016,education_code,STRING,,educ2003,,2003 revision: CATEGORIES
death,2017,education_code,STRING,,educ2003,,2003 revision: CATEGORIES
death,2018,education_code,STRING,,educ2003,,2003 revision: CATEGORIES
death,2019,education_code,STRING,,educ2003,,2003 revision: CATEGORIES
death,2020,education_code,STRING,,educ2003,,2003 revision: CATEGORIES
death,2021,education_code,STRING,,educ2003,,2003 revision: CATEGORIES
death,2022,education_code,STRING,,educ2003,,2003 revision: CATEGORIES
death,2023,education_code,STRING,,educ2003,,2003 revision: CATEGORIES
death,2024,education_code,STRING,,educ2003,,2003 revision: CATEGORIES
death,1968,education_reporting_flag,STRING,,,,
death,1969,education_reporting_flag,STRING,,,,
death,1970,education_reporting_flag,STRING,,,,
death,1971,education_reporting_flag,STRING,,,,
death,1972,education_reporting_flag,STRING,,,,
death,1973,education_reporting_flag,STRING,,,,
death,1974,education_reporting_flag,STRING,,,,
death,1975,education_reporting_flag,STRING,,,,
death,1976,education_reporting_flag,STRING,,,,
death,1977,education_reporting_flag,STRING,,,,
death,1978,education_reporting_flag,STRING,,,,
death,1979,education_reporting_flag,STRING,,,,
death,1980,education_reporting_flag,STRING,,,,
death,1981,education_reporting_flag,STRING,,,,
death,1982,education_reporting_flag,STRING,,,,
death,1983,education_reporting_flag,STRING,,,,
death,1984,education_reporting_flag,STRING,,,,
death,1985,education_reporting_flag,STRING,,,,
death,1986,education_reporting_flag,STRING,,,,
death,1987,education_reporting_flag,STRING,,,,
death,1988,education_reporting_flag,STRING,,,,
death,1989,education_reporting_flag,STRING,,,,
death,1990,education_reporting_flag,STRING,,,,
death,1991,education_reporting_flag,STRING,,,,
death,1992,education_reporting_flag,STRING,,,,
death,1993,education_reporting_flag,STRING,,,,
death,1994,education_reporting_flag,STRING,,,,
death,1995,education_reporting_flag,STRING,,,,
death,1996,education_reporting_flag,STRING,,,,
death,1997,education_reporting_flag,STRING,,,,
death,1998,education_reporting_flag,STRING,,,,
death,1999,education_reporting_flag,STRING,,,,
death,2000,education_reporting_flag,STRING,,,,
death,2001,education_reporting_flag,STRING,,,,
death,2002,education_reporting_flag,STRING,,,,
death,2003,education_reporting_flag,STRING,,educflag,,
death,2004,education_reporting_flag,STRING,,educflag,,
death,2005,education_reporting_flag,STRING,,educflag,,
death,2006,education_reporting_flag,STRING,,educflag,,
death,2007,education_reporting_flag,STRING,,educflag,,
death,2008,education_reporting_flag,STRING,,educflag,,
death,2009,education_reporting_flag,STRING,,educflag,,
death,2010,education_reporting_flag,STRING,,educflag,,
death,2011,education_reporting_flag,STRING,,educflag,,
death,2012,education_reporting_flag,STRING,,educflag,,
death,2013,education_reporting_flag,STRING,,educflag,,
death,2014,education_reporting_flag,STRING,,educflag,,
death,2015,education_reporting_flag,STRING,,educflag,,
death,2016,education_reporting_flag,STRING,,educflag,,
death,2017,education_reporting_flag,STRING,,educflag,,
death,2018,education_reporting_flag,STRING,,educflag,,
death,2019,education_reporting_flag,STRING,,educflag,,
death,2020,education_reporting_flag,STRING,,educflag,,
death,2021,education_reporting_flag,STRING,,educflag,,
death,2022,education_reporting_flag,STRING,,educflag,,
death,2023,education_reporting_flag,STRING,,educflag,,
death,2024,education_reporting_flag,STRING,,educflag,,
death,1968,marital_status,STRING,,,,1979+
death,1969,marital_status,STRING,,,,1979+
death,1970,marital_status,STRING,,,,1979+
death,1971,marital_status,STRING,,,,1979+
death,1972,marital_status,STRING,,,,1979+
death,1973,marital_status,STRING,,,,1979+
death,1974,marital_status,STRING,,,,1979+
death,1975,marital_status,STRING,,,,1979+
death,1976,marital_status,STRING,,,,1979+
death,1977,marital_status,STRING,,,,1979+
death,1978,marital_status,STRING,,,,1979+
death,1979,marital_status,STRING,,marstat,,1979+
death,1980,marital_status,STRING,,marstat,,1979+
death,1981,marital_status,STRING,,marstat,,1979+
death,1982,marital_status,STRING,,marstat,,1979+
death,1983,marital_status,STRING,,marstat,,1979+
death,1984,marital_status,STRING,,marstat,,1979+
death,1985,marital_status,STRING,,marstat,,1979+
death,1986,marital_status,STRING,,marstat,,1979+
death,1987,marital_status,STRING,,marstat,,1979+
death,1988,marital_status,STRING,,marstat,,1979+
death,1989,marital_status,STRING,,marstat,,1979+
death,1990,marital_status,STRING,,marstat,,1979+
death,1991,marital_status,STRING,,marstat,,1979+
death,1992,marital_status,STRING,,marstat,,1979+
death,1993,marital_status,STRING,,marstat,,1979+
death,1994,marital_status,STRING,,marstat,,1979+
death,1995,marital_status,STRING,,marstat,,1979+
death,1996,marital_status,STRING,,marstat,,1979+
death,1997,marital_status,STRING,,marstat,,1979+
death,1998,marital_status,STRING,,marstat,,1979+
death,1999,marital_status,STRING,,marstat,,1979+
death,2000,marital_status,STRING,,marstat,,1979+
death,2001,marital_status,STRING,,marstat,,1979+
death,2002,marital_status,STRING,,marstat,,1979+
death,2003,marital_status,STRING,,marstat,,1979+
death,2004,marital_status,STRING,,marstat,,1979+
death,2005,marital_status,STRING,,marstat,,1979+
death,2006,marital_status,STRING,,marstat,,1979+
death,2007,marital_status,STRING,,marstat,,1979+
death,2008,marital_status,STRING,,marstat,,1979+
death,2009,marital_status,STRING,,marstat,,1979+
death,2010,marital_status,STRING,,marstat,,1979+
death,2011,marital_status,STRING,,marstat,,1979+
death,2012,marital_status,STRING,,marstat,,1979+
death,2013,marital_status,STRING,,marstat,,1979+
death,2014,marital_status,STRING,,marstat,,1979+
death,2015,marital_status,STRING,,marstat,,1979+
death,2016,marital_status,STRING,,marstat,,1979+
death,2017,marital_status,STRING,,marstat,,1979+
death,2018,marital_status,STRING,,marstat,,1979+
death,2019,marital_status,STRING,,marstat,,1979+
death,2020,marital_status,STRING,,marstat,,1979+
death,2021,marital_status,STRING,,marstat,,1979+
death,2022,marital_status,STRING,,marstat,,1979+
death,2023,marital_status,STRING,,marstat,,1979+
death,2024,marital_status,STRING,,marstat,,1979+
death,1968,place_of_death,STRING,,,,1989+
death,1969,place_of_death,STRING,,,,1989+
death,1970,place_of_death,STRING,,,,1989+
death,1971,place_of_death,STRING,,,,1989+
death,1972,place_of_death,STRING,,,,1989+
death,1973,place_of_death,STRING,,,,1989+
death,1974,place_of_death,STRING,,,,1989+
death,1975,place_of_death,STRING,,,,1989+
death,1976,place_of_death,STRING,,,,1989+
death,1977,place_of_death,STRING,,,,1989+
death,1978,place_of_death,STRING,,,,1989+
death,1979,place_of_death,STRING,,,,1989+
death,1980,place_of_death,STRING,,,,1989+
death,1981,place_of_death,STRING,,,,1989+
death,1982,place_of_death,STRING,,,,1989+
death,1983,place_of_death,STRING,,,,1989+
death,1984,place_of_death,STRING,,,,1989+
death,1985,place_of_death,STRING,,,,1989+
death,1986,place_of_death,STRING,,,,1989+
death,1987,place_of_death,STRING,,,,1989+
death,1988,place_of_death,STRING,,,,1989+
death,1989,place_of_death,STRING,,placdth,,1989+
death,1990,place_of_death,STRING,,placdth,,1989+
death,1991,place_of_death,STRING,,placdth,,1989+
death,1992,place_of_death,STRING,,placdth,,1989+
death,1993,place_of_death,STRING,,placdth,,1989+
death,1994,place_of_death,STRING,,placdth,,1989+
death,1995,place_of_death,STRING,,placdth,,1989+
death,1996,place_of_death,STRING,,placdth,,1989+
death,1997,place_of_death,STRING,,placdth,,1989+
death,1998,place_of_death,STRING,,placdth,,1989+
death,1999,place_of_death,STRING,,placdth,,1989+
death,2000,place_of_death,STRING,,placdth,,1989+
death,2001,place_of_death,STRING,,placdth,,1989+
death,2002,place_of_death,STRING,,placdth,,1989+
death,2003,place_of_death,STRING,,placdth,,1989+
death,2004,place_of_death,STRING,,placdth,,1989+
death,2005,place_of_death,STRING,,placdth,,1989+
death,2006,place_of_death,STRING,,placdth,,1989+
death,2007,place_of_death,STRING,,placdth,,1989+
death,2008,place_of_death,STRING,,placdth,,1989+
death,2009,place_of_death,STRING,,placdth,,1989+
death,2010,place_of_death,STRING,,placdth,,1989+
death,2011,place_of_death,STRING,,placdth,,1989+
death,2012,place_of_death,STRING,,placdth,,1989+
death,2013,place_of_death,STRING,,placdth,,1989+
death,2014,place_of_death,STRING,,placdth,,1989+
death,2015,place_of_death,STRING,,placdth,,1989+
death,2016,place_of_death,STRING,,placdth,,1989+
death,2017,place_of_death,STRING,,placdth,,1989+
death,2018,place_of_death,STRING,,placdth,,1989+
death,2019,place_of_death,STRING,,placdth,,1989+
death,2020,place_of_death,STRING,,placdth,,1989+
death,2021,place_of_death,STRING,,placdth,,1989+
death,2022,place_of_death,STRING,,placdth,,1989+
death,2023,place_of_death,STRING,,placdth,,1989+
death,2024,place_of_death,STRING,,placdth,,1989+
death,1968,underlying_cause_code,STRING,,ucod,,ICD code; revision varies - see icd_revision
death,1969,underlying_cause_code,STRING,,ucod,,ICD code; revision varies - see icd_revision
death,1970,underlying_cause_code,STRING,,ucod,,ICD code; revision varies - see icd_revision
death,1971,underlying_cause_code,STRING,,ucod,,ICD code; revision varies - see icd_revision
death,1972,underlying_cause_code,STRING,,ucod,,ICD code; revision varies - see icd_revision
death,1973,underlying_cause_code,STRING,,ucod,,ICD code; revision varies - see icd_revision
death,1974,underlying_cause_code,STRING,,ucod,,ICD code; revision varies - see icd_revision
death,1975,underlying_cause_code,STRING,,ucod,,ICD code; revision varies - see icd_revision
death,1976,underlying_cause_code,STRING,,ucod,,ICD code; revision varies - see icd_revision
death,1977,underlying_cause_code,STRING,,ucod,,ICD code; revision varies - see icd_revision
death,1978,underlying_cause_code,STRING,,ucod,,ICD code; revision varies - see icd_revision
death,1979,underlying_cause_code,STRING,,ucod,,ICD code; revision varies - see icd_revision
death,1980,underlying_cause_code,STRING,,ucod,,ICD code; revision varies - see icd_revision
death,1981,underlying_cause_code,STRING,,ucod,,ICD code; revision varies - see icd_revision
death,1982,underlying_cause_code,STRING,,ucod,,ICD code; revision varies - see icd_revision
death,1983,underlying_cause_code,STRING,,ucod,,ICD code; revision varies - see icd_revision
death,1984,underlying_cause_code,STRING,,ucod,,ICD code; revision varies - see icd_revision
death,1985,underlying_cause_code,STRING,,ucod,,ICD code; revision varies - see icd_revision
death,1986,underlying_cause_code,STRING,,ucod,,ICD code; revision varies - see icd_revision
death,1987,underlying_cause_code,STRING,,ucod,,ICD code; revision varies - see icd_revision
death,1988,underlying_cause_code,STRING,,ucod,,ICD code; revision varies - see icd_revision
death,1989,underlying_cause_code,STRING,,ucod,,ICD code; revision varies - see icd_revision
death,1990,underlying_cause_code,STRING,,ucod,,ICD code; revision varies - see icd_revision
death,1991,underlying_cause_code,STRING,,ucod,,ICD code; revision varies - see icd_revision
death,1992,underlying_cause_code,STRING,,ucod,,ICD code; revision varies - see icd_revision
death,1993,underlying_cause_code,STRING,,ucod,,ICD code; revision varies - see icd_revision
death,1994,underlying_cause_code,STRING,,ucod,,ICD code; revision varies - see icd_revision
death,1995,underlying_cause_code,STRING,,ucod,,ICD code; revision varies - see icd_revision
death,1996,underlying_cause_code,STRING,,ucod,,ICD code; revision varies - see icd_revision
death,1997,underlying_cause_code,STRING,,ucod,,ICD code; revision varies - see icd_revision
death,1998,underlying_cause_code,STRING,,ucod,,ICD code; revision varies - see icd_revision
death,1999,underlying_cause_code,STRING,,ucod,,ICD code; revision varies - see icd_revision
death,2000,underlying_cause_code,STRING,,ucod,,ICD code; revision varies - see icd_revision
death,2001,underlying_cause_code,STRING,,ucod,,ICD code; revision varies - see icd_revision
death,2002,underlying_cause_code,STRING,,ucod,,ICD code; revision varies - see icd_revision
death,2003,underlying_cause_code,STRING,,ucod,,ICD code; revision varies - see icd_revision
death,2004,underlying_cause_code,STRING,,ucod,,ICD code; revision varies - see icd_revision
death,2005,underlying_cause_code,STRING,,ucod,,ICD code; revision varies - see icd_revision
death,2006,underlying_cause_code,STRING,,ucod,,ICD code; revision varies - see icd_revision
death,2007,underlying_cause_code,STRING,,ucod,,ICD code; revision varies - see icd_revision
death,2008,underlying_cause_code,STRING,,ucod,,ICD code; revision varies - see icd_revision
death,2009,underlying_cause_code,STRING,,ucod,,ICD code; revision varies - see icd_revision
death,2010,underlying_cause_code,STRING,,ucod,,ICD code; revision varies - see icd_revision
death,2011,underlying_cause_code,STRING,,ucod,,ICD code; revision varies - see icd_revision
death,2012,underlying_cause_code,STRING,,ucod,,ICD code; revision varies - see icd_revision
death,2013,underlying_cause_code,STRING,,ucod,,ICD code; revision varies - see icd_revision
death,2014,underlying_cause_code,STRING,,ucod,,ICD code; revision varies - see icd_revision
death,2015,underlying_cause_code,STRING,,ucod,,ICD code; revision varies - see icd_revision
death,2016,underlying_cause_code,STRING,,ucod,,ICD code; revision varies - see icd_revision
death,2017,underlying_cause_code,STRING,,ucod,,ICD code; revision varies - see icd_revision
death,2018,underlying_cause_code,STRING,,ucod,,ICD code; revision varies - see icd_revision
death,2019,underlying_cause_code,STRING,,ucod,,ICD code; revision varies - see icd_revision
death,2020,underlying_cause_code,STRING,,ucod,,ICD code; revision varies - see icd_revision
death,2021,underlying_cause_code,STRING,,ucod,,ICD code; revision varies - see icd_revision
death,2022,underlying_cause_code,STRING,,ucod,,ICD code; revision varies - see icd_revision
death,2023,underlying_cause_code,STRING,,ucod,,ICD code; revision varies - see icd_revision
death,2024,underlying_cause_code,STRING,,ucod,,ICD code; revision varies - see icd_revision
death,1968,icd_revision,STRING,,,,"DERIVED: 8 (1968-1978), 9 (1979-1998), 10 (1999+)"
death,1969,icd_revision,STRING,,,,"DERIVED: 8 (1968-1978), 9 (1979-1998), 10 (1999+)"
death,1970,icd_revision,STRING,,,,"DERIVED: 8 (1968-1978), 9 (1979-1998), 10 (1999+)"
death,1971,icd_revision,STRING,,,,"DERIVED: 8 (1968-1978), 9 (1979-1998), 10 (1999+)"
death,1972,icd_revision,STRING,,,,"DERIVED: 8 (1968-1978), 9 (1979-1998), 10 (1999+)"
death,1973,icd_revision,STRING,,,,"DERIVED: 8 (1968-1978), 9 (1979-1998), 10 (1999+)"
death,1974,icd_revision,STRING,,,,"DERIVED: 8 (1968-1978), 9 (1979-1998), 10 (1999+)"
death,1975,icd_revision,STRING,,,,"DERIVED: 8 (1968-1978), 9 (1979-1998), 10 (1999+)"
death,1976,icd_revision,STRING,,,,"DERIVED: 8 (1968-1978), 9 (1979-1998), 10 (1999+)"
death,1977,icd_revision,STRING,,,,"DERIVED: 8 (1968-1978), 9 (1979-1998), 10 (1999+)"
death,1978,icd_revision,STRING,,,,"DERIVED: 8 (1968-1978), 9 (1979-1998), 10 (1999+)"
death,1979,icd_revision,STRING,,,,"DERIVED: 8 (1968-1978), 9 (1979-1998), 10 (1999+)"
death,1980,icd_revision,STRING,,,,"DERIVED: 8 (1968-1978), 9 (1979-1998), 10 (1999+)"
death,1981,icd_revision,STRING,,,,"DERIVED: 8 (1968-1978), 9 (1979-1998), 10 (1999+)"
death,1982,icd_revision,STRING,,,,"DERIVED: 8 (1968-1978), 9 (1979-1998), 10 (1999+)"
death,1983,icd_revision,STRING,,,,"DERIVED: 8 (1968-1978), 9 (1979-1998), 10 (1999+)"
death,1984,icd_revision,STRING,,,,"DERIVED: 8 (1968-1978), 9 (1979-1998), 10 (1999+)"
death,1985,icd_revision,STRING,,,,"DERIVED: 8 (1968-1978), 9 (1979-1998), 10 (1999+)"
death,1986,icd_revision,STRING,,,,"DERIVED: 8 (1968-1978), 9 (1979-1998), 10 (1999+)"
death,1987,icd_revision,STRING,,,,"DERIVED: 8 (1968-1978), 9 (1979-1998), 10 (1999+)"
death,1988,icd_revision,STRING,,,,"DERIVED: 8 (1968-1978), 9 (1979-1998), 10 (1999+)"
death,1989,icd_revision,STRING,,,,"DERIVED: 8 (1968-1978), 9 (1979-1998), 10 (1999+)"
death,1990,icd_revision,STRING,,,,"DERIVED: 8 (1968-1978), 9 (1979-1998), 10 (1999+)"
death,1991,icd_revision,STRING,,,,"DERIVED: 8 (1968-1978), 9 (1979-1998), 10 (1999+)"
death,1992,icd_revision,STRING,,,,"DERIVED: 8 (1968-1978), 9 (1979-1998), 10 (1999+)"
death,1993,icd_revision,STRING,,,,"DERIVED: 8 (1968-1978), 9 (1979-1998), 10 (1999+)"
death,1994,icd_revision,STRING,,,,"DERIVED: 8 (1968-1978), 9 (1979-1998), 10 (1999+)"
death,1995,icd_revision,STRING,,,,"DERIVED: 8 (1968-1978), 9 (1979-1998), 10 (1999+)"
death,1996,icd_revision,STRING,,,,"DERIVED: 8 (1968-1978), 9 (1979-1998), 10 (1999+)"
death,1997,icd_revision,STRING,,,,"DERIVED: 8 (1968-1978), 9 (1979-1998), 10 (1999+)"
death,1998,icd_revision,STRING,,,,"DERIVED: 8 (1968-1978), 9 (1979-1998), 10 (1999+)"
death,1999,icd_revision,STRING,,,,"DERIVED: 8 (1968-1978), 9 (1979-1998), 10 (1999+)"
death,2000,icd_revision,STRING,,,,"DERIVED: 8 (1968-1978), 9 (1979-1998), 10 (1999+)"
death,2001,icd_revision,STRING,,,,"DERIVED: 8 (1968-1978), 9 (1979-1998), 10 (1999+)"
death,2002,icd_revision,STRING,,,,"DERIVED: 8 (1968-1978), 9 (1979-1998), 10 (1999+)"
death,2003,icd_revision,STRING,,,,"DERIVED: 8 (1968-1978), 9 (1979-1998), 10 (1999+)"
death,2004,icd_revision,STRING,,,,"DERIVED: 8 (1968-1978), 9 (1979-1998), 10 (1999+)"
death,2005,icd_revision,STRING,,,,"DERIVED: 8 (1968-1978), 9 (1979-1998), 10 (1999+)"
death,2006,icd_revision,STRING,,,,"DERIVED: 8 (1968-1978), 9 (1979-1998), 10 (1999+)"
death,2007,icd_revision,STRING,,,,"DERIVED: 8 (1968-1978), 9 (1979-1998), 10 (1999+)"
death,2008,icd_revision,STRING,,,,"DERIVED: 8 (1968-1978), 9 (1979-1998), 10 (1999+)"
death,2009,icd_revision,STRING,,,,"DERIVED: 8 (1968-1978), 9 (1979-1998), 10 (1999+)"
death,2010,icd_revision,STRING,,,,"DERIVED: 8 (1968-1978), 9 (1979-1998), 10 (1999+)"
death,2011,icd_revision,STRING,,,,"DERIVED: 8 (1968-1978), 9 (1979-1998), 10 (1999+)"
death,2012,icd_revision,STRING,,,,"DERIVED: 8 (1968-1978), 9 (1979-1998), 10 (1999+)"
death,2013,icd_revision,STRING,,,,"DERIVED: 8 (1968-1978), 9 (1979-1998), 10 (1999+)"
death,2014,icd_revision,STRING,,,,"DERIVED: 8 (1968-1978), 9 (1979-1998), 10 (1999+)"
death,2015,icd_revision,STRING,,,,"DERIVED: 8 (1968-1978), 9 (1979-1998), 10 (1999+)"
death,2016,icd_revision,STRING,,,,"DERIVED: 8 (1968-1978), 9 (1979-1998), 10 (1999+)"
death,2017,icd_revision,STRING,,,,"DERIVED: 8 (1968-1978), 9 (1979-1998), 10 (1999+)"
death,2018,icd_revision,STRING,,,,"DERIVED: 8 (1968-1978), 9 (1979-1998), 10 (1999+)"
death,2019,icd_revision,STRING,,,,"DERIVED: 8 (1968-1978), 9 (1979-1998), 10 (1999+)"
death,2020,icd_revision,STRING,,,,"DERIVED: 8 (1968-1978), 9 (1979-1998), 10 (1999+)"
death,2021,icd_revision,STRING,,,,"DERIVED: 8 (1968-1978), 9 (1979-1998), 10 (1999+)"
death,2022,icd_revision,STRING,,,,"DERIVED: 8 (1968-1978), 9 (1979-1998), 10 (1999+)"
death,2023,icd_revision,STRING,,,,"DERIVED: 8 (1968-1978), 9 (1979-1998), 10 (1999+)"
death,2024,icd_revision,STRING,,,,"DERIVED: 8 (1968-1978), 9 (1979-1998), 10 (1999+)"
death,1968,cause_recode_113,STRING,,,,"ICD-10 based, 1999+"
death,1969,cause_recode_113,STRING,,,,"ICD-10 based, 1999+"
death,1970,cause_recode_113,STRING,,,,"ICD-10 based, 1999+"
death,1971,cause_recode_113,STRING,,,,"ICD-10 based, 1999+"
death,1972,cause_recode_113,STRING,,,,"ICD-10 based, 1999+"
death,1973,cause_recode_113,STRING,,,,"ICD-10 based, 1999+"
death,1974,cause_recode_113,STRING,,,,"ICD-10 based, 1999+"
death,1975,cause_recode_113,STRING,,,,"ICD-10 based, 1999+"
death,1976,cause_recode_113,STRING,,,,"ICD-10 based, 1999+"
death,1977,cause_recode_113,STRING,,,,"ICD-10 based, 1999+"
death,1978,cause_recode_113,STRING,,,,"ICD-10 based, 1999+"
death,1979,cause_recode_113,STRING,,,,"ICD-10 based, 1999+"
death,1980,cause_recode_113,STRING,,,,"ICD-10 based, 1999+"
death,1981,cause_recode_113,STRING,,,,"ICD-10 based, 1999+"
death,1982,cause_recode_113,STRING,,,,"ICD-10 based, 1999+"
death,1983,cause_recode_113,STRING,,,,"ICD-10 based, 1999+"
death,1984,cause_recode_113,STRING,,,,"ICD-10 based, 1999+"
death,1985,cause_recode_113,STRING,,,,"ICD-10 based, 1999+"
death,1986,cause_recode_113,STRING,,,,"ICD-10 based, 1999+"
death,1987,cause_recode_113,STRING,,,,"ICD-10 based, 1999+"
death,1988,cause_recode_113,STRING,,,,"ICD-10 based, 1999+"
death,1989,cause_recode_113,STRING,,,,"ICD-10 based, 1999+"
death,1990,cause_recode_113,STRING,,,,"ICD-10 based, 1999+"
death,1991,cause_recode_113,STRING,,,,"ICD-10 based, 1999+"
death,1992,cause_recode_113,STRING,,,,"ICD-10 based, 1999+"
death,1993,cause_recode_113,STRING,,,,"ICD-10 based, 1999+"
death,1994,cause_recode_113,STRING,,,,"ICD-10 based, 1999+"
death,1995,cause_recode_113,STRING,,,,"ICD-10 based, 1999+"
death,1996,cause_recode_113,STRING,,,,"ICD-10 based, 1999+"
death,1997,cause_recode_113,STRING,,,,"ICD-10 based, 1999+"
death,1998,cause_recode_113,STRING,,,,"ICD-10 based, 1999+"
death,1999,cause_recode_113,STRING,,ucr113,,"ICD-10 based, 1999+"
death,2000,cause_recode_113,STRING,,ucr113,,"ICD-10 based, 1999+"
death,2001,cause_recode_113,STRING,,ucr113,,"ICD-10 based, 1999+"
death,2002,cause_recode_113,STRING,,ucr113,,"ICD-10 based, 1999+"
death,2003,cause_recode_113,STRING,,ucr113,,"ICD-10 based, 1999+"
death,2004,cause_recode_113,STRING,,ucr113,,"ICD-10 based, 1999+"
death,2005,cause_recode_113,STRING,,ucr113,,"ICD-10 based, 1999+"
death,2006,cause_recode_113,STRING,,ucr113,,"ICD-10 based, 1999+"
death,2007,cause_recode_113,STRING,,ucr113,,"ICD-10 based, 1999+"
death,2008,cause_recode_113,STRING,,ucr113,,"ICD-10 based, 1999+"
death,2009,cause_recode_113,STRING,,ucr113,,"ICD-10 based, 1999+"
death,2010,cause_recode_113,STRING,,ucr113,,"ICD-10 based, 1999+"
death,2011,cause_recode_113,STRING,,ucr113,,"ICD-10 based, 1999+"
death,2012,cause_recode_113,STRING,,ucr113,,"ICD-10 based, 1999+"
death,2013,cause_recode_113,STRING,,ucr113,,"ICD-10 based, 1999+"
death,2014,cause_recode_113,STRING,,ucr113,,"ICD-10 based, 1999+"
death,2015,cause_recode_113,STRING,,ucr113,,"ICD-10 based, 1999+"
death,2016,cause_recode_113,STRING,,ucr113,,"ICD-10 based, 1999+"
death,2017,cause_recode_113,STRING,,ucr113,,"ICD-10 based, 1999+"
death,2018,cause_recode_113,STRING,,ucr113,,"ICD-10 based, 1999+"
death,2019,cause_recode_113,STRING,,ucr113,,"ICD-10 based, 1999+"
death,2020,cause_recode_113,STRING,,ucr113,,"ICD-10 based, 1999+"
death,2021,cause_recode_113,STRING,,ucr113,,"ICD-10 based, 1999+"
death,2022,cause_recode_113,STRING,,ucr113,,"ICD-10 based, 1999+"
death,2023,cause_recode_113,STRING,,ucr113,,"ICD-10 based, 1999+"
death,2024,cause_recode_113,STRING,,ucr113,,"ICD-10 based, 1999+"
death,1968,cause_recode_358,STRING,,,,"ICD-10 based, 1999+"
death,1969,cause_recode_358,STRING,,,,"ICD-10 based, 1999+"
death,1970,cause_recode_358,STRING,,,,"ICD-10 based, 1999+"
death,1971,cause_recode_358,STRING,,,,"ICD-10 based, 1999+"
death,1972,cause_recode_358,STRING,,,,"ICD-10 based, 1999+"
death,1973,cause_recode_358,STRING,,,,"ICD-10 based, 1999+"
death,1974,cause_recode_358,STRING,,,,"ICD-10 based, 1999+"
death,1975,cause_recode_358,STRING,,,,"ICD-10 based, 1999+"
death,1976,cause_recode_358,STRING,,,,"ICD-10 based, 1999+"
death,1977,cause_recode_358,STRING,,,,"ICD-10 based, 1999+"
death,1978,cause_recode_358,STRING,,,,"ICD-10 based, 1999+"
death,1979,cause_recode_358,STRING,,,,"ICD-10 based, 1999+"
death,1980,cause_recode_358,STRING,,,,"ICD-10 based, 1999+"
death,1981,cause_recode_358,STRING,,,,"ICD-10 based, 1999+"
death,1982,cause_recode_358,STRING,,,,"ICD-10 based, 1999+"
death,1983,cause_recode_358,STRING,,,,"ICD-10 based, 1999+"
death,1984,cause_recode_358,STRING,,,,"ICD-10 based, 1999+"
death,1985,cause_recode_358,STRING,,,,"ICD-10 based, 1999+"
death,1986,cause_recode_358,STRING,,,,"ICD-10 based, 1999+"
death,1987,cause_recode_358,STRING,,,,"ICD-10 based, 1999+"
death,1988,cause_recode_358,STRING,,,,"ICD-10 based, 1999+"
death,1989,cause_recode_358,STRING,,,,"ICD-10 based, 1999+"
death,1990,cause_recode_358,STRING,,,,"ICD-10 based, 1999+"
death,1991,cause_recode_358,STRING,,,,"ICD-10 based, 1999+"
death,1992,cause_recode_358,STRING,,,,"ICD-10 based, 1999+"
death,1993,cause_recode_358,STRING,,,,"ICD-10 based, 1999+"
death,1994,cause_recode_358,STRING,,,,"ICD-10 based, 1999+"
death,1995,cause_recode_358,STRING,,,,"ICD-10 based, 1999+"
death,1996,cause_recode_358,STRING,,,,"ICD-10 based, 1999+"
death,1997,cause_recode_358,STRING,,,,"ICD-10 based, 1999+"
death,1998,cause_recode_358,STRING,,,,"ICD-10 based, 1999+"
death,1999,cause_recode_358,STRING,,ucr358,,"ICD-10 based, 1999+"
death,2000,cause_recode_358,STRING,,ucr358,,"ICD-10 based, 1999+"
death,2001,cause_recode_358,STRING,,ucr358,,"ICD-10 based, 1999+"
death,2002,cause_recode_358,STRING,,ucr358,,"ICD-10 based, 1999+"
death,2003,cause_recode_358,STRING,,ucr358,,"ICD-10 based, 1999+"
death,2004,cause_recode_358,STRING,,ucr358,,"ICD-10 based, 1999+"
death,2005,cause_recode_358,STRING,,ucr358,,"ICD-10 based, 1999+"
death,2006,cause_recode_358,STRING,,ucr358,,"ICD-10 based, 1999+"
death,2007,cause_recode_358,STRING,,ucr358,,"ICD-10 based, 1999+"
death,2008,cause_recode_358,STRING,,ucr358,,"ICD-10 based, 1999+"
death,2009,cause_recode_358,STRING,,ucr358,,"ICD-10 based, 1999+"
death,2010,cause_recode_358,STRING,,ucr358,,"ICD-10 based, 1999+"
death,2011,cause_recode_358,STRING,,ucr358,,"ICD-10 based, 1999+"
death,2012,cause_recode_358,STRING,,ucr358,,"ICD-10 based, 1999+"
death,2013,cause_recode_358,STRING,,ucr358,,"ICD-10 based, 1999+"
death,2014,cause_recode_358,STRING,,ucr358,,"ICD-10 based, 1999+"
death,2015,cause_recode_358,STRING,,ucr358,,"ICD-10 based, 1999+"
death,2016,cause_recode_358,STRING,,ucr358,,"ICD-10 based, 1999+"
death,2017,cause_recode_358,STRING,,ucr358,,"ICD-10 based, 1999+"
death,2018,cause_recode_358,STRING,,ucr358,,"ICD-10 based, 1999+"
death,2019,cause_recode_358,STRING,,ucr358,,"ICD-10 based, 1999+"
death,2020,cause_recode_358,STRING,,ucr358,,"ICD-10 based, 1999+"
death,2021,cause_recode_358,STRING,,ucr358,,"ICD-10 based, 1999+"
death,2022,cause_recode_358,STRING,,ucr358,,"ICD-10 based, 1999+"
death,2023,cause_recode_358,STRING,,ucr358,,"ICD-10 based, 1999+"
death,2024,cause_recode_358,STRING,,ucr358,,"ICD-10 based, 1999+"
death,1968,cause_recode_39,STRING,,,,1999+
death,1969,cause_recode_39,STRING,,,,1999+
death,1970,cause_recode_39,STRING,,,,1999+
death,1971,cause_recode_39,STRING,,,,1999+
death,1972,cause_recode_39,STRING,,,,1999+
death,1973,cause_recode_39,STRING,,,,1999+
death,1974,cause_recode_39,STRING,,,,1999+
death,1975,cause_recode_39,STRING,,,,1999+
death,1976,cause_recode_39,STRING,,,,1999+
death,1977,cause_recode_39,STRING,,,,1999+
death,1978,cause_recode_39,STRING,,,,1999+
death,1979,cause_recode_39,STRING,,,,1999+
death,1980,cause_recode_39,STRING,,,,1999+
death,1981,cause_recode_39,STRING,,,,1999+
death,1982,cause_recode_39,STRING,,,,1999+
death,1983,cause_recode_39,STRING,,,,1999+
death,1984,cause_recode_39,STRING,,,,1999+
death,1985,cause_recode_39,STRING,,,,1999+
death,1986,cause_recode_39,STRING,,,,1999+
death,1987,cause_recode_39,STRING,,,,1999+
death,1988,cause_recode_39,STRING,,,,1999+
death,1989,cause_recode_39,STRING,,,,1999+
death,1990,cause_recode_39,STRING,,,,1999+
death,1991,cause_recode_39,STRING,,,,1999+
death,1992,cause_recode_39,STRING,,,,1999+
death,1993,cause_recode_39,STRING,,,,1999+
death,1994,cause_recode_39,STRING,,,,1999+
death,1995,cause_recode_39,STRING,,,,1999+
death,1996,cause_recode_39,STRING,,,,1999+
death,1997,cause_recode_39,STRING,,,,1999+
death,1998,cause_recode_39,STRING,,,,1999+
death,1999,cause_recode_39,STRING,,ucr39,,1999+
death,2000,cause_recode_39,STRING,,ucr39,,1999+
death,2001,cause_recode_39,STRING,,ucr39,,1999+
death,2002,cause_recode_39,STRING,,ucr39,,1999+
death,2003,cause_recode_39,STRING,,ucr39,,1999+
death,2004,cause_recode_39,STRING,,ucr39,,1999+
death,2005,cause_recode_39,STRING,,ucr39,,1999+
death,2006,cause_recode_39,STRING,,ucr39,,1999+
death,2007,cause_recode_39,STRING,,ucr39,,1999+
death,2008,cause_recode_39,STRING,,ucr39,,1999+
death,2009,cause_recode_39,STRING,,ucr39,,1999+
death,2010,cause_recode_39,STRING,,ucr39,,1999+
death,2011,cause_recode_39,STRING,,ucr39,,1999+
death,2012,cause_recode_39,STRING,,ucr39,,1999+
death,2013,cause_recode_39,STRING,,ucr39,,1999+
death,2014,cause_recode_39,STRING,,ucr39,,1999+
death,2015,cause_recode_39,STRING,,ucr39,,1999+
death,2016,cause_recode_39,STRING,,ucr39,,1999+
death,2017,cause_recode_39,STRING,,ucr39,,1999+
death,2018,cause_recode_39,STRING,,ucr39,,1999+
death,2019,cause_recode_39,STRING,,ucr39,,1999+
death,2020,cause_recode_39,STRING,,ucr39,,1999+
death,2021,cause_recode_39,STRING,,ucr39,,1999+
death,2022,cause_recode_39,STRING,,ucr39,,1999+
death,2023,cause_recode_39,STRING,,ucr39,,1999+
death,2024,cause_recode_39,STRING,,ucr39,,1999+
death,1968,cause_recode_72,STRING,,,,"ICD-9 based, 1979-1998"
death,1969,cause_recode_72,STRING,,,,"ICD-9 based, 1979-1998"
death,1970,cause_recode_72,STRING,,,,"ICD-9 based, 1979-1998"
death,1971,cause_recode_72,STRING,,,,"ICD-9 based, 1979-1998"
death,1972,cause_recode_72,STRING,,,,"ICD-9 based, 1979-1998"
death,1973,cause_recode_72,STRING,,,,"ICD-9 based, 1979-1998"
death,1974,cause_recode_72,STRING,,,,"ICD-9 based, 1979-1998"
death,1975,cause_recode_72,STRING,,,,"ICD-9 based, 1979-1998"
death,1976,cause_recode_72,STRING,,,,"ICD-9 based, 1979-1998"
death,1977,cause_recode_72,STRING,,,,"ICD-9 based, 1979-1998"
death,1978,cause_recode_72,STRING,,,,"ICD-9 based, 1979-1998"
death,1979,cause_recode_72,STRING,,ucr72,,"ICD-9 based, 1979-1998"
death,1980,cause_recode_72,STRING,,ucr72,,"ICD-9 based, 1979-1998"
death,1981,cause_recode_72,STRING,,ucr72,,"ICD-9 based, 1979-1998"
death,1982,cause_recode_72,STRING,,ucr72,,"ICD-9 based, 1979-1998"
death,1983,cause_recode_72,STRING,,ucr72,,"ICD-9 based, 1979-1998"
death,1984,cause_recode_72,STRING,,ucr72,,"ICD-9 based, 1979-1998"
death,1985,cause_recode_72,STRING,,ucr72,,"ICD-9 based, 1979-1998"
death,1986,cause_recode_72,STRING,,ucr72,,"ICD-9 based, 1979-1998"
death,1987,cause_recode_72,STRING,,ucr72,,"ICD-9 based, 1979-1998"
death,1988,cause_recode_72,STRING,,ucr72,,"ICD-9 based, 1979-1998"
death,1989,cause_recode_72,STRING,,ucr72,,"ICD-9 based, 1979-1998"
death,1990,cause_recode_72,STRING,,ucr72,,"ICD-9 based, 1979-1998"
death,1991,cause_recode_72,STRING,,ucr72,,"ICD-9 based, 1979-1998"
death,1992,cause_recode_72,STRING,,ucr72,,"ICD-9 based, 1979-1998"
death,1993,cause_recode_72,STRING,,ucr72,,"ICD-9 based, 1979-1998"
death,1994,cause_recode_72,STRING,,ucr72,,"ICD-9 based, 1979-1998"
death,1995,cause_recode_72,STRING,,ucr72,,"ICD-9 based, 1979-1998"
death,1996,cause_recode_72,STRING,,ucr72,,"ICD-9 based, 1979-1998"
death,1997,cause_recode_72,STRING,,ucr72,,"ICD-9 based, 1979-1998"
death,1998,cause_recode_72,STRING,,ucr72,,"ICD-9 based, 1979-1998"
death,1999,cause_recode_72,STRING,,,,"ICD-9 based, 1979-1998"
death,2000,cause_recode_72,STRING,,,,"ICD-9 based, 1979-1998"
death,2001,cause_recode_72,STRING,,,,"ICD-9 based, 1979-1998"
death,2002,cause_recode_72,STRING,,,,"ICD-9 based, 1979-1998"
death,2003,cause_recode_72,STRING,,,,"ICD-9 based, 1979-1998"
death,2004,cause_recode_72,STRING,,,,"ICD-9 based, 1979-1998"
death,2005,cause_recode_72,STRING,,,,"ICD-9 based, 1979-1998"
death,2006,cause_recode_72,STRING,,,,"ICD-9 based, 1979-1998"
death,2007,cause_recode_72,STRING,,,,"ICD-9 based, 1979-1998"
death,2008,cause_recode_72,STRING,,,,"ICD-9 based, 1979-1998"
death,2009,cause_recode_72,STRING,,,,"ICD-9 based, 1979-1998"
death,2010,cause_recode_72,STRING,,,,"ICD-9 based, 1979-1998"
death,2011,cause_recode_72,STRING,,,,"ICD-9 based, 1979-1998"
death,2012,cause_recode_72,STRING,,,,"ICD-9 based, 1979-1998"
death,2013,cause_recode_72,STRING,,,,"ICD-9 based, 1979-1998"
death,2014,cause_recode_72,STRING,,,,"ICD-9 based, 1979-1998"
death,2015,cause_recode_72,STRING,,,,"ICD-9 based, 1979-1998"
death,2016,cause_recode_72,STRING,,,,"ICD-9 based, 1979-1998"
death,2017,cause_recode_72,STRING,,,,"ICD-9 based, 1979-1998"
death,2018,cause_recode_72,STRING,,,,"ICD-9 based, 1979-1998"
death,2019,cause_recode_72,STRING,,,,"ICD-9 based, 1979-1998"
death,2020,cause_recode_72,STRING,,,,"ICD-9 based, 1979-1998"
death,2021,cause_recode_72,STRING,,,,"ICD-9 based, 1979-1998"
death,2022,cause_recode_72,STRING,,,,"ICD-9 based, 1979-1998"
death,2023,cause_recode_72,STRING,,,,"ICD-9 based, 1979-1998"
death,2024,cause_recode_72,STRING,,,,"ICD-9 based, 1979-1998"
death,1968,record_axis_condition_count,INT64,,ranum,,number of record-axis conditions
death,1969,record_axis_condition_count,INT64,,ranum,,number of record-axis conditions
death,1970,record_axis_condition_count,INT64,,ranum,,number of record-axis conditions
death,1971,record_axis_condition_count,INT64,,ranum,,number of record-axis conditions
death,1972,record_axis_condition_count,INT64,,ranum,,number of record-axis conditions
death,1973,record_axis_condition_count,INT64,,ranum,,number of record-axis conditions
death,1974,record_axis_condition_count,INT64,,ranum,,number of record-axis conditions
death,1975,record_axis_condition_count,INT64,,ranum,,number of record-axis conditions
death,1976,record_axis_condition_count,INT64,,ranum,,number of record-axis conditions
death,1977,record_axis_condition_count,INT64,,ranum,,number of record-axis conditions
death,1978,record_axis_condition_count,INT64,,ranum,,number of record-axis conditions
death,1979,record_axis_condition_count,INT64,,ranum,,number of record-axis conditions
death,1980,record_axis_condition_count,INT64,,ranum,,number of record-axis conditions
death,1981,record_axis_condition_count,INT64,,ranum,,number of record-axis conditions
death,1982,record_axis_condition_count,INT64,,ranum,,number of record-axis conditions
death,1983,record_axis_condition_count,INT64,,ranum,,number of record-axis conditions
death,1984,record_axis_condition_count,INT64,,ranum,,number of record-axis conditions
death,1985,record_axis_condition_count,INT64,,ranum,,number of record-axis conditions
death,1986,record_axis_condition_count,INT64,,ranum,,number of record-axis conditions
death,1987,record_axis_condition_count,INT64,,ranum,,number of record-axis conditions
death,1988,record_axis_condition_count,INT64,,ranum,,number of record-axis conditions
death,1989,record_axis_condition_count,INT64,,ranum,,number of record-axis conditions
death,1990,record_axis_condition_count,INT64,,ranum,,number of record-axis conditions
death,1991,record_axis_condition_count,INT64,,ranum,,number of record-axis conditions
death,1992,record_axis_condition_count,INT64,,ranum,,number of record-axis conditions
death,1993,record_axis_condition_count,INT64,,ranum,,number of record-axis conditions
death,1994,record_axis_condition_count,INT64,,ranum,,number of record-axis conditions
death,1995,record_axis_condition_count,INT64,,ranum,,number of record-axis conditions
death,1996,record_axis_condition_count,INT64,,ranum,,number of record-axis conditions
death,1997,record_axis_condition_count,INT64,,ranum,,number of record-axis conditions
death,1998,record_axis_condition_count,INT64,,ranum,,number of record-axis conditions
death,1999,record_axis_condition_count,INT64,,ranum,,number of record-axis conditions
death,2000,record_axis_condition_count,INT64,,ranum,,number of record-axis conditions
death,2001,record_axis_condition_count,INT64,,,,number of record-axis conditions
death,2002,record_axis_condition_count,INT64,,ranum,,number of record-axis conditions
death,2003,record_axis_condition_count,INT64,,ranum,,number of record-axis conditions
death,2004,record_axis_condition_count,INT64,,ranum,,number of record-axis conditions
death,2005,record_axis_condition_count,INT64,,ranum,,number of record-axis conditions
death,2006,record_axis_condition_count,INT64,,ranum,,number of record-axis conditions
death,2007,record_axis_condition_count,INT64,,ranum,,number of record-axis conditions
death,2008,record_axis_condition_count,INT64,,ranum,,number of record-axis conditions
death,2009,record_axis_condition_count,INT64,,ranum,,number of record-axis conditions
death,2010,record_axis_condition_count,INT64,,ranum,,number of record-axis conditions
death,2011,record_axis_condition_count,INT64,,ranum,,number of record-axis conditions
death,2012,record_axis_condition_count,INT64,,ranum,,number of record-axis conditions
death,2013,record_axis_condition_count,INT64,,ranum,,number of record-axis conditions
death,2014,record_axis_condition_count,INT64,,ranum,,number of record-axis conditions
death,2015,record_axis_condition_count,INT64,,ranum,,number of record-axis conditions
death,2016,record_axis_condition_count,INT64,,ranum,,number of record-axis conditions
death,2017,record_axis_condition_count,INT64,,ranum,,number of record-axis conditions
death,2018,record_axis_condition_count,INT64,,ranum,,number of record-axis conditions
death,2019,record_axis_condition_count,INT64,,ranum,,number of record-axis conditions
death,2020,record_axis_condition_count,INT64,,ranum,,number of record-axis conditions
death,2021,record_axis_condition_count,INT64,,ranum,,number of record-axis conditions
death,2022,record_axis_condition_count,INT64,,ranum,,number of record-axis conditions
death,2023,record_axis_condition_count,INT64,,ranum,,number of record-axis conditions
death,2024,record_axis_condition_count,INT64,,ranum,,number of record-axis conditions
death,1968,autopsy,STRING,,autopsy,,
death,1969,autopsy,STRING,,autopsy,,
death,1970,autopsy,STRING,,autopsy,,
death,1971,autopsy,STRING,,autopsy,,
death,1972,autopsy,STRING,,autopsy,,
death,1973,autopsy,STRING,,autopsy,,
death,1974,autopsy,STRING,,autopsy,,
death,1975,autopsy,STRING,,autopsy,,
death,1976,autopsy,STRING,,autopsy,,
death,1977,autopsy,STRING,,autopsy,,
death,1978,autopsy,STRING,,autopsy,,
death,1979,autopsy,STRING,,autopsy,,
death,1980,autopsy,STRING,,autopsy,,
death,1981,autopsy,STRING,,autopsy,,
death,1982,autopsy,STRING,,autopsy,,
death,1983,autopsy,STRING,,autopsy,,
death,1984,autopsy,STRING,,autopsy,,
death,1985,autopsy,STRING,,autopsy,,
death,1986,autopsy,STRING,,autopsy,,
death,1987,autopsy,STRING,,autopsy,,
death,1988,autopsy,STRING,,autopsy,,
death,1989,autopsy,STRING,,autopsy,,
death,1990,autopsy,STRING,,autopsy,,
death,1991,autopsy,STRING,,autopsy,,
death,1992,autopsy,STRING,,autopsy,,
death,1993,autopsy,STRING,,autopsy,,
death,1994,autopsy,STRING,,autopsy,,
death,1995,autopsy,STRING,,,,
death,1996,autopsy,STRING,,,,
death,1997,autopsy,STRING,,,,
death,1998,autopsy,STRING,,,,
death,1999,autopsy,STRING,,,,
death,2000,autopsy,STRING,,,,
death,2001,autopsy,STRING,,,,
death,2002,autopsy,STRING,,,,
death,2003,autopsy,STRING,,autopsy,,
death,2004,autopsy,STRING,,autopsy,,
death,2005,autopsy,STRING,,autopsy,,
death,2006,autopsy,STRING,,autopsy,,
death,2007,autopsy,STRING,,autopsy,,
death,2008,autopsy,STRING,,autopsy,,
death,2009,autopsy,STRING,,autopsy,,
death,2010,autopsy,STRING,,autopsy,,
death,2011,autopsy,STRING,,autopsy,,
death,2012,autopsy,STRING,,autopsy,,
death,2013,autopsy,STRING,,autopsy,,
death,2014,autopsy,STRING,,autopsy,,
death,2015,autopsy,STRING,,autopsy,,
death,2016,autopsy,STRING,,autopsy,,
death,2017,autopsy,STRING,,autopsy,,
death,2018,autopsy,STRING,,autopsy,,
death,2019,autopsy,STRING,,autopsy,,
death,2020,autopsy,STRING,,autopsy,,
death,2021,autopsy,STRING,,autopsy,,
death,2022,autopsy,STRING,,autopsy,,
death,2023,autopsy,STRING,,autopsy,,
death,2024,autopsy,STRING,,autopsy,,
death,1968,injury_at_work,STRING,,,,1993+
death,1969,injury_at_work,STRING,,,,1993+
death,1970,injury_at_work,STRING,,,,1993+
death,1971,injury_at_work,STRING,,,,1993+
death,1972,injury_at_work,STRING,,,,1993+
death,1973,injury_at_work,STRING,,,,1993+
death,1974,injury_at_work,STRING,,,,1993+
death,1975,injury_at_work,STRING,,,,1993+
death,1976,injury_at_work,STRING,,,,1993+
death,1977,injury_at_work,STRING,,,,1993+
death,1978,injury_at_work,STRING,,,,1993+
death,1979,injury_at_work,STRING,,,,1993+
death,1980,injury_at_work,STRING,,,,1993+
death,1981,injury_at_work,STRING,,,,1993+
death,1982,injury_at_work,STRING,,,,1993+
death,1983,injury_at_work,STRING,,,,1993+
death,1984,injury_at_work,STRING,,,,1993+
death,1985,injury_at_work,STRING,,,,1993+
death,1986,injury_at_work,STRING,,,,1993+
death,1987,injury_at_work,STRING,,,,1993+
death,1988,injury_at_work,STRING,,,,1993+
death,1989,injury_at_work,STRING,,,,1993+
death,1990,injury_at_work,STRING,,,,1993+
death,1991,injury_at_work,STRING,,,,1993+
death,1992,injury_at_work,STRING,,,,1993+
death,1993,injury_at_work,STRING,,injwork,,1993+
death,1994,injury_at_work,STRING,,injwork,,1993+
death,1995,injury_at_work,STRING,,injwork,,1993+
death,1996,injury_at_work,STRING,,injwork,,1993+
death,1997,injury_at_work,STRING,,injwork,,1993+
death,1998,injury_at_work,STRING,,injwork,,1993+
death,1999,injury_at_work,STRING,,injwork,,1993+
death,2000,injury_at_work,STRING,,injwork,,1993+
death,2001,injury_at_work,STRING,,injwork,,1993+
death,2002,injury_at_work,STRING,,injwork,,1993+
death,2003,injury_at_work,STRING,,injwork,,1993+
death,2004,injury_at_work,STRING,,injwork,,1993+
death,2005,injury_at_work,STRING,,injwork,,1993+
death,2006,injury_at_work,STRING,,injwork,,1993+
death,2007,injury_at_work,STRING,,injwork,,1993+
death,2008,injury_at_work,STRING,,injwork,,1993+
death,2009,injury_at_work,STRING,,injwork,,1993+
death,2010,injury_at_work,STRING,,injwork,,1993+
death,2011,injury_at_work,STRING,,injwork,,1993+
death,2012,injury_at_work,STRING,,injwork,,1993+
death,2013,injury_at_work,STRING,,injwork,,1993+
death,2014,injury_at_work,STRING,,injwork,,1993+
death,2015,injury_at_work,STRING,,injwork,,1993+
death,2016,injury_at_work,STRING,,injwork,,1993+
death,2017,injury_at_work,STRING,,injwork,,1993+
death,2018,injury_at_work,STRING,,injwork,,1993+
death,2019,injury_at_work,STRING,,injwork,,1993+
death,2020,injury_at_work,STRING,,injwork,,1993+
death,2021,injury_at_work,STRING,,injwork,,1993+
death,2022,injury_at_work,STRING,,injwork,,1993+
death,2023,injury_at_work,STRING,,injwork,,1993+
death,2024,injury_at_work,STRING,,injwork,,1993+
death,1968,manner_of_death,STRING,,,,
death,1969,manner_of_death,STRING,,,,
death,1970,manner_of_death,STRING,,,,
death,1971,manner_of_death,STRING,,,,
death,1972,manner_of_death,STRING,,,,
death,1973,manner_of_death,STRING,,,,
death,1974,manner_of_death,STRING,,,,
death,1975,manner_of_death,STRING,,,,
death,1976,manner_of_death,STRING,,,,
death,1977,manner_of_death,STRING,,,,
death,1978,manner_of_death,STRING,,,,
death,1979,manner_of_death,STRING,,,,
death,1980,manner_of_death,STRING,,,,
death,1981,manner_of_death,STRING,,,,
death,1982,manner_of_death,STRING,,,,
death,1983,manner_of_death,STRING,,,,
death,1984,manner_of_death,STRING,,,,
death,1985,manner_of_death,STRING,,,,
death,1986,manner_of_death,STRING,,,,
death,1987,manner_of_death,STRING,,,,
death,1988,manner_of_death,STRING,,,,
death,1989,manner_of_death,STRING,,,,
death,1990,manner_of_death,STRING,,,,
death,1991,manner_of_death,STRING,,,,
death,1992,manner_of_death,STRING,,,,
death,1993,manner_of_death,STRING,,,,
death,1994,manner_of_death,STRING,,,,
death,1995,manner_of_death,STRING,,,,
death,1996,manner_of_death,STRING,,,,
death,1997,manner_of_death,STRING,,,,
death,1998,manner_of_death,STRING,,,,
death,1999,manner_of_death,STRING,,,,
death,2000,manner_of_death,STRING,,,,
death,2001,manner_of_death,STRING,,,,
death,2002,manner_of_death,STRING,,,,
death,2003,manner_of_death,STRING,,,,
death,2004,manner_of_death,STRING,,,,
death,2005,manner_of_death,STRING,,,,
death,2006,manner_of_death,STRING,,,,
death,2007,manner_of_death,STRING,,,,
death,2008,manner_of_death,STRING,,,,
death,2009,manner_of_death,STRING,,,,
death,2010,manner_of_death,STRING,,,,
death,2011,manner_of_death,STRING,,,,
death,2012,manner_of_death,STRING,,,,
death,2013,manner_of_death,STRING,,,,
death,2014,manner_of_death,STRING,,,,
death,2015,manner_of_death,STRING,,,,
death,2016,manner_of_death,STRING,,,,
death,2017,manner_of_death,STRING,,,,
death,2018,manner_of_death,STRING,,,,
death,2019,manner_of_death,STRING,,,,
death,2020,manner_of_death,STRING,,,,
death,2021,manner_of_death,STRING,,,,
death,2022,manner_of_death,STRING,,,,
death,2023,manner_of_death,STRING,,,,
death,2024,manner_of_death,STRING,,,,
